trip_id,subscriber_type,bike_id,bike_type,start_time,start_station_id,start_station_name,end_station_id,end_station_name,duration_minutes
26599763,Pay-as-you-ride,21707,electric,6/5/2022 14:19:39,4051,10th/Red River,4051,10th/Red River,195
26742903,3-Day Weekender,17460,electric,23/5/2022 16:24:46,4051,10th/Red River,4051,10th/Red River,2
26599923,Pay-as-you-ride,19453,electric,6/5/2022 14:37:41,4051,10th/Red River,4051,10th/Red River,178
26701683,Local31,21772,electric,17/5/2022 22:50:29,4051,10th/Red River,4051,10th/Red River,4
26788653,Pay-as-you-ride,21740,electric,29/5/2022 19:41:40,4051,10th/Red River,4051,10th/Red River,31
26742937,3-Day Weekender,17460,electric,23/5/2022 16:28:34,4051,10th/Red River,4051,10th/Red River,35
26742936,3-Day Weekender,18726,electric,23/5/2022 16:28:33,4051,10th/Red River,4051,10th/Red River,35
26648461,Student Membership,22599,electric,12/5/2022 9:38:57,4051,10th/Red River,4051,10th/Red River,2
26599753,Pay-as-you-ride,21691,electric,6/5/2022 14:18:39,4051,10th/Red River,4051,10th/Red River,3
26124027,Local31,21419,electric,6/3/2022 21:51:17,4051,10th/Red River,4051,10th/Red River,52
26254020,Single Trip (Pay-as-you-ride),226,classic,26/3/2022 22:47:08,4051,10th/Red River,4051,10th/Red River,38
26254013,Single Trip (Pay-as-you-ride),1703,classic,26/3/2022 22:46:37,4051,10th/Red River,4051,10th/Red River,39
26124026,Pay-as-you-ride,21740,electric,6/3/2022 21:50:56,4051,10th/Red River,4051,10th/Red River,3
26163419,Pay-as-you-ride,19221,electric,14/3/2022 21:31:48,4051,10th/Red River,4051,10th/Red River,2
26168832,Explorer,21428,electric,15/3/2022 17:04:59,4051,10th/Red River,4051,10th/Red River,33
26124031,Pay-as-you-ride,21516,electric,6/3/2022 21:53:49,4051,10th/Red River,4051,10th/Red River,50
26253986,Single Trip (Pay-as-you-ride),019G,classic,26/3/2022 22:41:56,4051,10th/Red River,4051,10th/Red River,44
26363471,3-Day Weekender,19285,electric,9/4/2022 18:33:15,4051,10th/Red River,4051,10th/Red River,3
26423542,Student Membership,1641,classic,16/4/2022 19:42:03,4051,10th/Red River,4051,10th/Red River,29
26466475,Local365,12727,classic,21/4/2022 20:43:06,4051,10th/Red River,4051,10th/Red River,806
27313573,24 Hour Walk Up Pass,21454,electric,27/7/2022 19:02:38,4051,10th/Red River,4051,10th/Red River,48
27313577,24 Hour Walk Up Pass,21718,electric,27/7/2022 19:02:55,4051,10th/Red River,4051,10th/Red River,48
27127563,Local31,19935,electric,8/7/2022 5:33:41,4051,10th/Red River,4051,10th/Red River,42
27528286,Single Trip (Pay-as-you-ride),21422,electric,20/8/2022 14:03:38,4051,10th/Red River,4051,10th/Red River,102
27497723,Local365,21654,electric,17/8/2022 17:04:01,4051,10th/Red River,4051,10th/Red River,5
27561028,Local31,19221,electric,23/8/2022 11:44:05,4051,10th/Red River,4051,10th/Red River,26
27770713,Local31,18101,electric,9/9/2022 15:47:40,4051,10th/Red River,4051,10th/Red River,32
28005953,Local31,19280,electric,28/9/2022 18:55:34,4051,10th/Red River,4051,10th/Red River,26
27838885,Explorer,22461,electric,15/9/2022 12:52:31,4051,10th/Red River,4051,10th/Red River,129
28005975,Pay-as-you-ride,21703,electric,28/9/2022 18:57:06,4051,10th/Red River,4051,10th/Red River,24
28009922,Local31,19418,electric,29/9/2022 9:51:05,4051,10th/Red River,4051,10th/Red River,33
27838907,Explorer,19849,electric,15/9/2022 12:53:56,4051,10th/Red River,4051,10th/Red River,128
27695328,3-Day Weekender,22470,electric,3/9/2022 16:23:59,4051,10th/Red River,4051,10th/Red River,3
27875113,Student Membership,19418,electric,17/9/2022 22:44:57,4051,10th/Red River,4051,10th/Red River,600
28181257,Local31,829,classic,13/10/2022 14:42:31,4051,10th/Red River,4051,10th/Red River,13
28344994,Explorer,996,classic,29/10/2022 16:01:27,4051,10th/Red River,4051,10th/Red River,129
28344996,Explorer,21739,electric,29/10/2022 16:01:30,4051,10th/Red River,4051,10th/Red River,131
28422114,3-Day Weekender,21884,electric,7/11/2022 7:12:17,4051,10th/Red River,,10th/Red River,45
28422120,3-Day Weekender,21806,electric,7/11/2022 7:13:57,4051,10th/Red River,,10th/Red River,44
28392541,Explorer,21688,electric,3/11/2022 13:19:42,4051,10th/Red River,,10th/Red River,75
28557502,Pay-as-you-ride,21742,electric,30/11/2022 15:10:00,4051,10th/Red River,,10th/Red River,43
28535405,Student Membership,21508,electric,26/11/2022 17:35:21,4051,10th/Red River,,10th/Red River,54
28574222,3-Day Weekender,21426,electric,3/12/2022 11:47:29,4051,10th/Red River,4051,10th/Red River,6
23706248,Explorer,19935,electric,24/3/2021 14:37:53,4051,10th/Red River,4051,10th/Red River,22
23636258,Pay-as-you-ride,220,classic,14/3/2021 10:06:40,4051,10th/Red River,4051,10th/Red River,23
23585266,24 Hour Walk Up Pass,1524,classic,5/3/2021 18:10:43,4051,10th/Red River,4051,10th/Red River,66
23638613,Single Trip (Pay-as-you-ride),1524,classic,14/3/2021 16:12:18,4051,10th/Red River,4051,10th/Red River,2
23858333,Single Trip (Pay-as-you-ride),341,classic,12/4/2021 14:31:34,4051,10th/Red River,4051,10th/Red River,106
23858341,Single Trip (Pay-as-you-ride),21826,electric,12/4/2021 14:32:50,4051,10th/Red River,4051,10th/Red River,104
23885305,Single Trip (Pay-as-you-ride),21454,electric,17/4/2021 3:21:04,4051,10th/Red River,4051,10th/Red River,20
23864737,Local31,21699,electric,13/4/2021 15:07:17,4051,10th/Red River,4051,10th/Red River,32
24145452,Local31,19706,electric,22/5/2021 18:24:19,4051,10th/Red River,4051,10th/Red River,2
24191969,24 Hour Walk Up Pass,19355,electric,29/5/2021 13:35:19,4051,10th/Red River,4051,10th/Red River,40
23987976,3-Day Weekender,21650,electric,1/5/2021 12:19:59,4051,10th/Red River,4051,10th/Red River,3
24191923,24 Hour Walk Up Pass,18329,electric,29/5/2021 13:32:41,4051,10th/Red River,4051,10th/Red River,44
24191914,24 Hour Walk Up Pass,19271,electric,29/5/2021 13:31:51,4051,10th/Red River,4051,10th/Red River,3
24409574,Local31,19517,electric,24/6/2021 12:52:50,4051,10th/Red River,4051,10th/Red River,11
24372012,24 Hour Walk Up Pass,18329,electric,19/6/2021 17:19:28,4051,10th/Red River,4051,10th/Red River,34
24421729,Single Trip (Pay-as-you-ride),1687,classic,26/6/2021 2:39:35,4051,10th/Red River,4051,10th/Red River,344
24259293,Pay-as-you-ride,16881,electric,6/6/2021 9:46:58,4051,10th/Red River,4051,10th/Red River,4
24372002,24 Hour Walk Up Pass,18101,electric,19/6/2021 17:18:22,4051,10th/Red River,4051,10th/Red River,34
24436579,Local31,19442,electric,27/6/2021 18:26:32,4051,10th/Red River,4051,10th/Red River,32
24421728,Single Trip (Pay-as-you-ride),123,classic,26/6/2021 2:39:29,4051,10th/Red River,4051,10th/Red River,344
24436590,Local31,19355,electric,27/6/2021 18:27:15,4051,10th/Red River,4051,10th/Red River,31
24421722,Single Trip (Pay-as-you-ride),19517,electric,26/6/2021 2:36:43,4051,10th/Red River,4051,10th/Red River,347
24259315,Pay-as-you-ride,21514,electric,6/6/2021 9:50:43,4051,10th/Red River,4051,10th/Red River,154
24320208,3-Day Weekender,19271,electric,13/6/2021 10:40:57,4051,10th/Red River,4051,10th/Red River,2
24483560,Local31,21465,electric,3/7/2021 19:05:08,4051,10th/Red River,4051,10th/Red River,18
24548685,Explorer,19583,electric,11/7/2021 11:25:59,4051,10th/Red River,4051,10th/Red River,2
24595273,Single Trip (Pay-as-you-ride),88,classic,17/7/2021 2:47:13,4051,10th/Red River,4051,10th/Red River,27
24595274,Single Trip (Pay-as-you-ride),547,classic,17/7/2021 2:47:24,4051,10th/Red River,4051,10th/Red River,28
24595276,Single Trip (Pay-as-you-ride),685,classic,17/7/2021 2:47:34,4051,10th/Red River,4051,10th/Red River,27
24595278,Single Trip (Pay-as-you-ride),993,classic,17/7/2021 2:47:47,4051,10th/Red River,4051,10th/Red River,28
24608914,Pay-as-you-ride,19432,electric,18/7/2021 12:40:48,4051,10th/Red River,4051,10th/Red River,47
24666266,Single Trip (Pay-as-you-ride),88,classic,24/7/2021 23:54:53,4051,10th/Red River,4051,10th/Red River,481
24496629,Single Trip (Pay-as-you-ride),996,classic,4/7/2021 23:03:48,4051,10th/Red River,4051,10th/Red River,76
24633666,Local31,19602,electric,21/7/2021 12:17:48,4051,10th/Red River,4051,10th/Red River,24
24496631,Single Trip (Pay-as-you-ride),878,classic,4/7/2021 23:03:59,4051,10th/Red River,4051,10th/Red River,76
24608905,Pay-as-you-ride,19163,electric,18/7/2021 12:40:08,4051,10th/Red River,4051,10th/Red River,47
24608916,Pay-as-you-ride,21816,electric,18/7/2021 12:40:59,4051,10th/Red River,4051,10th/Red River,47
24496722,Single Trip (Pay-as-you-ride),21628,electric,4/7/2021 23:20:39,4051,10th/Red River,4051,10th/Red River,13
24608910,Pay-as-you-ride,21703,electric,18/7/2021 12:40:26,4051,10th/Red River,4051,10th/Red River,47
24624696,Single Trip (Pay-as-you-ride),21679,electric,20/7/2021 12:50:23,4051,10th/Red River,4051,10th/Red River,9
24633681,Local31,21859,electric,21/7/2021 12:19:30,4051,10th/Red River,4051,10th/Red River,22
24496635,Single Trip (Pay-as-you-ride),685,classic,4/7/2021 23:04:09,4051,10th/Red River,4051,10th/Red River,74
24496735,Single Trip (Pay-as-you-ride),993,classic,4/7/2021 23:22:53,4051,10th/Red River,4051,10th/Red River,11
24764101,Local31,19682,electric,6/8/2021 9:15:41,4051,10th/Red River,4051,10th/Red River,2
24791988,Pay-as-you-ride,88,classic,9/8/2021 14:21:27,4051,10th/Red River,4051,10th/Red River,2
24771807,Single Trip (Pay-as-you-ride),84,classic,7/8/2021 2:05:29,4051,10th/Red River,4051,10th/Red River,2
24825704,24 Hour Walk Up Pass,547,classic,14/8/2021 0:23:46,4051,10th/Red River,4051,10th/Red River,23
24771792,Single Trip (Pay-as-you-ride),2205,classic,7/8/2021 2:01:28,4051,10th/Red River,4051,10th/Red River,7
24955696,3-Day Weekender,2205,classic,28/8/2021 0:22:25,4051,10th/Red River,4051,10th/Red River,2
24966103,Single Trip (Pay-as-you-ride),2077,classic,28/8/2021 20:58:29,4051,10th/Red River,4051,10th/Red River,3
25230089,Single Trip (Pay-as-you-ride),202G,classic,24/9/2021 22:28:04,4051,10th/Red River,4051,10th/Red River,69
25043932,Single Trip (Pay-as-you-ride),62,classic,5/9/2021 19:03:06,4051,10th/Red River,4051,10th/Red River,29
25044015,Single Trip (Pay-as-you-ride),514,classic,5/9/2021 19:06:56,4051,10th/Red River,4051,10th/Red River,26
25145053,Local31,1687,classic,15/9/2021 23:07:36,4051,10th/Red River,4051,10th/Red River,4
25230096,Single Trip (Pay-as-you-ride),2077,classic,24/9/2021 22:29:49,4051,10th/Red River,4051,10th/Red River,63
25230099,Single Trip (Pay-as-you-ride),342,classic,24/9/2021 22:31:01,4051,10th/Red River,4051,10th/Red River,725
25230058,Single Trip (Pay-as-you-ride),1531,classic,24/9/2021 22:21:52,4051,10th/Red River,4051,10th/Red River,76
25305815,Pay-as-you-ride,18971,electric,3/10/2021 0:10:18,4051,10th/Red River,4051,10th/Red River,101
25365609,24 Hour Walk Up Pass,14261,classic,9/10/2021 16:52:37,4051,10th/Red River,4051,10th/Red River,255
25551926,Pay-as-you-ride,21458,electric,30/10/2021 18:01:51,4051,10th/Red River,4051,10th/Red River,13
25365529,Pay-as-you-ride,517,classic,9/10/2021 16:45:17,4051,10th/Red River,4051,10th/Red River,8
25299640,Pay-as-you-ride,342,classic,2/10/2021 14:19:20,4051,10th/Red River,4051,10th/Red River,86
25305811,Pay-as-you-ride,21767,electric,3/10/2021 0:10:01,4051,10th/Red River,4051,10th/Red River,100
25512835,Pay-as-you-ride,21876,electric,25/10/2021 8:26:17,4051,10th/Red River,4051,10th/Red River,122
25628207,Explorer,19078,electric,10/11/2021 19:16:09,4051,10th/Red River,4051,10th/Red River,125
25707860,Local365,14251,classic,24/11/2021 10:45:03,4051,10th/Red River,4051,10th/Red River,3
25628175,Explorer,84,classic,10/11/2021 19:11:42,4051,10th/Red River,4051,10th/Red River,4
25862981,Local31,300G,classic,29/12/2021 18:30:04,4051,10th/Red River,4051,10th/Red River,18
25823985,Explorer,166,classic,18/12/2021 13:25:18,4051,10th/Red River,4051,10th/Red River,204
25823567,Student Membership,514,classic,18/12/2021 10:19:38,4051,10th/Red River,4051,10th/Red River,3
25759195,Local365,21528,electric,4/12/2021 13:08:50,4051,10th/Red River,4051,10th/Red River,73
25823981,Explorer,514,classic,18/12/2021 13:24:41,4051,10th/Red River,4051,10th/Red River,205
25994286,Explorer,19328,electric,8/2/2022 16:20:55,4051,10th/Red River,4051,10th/Red River,43
26061130,Pay-as-you-ride,183,classic,21/2/2022 17:48:33,4051,10th/Red River,4051,10th/Red River,4
25994294,Explorer,343,classic,8/2/2022 16:21:21,4051,10th/Red River,4051,10th/Red River,42
25994288,Explorer,396,classic,8/2/2022 16:21:05,4051,10th/Red River,4051,10th/Red River,42
26076383,Pay-as-you-ride,19328,electric,27/2/2022 10:09:14,4051,10th/Red River,4051,10th/Red River,45
25994290,Explorer,407,classic,8/2/2022 16:21:13,4051,10th/Red River,4051,10th/Red River,42
26860275,3-Day Weekender,21886,electric,7/6/2022 19:17:44,4051,10th/Red River,4051,10th/Red River,3
26843139,Local365,21886,electric,5/6/2022 14:31:42,4051,10th/Red River,4051,10th/Red River,50
26653750,Local31,22599,electric,12/5/2022 18:10:57,4051,10th/Red River,4051,10th/Red River,910
26648667,Local365,21535,electric,12/5/2022 10:00:59,2497,11th/Congress @ The Texas Capitol,4051,10th/Red River,220
26165200,Local31,19583,electric,15/3/2022 11:35:25,2497,11th/Congress @ The Texas Capitol,4051,10th/Red River,85
27518727,3-Day Weekender,21422,electric,19/8/2022 16:10:33,2497,11th/Congress @ The Texas Capitol,4051,10th/Red River,4
27520493,3-Day Weekender,21630,electric,19/8/2022 18:32:50,2497,11th/Congress @ The Texas Capitol,4051,10th/Red River,4
27520496,3-Day Weekender,21422,electric,19/8/2022 18:32:59,2497,11th/Congress @ The Texas Capitol,4051,10th/Red River,4
27678071,Local31,21884,electric,2/9/2022 9:38:16,2497,11th/Congress @ The Texas Capitol,4051,10th/Red River,5
27860862,Local365,19775,electric,16/9/2022 21:48:00,2497,11th/Congress @ The Texas Capitol,4051,10th/Red River,2
27678068,3-Day Weekender,21543,electric,2/9/2022 9:37:46,2497,11th/Congress @ The Texas Capitol,4051,10th/Red River,5
28274722,3-Day Weekender,21458,electric,22/10/2022 14:25:41,2497,11th/Congress @ The Texas Capitol,4051,10th/Red River,16
28274716,3-Day Weekender,21789,electric,22/10/2022 14:25:19,2497,11th/Congress @ The Texas Capitol,4051,10th/Red River,16
28187762,Local31,21630,electric,14/10/2022 8:58:17,2497,11th/Congress @ The Texas Capitol,4051,10th/Red River,53
28274674,24 Hour Walk Up Pass,21751,electric,22/10/2022 14:22:41,2497,11th/Congress @ The Texas Capitol,4051,10th/Red River,19
28425595,Local31,18564,electric,7/11/2022 13:25:34,2497,11th/Congress @ The Texas Capitol,,10th/Red River,46
28591420,Explorer,16410,electric,5/12/2022 23:31:32,2497,11th/Congress @ The Texas Capitol,4051,10th/Red River,23
28597689,Student Membership,16333,electric,6/12/2022 21:12:51,2497,11th/Congress @ The Texas Capitol,4051,10th/Red River,4
28593188,Explorer,21419,electric,6/12/2022 11:40:20,2497,11th/Congress @ The Texas Capitol,4051,10th/Red River,41
23609708,Local31,19198,electric,9/3/2021 14:41:05,2497,11th/Congress @ The Texas Capitol,4051,10th/Red River,10
24423653,Local31,19442,electric,26/6/2021 11:46:07,2497,11th/Congress @ The Texas Capitol,4051,10th/Red River,2
24485618,Local31,21628,electric,3/7/2021 23:15:56,2497,11th/Congress @ The Texas Capitol,4051,10th/Red River,3
24558446,Local31,16936,electric,12/7/2021 12:41:30,2497,11th/Congress @ The Texas Capitol,4051,10th/Red River,5
24710421,Local31,21733,electric,30/7/2021 17:05:39,2497,11th/Congress @ The Texas Capitol,4051,10th/Red River,6
24558455,Local31,21668,electric,12/7/2021 12:42:12,2497,11th/Congress @ The Texas Capitol,4051,10th/Red River,4
24635618,Single Trip (Pay-as-you-ride),2205,classic,21/7/2021 16:09:49,2497,11th/Congress @ The Texas Capitol,4051,10th/Red River,7
25203474,Local31,19194,electric,22/9/2021 2:32:39,2497,11th/Congress @ The Texas Capitol,4051,10th/Red River,26
25440033,3-Day Weekender,19631,electric,16/10/2021 19:49:11,2497,11th/Congress @ The Texas Capitol,4051,10th/Red River,30
25440012,3-Day Weekender,21508,electric,16/10/2021 19:47:04,2497,11th/Congress @ The Texas Capitol,4051,10th/Red River,32
25440003,3-Day Weekender,19198,electric,16/10/2021 19:46:27,2497,11th/Congress @ The Texas Capitol,4051,10th/Red River,33
25487553,Local31,21742,electric,22/10/2021 10:44:19,2497,11th/Congress @ The Texas Capitol,4051,10th/Red River,3
25993406,Explorer,19328,electric,8/2/2022 14:14:41,2497,11th/Congress @ The Texas Capitol,4051,10th/Red River,5
26953124,Explorer,19148,electric,18/6/2022 19:44:46,2497,11th/Congress @ The Texas Capitol,4051,10th/Red River,77
26953238,Single Trip (Pay-as-you-ride),16288,electric,18/6/2022 19:54:13,2497,11th/Congress @ The Texas Capitol,4051,10th/Red River,67
26782240,Single Trip (Pay-as-you-ride),650,classic,29/5/2022 10:14:18,4055,11th/Salina ,4051,10th/Red River,12
26107348,Local365,19274,electric,4/3/2022 14:47:16,4055,11th/Salina ,4051,10th/Red River,41
26163290,3-Day Weekender,19221,electric,14/3/2022 20:57:23,4055,11th/Salina ,4051,10th/Red River,8
23826293,Local31,21810,electric,8/4/2021 19:03:15,4055,11th/Salina ,4051,10th/Red River,5
25265340,Local365,19424,electric,28/9/2021 15:58:23,4055,11th/Salina ,4051,10th/Red River,10
26788729,Local365,5,classic,29/5/2022 19:47:55,4055,11th/Salina ,4051,10th/Red River,9
26782234,Single Trip (Pay-as-you-ride),893,classic,29/5/2022 10:13:33,4055,11th/Salina ,4051,10th/Red River,13
26782237,Single Trip (Pay-as-you-ride),1949,classic,29/5/2022 10:13:52,4055,11th/Salina ,4051,10th/Red River,13
26357247,3-Day Weekender,19285,electric,9/4/2022 11:05:35,3291,11th/San Jacinto,4051,10th/Red River,4
27533822,Single Trip (Pay-as-you-ride),951,classic,20/8/2022 21:22:46,3291,11th/San Jacinto,4051,10th/Red River,20
27533826,Single Trip (Pay-as-you-ride),202G,classic,20/8/2022 21:22:56,3291,11th/San Jacinto,4051,10th/Red River,20
27690263,3-Day Weekender,22470,electric,3/9/2022 8:14:08,3291,11th/San Jacinto,4051,10th/Red River,26
23886801,Local365,21895,electric,17/4/2021 11:37:23,3291,11th/San Jacinto,4051,10th/Red River,12
24543218,Explorer,19211,electric,10/7/2021 17:20:42,3291,11th/San Jacinto,4051,10th/Red River,112
24710562,Explorer,16874,electric,30/7/2021 17:21:15,3291,11th/San Jacinto,4051,10th/Red River,3
24471478,Local31,18331,electric,2/7/2021 16:37:51,3291,11th/San Jacinto,4051,10th/Red River,19
24543245,Explorer,21546,electric,10/7/2021 17:22:20,3291,11th/San Jacinto,4051,10th/Red River,109
25540495,Local365,2034,classic,28/10/2021 22:03:51,3291,11th/San Jacinto,4051,10th/Red River,7
25436919,3-Day Weekender,21508,electric,16/10/2021 15:51:32,3291,11th/San Jacinto,4051,10th/Red River,3
21785787,Local365,321,classic,12/4/2020 19:46:29,3291,11th/San Jacinto,4051,10th/Red River,5
21825263,Local365,19326,electric,24/4/2020 17:29:37,3291,11th/San Jacinto,4051,10th/Red River,6
26052746,Local31,263,classic,20/2/2022 13:55:16,3291,11th/San Jacinto,4051,10th/Red River,3
26012883,Local365,18132,electric,12/2/2022 7:54:07,3291,11th/San Jacinto,4051,10th/Red River,26
26904521,Student Membership,21497,electric,13/6/2022 11:45:41,3291,11th/San Jacinto,4051,10th/Red River,5
26569164,Local365,21455,electric,2/5/2022 11:12:44,2561,12th/San Jacinto @ State Capitol Visitors Garage,4051,10th/Red River,5
26716423,Explorer,19739,electric,19/5/2022 23:55:12,2561,12th/San Jacinto @ State Capitol Visitors Garage,4051,10th/Red River,24
26622792,Local365,18913,electric,9/5/2022 10:27:05,2561,12th/San Jacinto @ State Capitol Visitors Garage,4051,10th/Red River,5
26565229,3-Day Weekender,19730,electric,1/5/2022 17:49:11,2561,12th/San Jacinto @ State Capitol Visitors Garage,4051,10th/Red River,25
26566414,3-Day Weekender,21428,electric,1/5/2022 19:35:54,2561,12th/San Jacinto @ State Capitol Visitors Garage,4051,10th/Red River,4
26433715,Local31,18564,electric,18/4/2022 9:33:22,2561,12th/San Jacinto @ State Capitol Visitors Garage,4051,10th/Red River,132
27111897,Local365,21575,electric,6/7/2022 10:05:06,2561,12th/San Jacinto @ State Capitol Visitors Garage,4051,10th/Red River,8
28106065,Local365,19677,electric,7/10/2022 7:23:56,2561,12th/San Jacinto @ State Capitol Visitors Garage,4051,10th/Red River,6
23568637,Local31,19517,electric,2/3/2021 10:28:47,2561,12th/San Jacinto @ State Capitol Visitors Garage,4051,10th/Red River,24
23844478,Local31,21659,electric,10/4/2021 20:32:36,2561,12th/San Jacinto @ State Capitol Visitors Garage,4051,10th/Red River,44
23864441,Local31,21699,electric,13/4/2021 14:26:14,2561,12th/San Jacinto @ State Capitol Visitors Garage,4051,10th/Red River,40
25165557,Pay-as-you-ride,84,classic,18/9/2021 1:29:08,2561,12th/San Jacinto @ State Capitol Visitors Garage,4051,10th/Red River,37
25165545,Pay-as-you-ride,478,classic,18/9/2021 1:26:53,2561,12th/San Jacinto @ State Capitol Visitors Garage,4051,10th/Red River,41
25816010,Local31,166,classic,15/12/2021 19:13:22,2561,12th/San Jacinto @ State Capitol Visitors Garage,4051,10th/Red River,5
26566411,3-Day Weekender,22196,electric,1/5/2022 19:35:23,2561,12th/San Jacinto @ State Capitol Visitors Garage,4051,10th/Red River,4
21621798,Explorer,19602,electric,28/2/2020 12:15:36,3635,13th/San Antonio,4051,10th/Red River,39
26115244,Explorer,19935,electric,5/3/2022 15:48:54,7131,13th/Trinity,4051,10th/Red River,3
26123963,Explorer,21740,electric,6/3/2022 21:10:01,7131,13th/Trinity,4051,10th/Red River,3
26133786,Local365,21859,electric,9/3/2022 13:52:52,7131,13th/Trinity,4051,10th/Red River,5
25406946,Local365,21718,electric,13/10/2021 10:58:54,7131,13th/Trinity,4051,10th/Red River,8
25345778,3-Day Weekender,21800,electric,7/10/2021 18:38:12,7131,13th/Trinity,4051,10th/Red River,4
25631248,Local31,21816,electric,11/11/2021 12:23:40,7131,13th/Trinity,4051,10th/Red River,14
27132230,Local31,21586,electric,8/7/2022 16:28:53,7131,13th/Trinity @ Waterloo Greenway,4051,10th/Red River,4
28166891,Local365,23277,electric,12/10/2022 12:25:34,7131,13th/Trinity @ Waterloo Greenway,4051,10th/Red River,31
28063194,Local365,2228,classic,3/10/2022 13:21:28,7131,13th/Trinity @ Waterloo Greenway,4051,10th/Red River,5
28613668,3-Day Weekender,21689,electric,9/12/2022 15:58:55,7131,13th/Trinity @ Waterloo Greenway,4051,10th/Red River,15
28595882,Explorer,21662,electric,6/12/2022 16:42:06,7131,13th/Trinity @ Waterloo Greenway,4051,10th/Red River,8
28613669,3-Day Weekender,19110,electric,9/12/2022 15:58:56,7131,13th/Trinity @ Waterloo Greenway,4051,10th/Red River,15
26087288,Local31,22599,electric,1/3/2022 12:08:02,4879,16th/San Antonio,4051,10th/Red River,10
27309715,Local31,21718,electric,27/7/2022 13:08:01,4879,16th/San Antonio,4051,10th/Red River,7
27870790,Student Membership,233G,classic,17/9/2022 17:04:32,4879,16th/San Antonio,4051,10th/Red River,17
27870723,Pay-as-you-ride,1851,classic,17/9/2022 17:00:43,4879,16th/San Antonio,4051,10th/Red River,20
23670867,Local31,21876,electric,19/3/2021 18:42:03,4879,16th/San Antonio,4051,10th/Red River,22
23764714,Local31,21747,electric,1/4/2021 17:39:59,4879,16th/San Antonio,4051,10th/Red River,47
23891677,Local31,21575,electric,17/4/2021 18:14:26,4879,16th/San Antonio,4051,10th/Red River,20
24162211,Local31,21561,electric,25/5/2021 3:52:22,4879,16th/San Antonio,4051,10th/Red River,34
24299274,Local31,21447,electric,10/6/2021 22:58:48,4879,16th/San Antonio,4051,10th/Red River,17
24447576,Local31,16946,electric,29/6/2021 12:32:29,4879,16th/San Antonio,4051,10th/Red River,21
24333988,Local31,19706,electric,14/6/2021 23:17:11,4879,16th/San Antonio,4051,10th/Red River,50
24505518,Local31,21709,electric,5/7/2021 22:53:15,4879,16th/San Antonio,4051,10th/Red River,16
25684812,Annual Membership,21790,electric,19/11/2021 19:49:59,4879,16th/San Antonio,4051,10th/Red River,14
25605892,Local31,21659,electric,7/11/2021 17:00:21,4879,16th/San Antonio,4051,10th/Red River,27
25583832,Student Membership,21551,electric,5/11/2021 8:44:18,4879,16th/San Antonio,4051,10th/Red River,5
25804554,Local31,21688,electric,13/12/2021 14:18:38,4879,16th/San Antonio,4051,10th/Red River,55
25791617,Local31,19132,electric,10/12/2021 16:34:07,4879,16th/San Antonio,4051,10th/Red River,37
25814269,Local31,21650,electric,15/12/2021 16:06:31,4879,16th/San Antonio,4051,10th/Red River,49
26740610,3-Day Weekender,18726,electric,23/5/2022 11:34:13,2547,21st/Guadalupe,4051,10th/Red River,11
26348233,Explorer,1786,classic,8/4/2022 9:32:35,2547,21st/Guadalupe,4051,10th/Red River,19
26374633,Student Membership,21718,electric,10/4/2022 20:10:49,2547,21st/Guadalupe,4051,10th/Red River,31
27732443,Student Membership,19239,electric,6/9/2022 15:54:42,2547,21st/Guadalupe,4051,10th/Red River,30
28329746,Student Membership,19171,electric,27/10/2022 22:51:36,2547,21st/Guadalupe,4051,10th/Red River,13
28329745,Student Membership,21728,electric,27/10/2022 22:51:32,2547,21st/Guadalupe,4051,10th/Red River,13
28071045,Local31,21486,electric,4/10/2022 7:58:50,2547,21st/Guadalupe,4051,10th/Red River,50
28478044,Student Membership,21859,electric,13/11/2022 17:55:41,2547,21st/Guadalupe,,10th/Red River,12
23430506,Local365,18266,electric,18/1/2021 18:06:48,2547,21st/Guadalupe,4051,10th/Red River,10
24143869,Local31,18696,electric,22/5/2021 15:45:59,2547,21st/Guadalupe,4051,10th/Red River,11
24193757,Local31,559,classic,29/5/2021 15:34:20,2547,21st/Guadalupe,4051,10th/Red River,10
24244652,Local31,21487,electric,4/6/2021 18:01:42,2547,21st/Guadalupe,4051,10th/Red River,35
24497723,3-Day Weekender,21788,electric,5/7/2021 7:34:21,2547,21st/Guadalupe,4051,10th/Red River,12
25086616,Student Membership,21735,electric,10/9/2021 12:08:44,2547,21st/Guadalupe,4051,10th/Red River,17
25689005,Explorer,19479,electric,20/11/2021 15:12:41,2547,21st/Guadalupe,4051,10th/Red River,25
25687581,3-Day Weekender,514,classic,20/11/2021 12:57:26,2547,21st/Guadalupe,4051,10th/Red River,27
25782941,Local31,17751,electric,8/12/2021 20:57:43,2547,21st/Guadalupe,4051,10th/Red River,8
26929250,Pay-as-you-ride,1687,classic,16/6/2022 12:14:45,2547,21st/Guadalupe,4051,10th/Red River,31
26374764,Student Membership,21774,electric,10/4/2022 20:30:14,3798,21st/Speedway @ PCL,4051,10th/Red River,11
26374767,Student Membership,22174,electric,10/4/2022 20:31:13,3798,21st/Speedway @ PCL,4051,10th/Red River,10
28466895,Student Membership,21654,electric,12/11/2022 7:54:03,3798,21st/Speedway @ PCL,,10th/Red River,10
28417081,Local31,18923,electric,6/11/2022 14:14:38,3798,21st/Speedway @ PCL,,10th/Red River,12
28612970,Student Membership,19110,electric,9/12/2022 14:16:43,3798,21st/Speedway @ PCL,4051,10th/Red River,10
25085816,Student Membership,19265,electric,10/9/2021 11:00:28,3798,21st/Speedway @ PCL,4051,10th/Red River,6
25085818,Student Membership,21886,electric,10/9/2021 11:00:39,3798,21st/Speedway @ PCL,4051,10th/Red River,6
25670389,Local365,19280,electric,17/11/2021 9:10:00,3798,21st/Speedway @ PCL,4051,10th/Red River,16
25770519,Student Membership,17370,electric,6/12/2021 8:59:19,3798,21st/Speedway @ PCL,4051,10th/Red River,10
26452491,Local31,16936,electric,20/4/2022 13:18:00,3797,21st/University,4051,10th/Red River,16
27846997,3-Day Weekender,22155,electric,15/9/2022 22:02:14,3797,21st/University,4051,10th/Red River,18
27830643,Pay-as-you-ride,21516,electric,14/9/2022 17:50:27,3797,21st/University,4051,10th/Red River,12
27841362,Pay-as-you-ride,21472,electric,15/9/2022 15:30:27,3797,21st/University,4051,10th/Red River,8
28288201,Local31,19326,electric,23/10/2022 16:13:26,3797,21st/University,4051,10th/Red River,15
28556972,Student Membership,21742,electric,30/11/2022 13:57:15,3797,21st/University,,10th/Red River,14
23395431,Local365,19211,electric,8/1/2021 14:14:00,3797,21st/University,4051,10th/Red River,11
24245274,Local31,21699,electric,4/6/2021 18:54:30,3797,21st/University,4051,10th/Red River,29
21703913,Explorer,30,classic,17/3/2020 17:12:06,3797,21st/University,4051,10th/Red River,22
21703912,Explorer,479,classic,17/3/2020 17:11:59,3797,21st/University,4051,10th/Red River,23
27858227,Student Membership,19529,electric,16/9/2022 18:22:24,4938,22.5/Rio Grande,4051,10th/Red River,10
25757295,Local365,19693,electric,4/12/2021 9:06:19,4938,22.5/Rio Grande,4051,10th/Red River,12
27118367,Pay-as-you-ride,19704,electric,6/7/2022 22:46:38,7188,22nd/Pearl,4051,10th/Red River,13
27960441,Pay-as-you-ride,16279,electric,24/9/2022 19:58:30,7188,22nd/Pearl,4051,10th/Red River,12
27960446,Pay-as-you-ride,19224,electric,24/9/2022 19:58:44,7188,22nd/Pearl,4051,10th/Red River,12
28477999,Student Membership,19160,electric,13/11/2022 17:49:11,7188,22nd/Pearl,,10th/Red River,18
23501879,Local31,21689,electric,8/2/2021 13:08:02,3792,22nd/Pearl,4051,10th/Red River,17
25221522,Student Membership,21735,electric,24/9/2021 7:41:02,3792,22nd/Pearl,4051,10th/Red River,11
25221524,Student Membership,21859,electric,24/9/2021 7:41:12,3792,22nd/Pearl,4051,10th/Red River,10
25564483,Student Membership,21735,electric,1/11/2021 16:10:10,3792,22nd/Pearl,4051,10th/Red River,22
27128122,Student Membership,21457,electric,8/7/2022 8:40:10,7125,23rd/Pearl,4051,10th/Red River,14
27868491,3-Day Weekender,19221,electric,17/9/2022 14:37:34,7125,23rd/Pearl,4051,10th/Red River,22
27868502,3-Day Weekender,21792,electric,17/9/2022 14:37:54,7125,23rd/Pearl,4051,10th/Red River,22
23427494,Local365,18913,electric,18/1/2021 9:21:46,3841,23rd/Rio Grande,4051,10th/Red River,12
23370565,Local31,19085,electric,1/1/2021 14:34:22,3841,23rd/Rio Grande,4051,10th/Red River,32
24817644,U.T. Student Membership,18592,electric,12/8/2021 23:48:50,3841,23rd/Rio Grande,4051,10th/Red River,17
24817645,Pay-as-you-ride,19078,electric,12/8/2021 23:49:00,3841,23rd/Rio Grande,4051,10th/Red River,17
25774959,Student Membership,22458,electric,7/12/2021 8:39:28,7125,23rd/San Gabriel,4051,10th/Red River,21
25774955,Student Membership,19211,electric,7/12/2021 8:39:13,7125,23rd/San Gabriel,4051,10th/Red River,21
27301866,Local31,21454,electric,26/7/2022 14:53:09,3799,23rd/San Jacinto @ DKR Stadium,4051,10th/Red River,7
27913446,Local365,18684,electric,21/9/2022 8:24:31,3799,23rd/San Jacinto @ DKR Stadium,4051,10th/Red River,11
28328848,Pay-as-you-ride,21514,electric,27/10/2022 20:07:21,3799,23rd/San Jacinto @ DKR Stadium,4051,10th/Red River,14
28255574,Local365,22470,electric,20/10/2022 18:47:44,3799,23rd/San Jacinto @ DKR Stadium,4051,10th/Red River,10
28328846,Pay-as-you-ride,21714,electric,27/10/2022 20:07:19,3799,23rd/San Jacinto @ DKR Stadium,4051,10th/Red River,14
28412950,Student Membership,996,classic,6/11/2022 0:44:52,3799,23rd/San Jacinto @ DKR Stadium,,10th/Red River,9
28557338,Pay-as-you-ride,21426,electric,30/11/2022 14:48:13,3799,23rd/San Jacinto @ DKR Stadium,,10th/Red River,20
28595423,Explorer,22511,electric,6/12/2022 15:47:28,3799,23rd/San Jacinto @ DKR Stadium,4051,10th/Red River,61
23567694,Local31,19198,electric,1/3/2021 19:29:25,3799,23rd/San Jacinto @ DKR Stadium,4051,10th/Red River,33
23571584,Local31,21541,electric,2/3/2021 20:28:01,3799,23rd/San Jacinto @ DKR Stadium,4051,10th/Red River,21
23567852,Local31,17438,electric,1/3/2021 21:21:44,3799,23rd/San Jacinto @ DKR Stadium,4051,10th/Red River,59
23839559,Local31,19274,electric,10/4/2021 13:22:06,3799,23rd/San Jacinto @ DKR Stadium,4051,10th/Red River,35
23762333,Local31,21900,electric,1/4/2021 12:28:10,3799,23rd/San Jacinto @ DKR Stadium,4051,10th/Red River,32
24005003,Local31,19678,electric,2/5/2021 20:50:07,3799,23rd/San Jacinto @ DKR Stadium,4051,10th/Red River,25
24604992,Local31,21703,electric,17/7/2021 22:34:19,3799,23rd/San Jacinto @ DKR Stadium,4051,10th/Red River,26
24619850,Local31,21679,electric,19/7/2021 17:55:47,3799,23rd/San Jacinto @ DKR Stadium,4051,10th/Red River,36
25566260,Student Membership,21523,electric,1/11/2021 20:47:11,3799,23rd/San Jacinto @ DKR Stadium,4051,10th/Red River,10
25790586,3-Day Weekender,19285,electric,10/12/2021 13:58:20,3799,23rd/San Jacinto @ DKR Stadium,4051,10th/Red River,45
25790584,3-Day Weekender,21816,electric,10/12/2021 13:58:14,3799,23rd/San Jacinto @ DKR Stadium,4051,10th/Red River,45
26598524,Student Membership,21707,electric,6/5/2022 12:11:58,3838,26th/Nueces,4051,10th/Red River,18
26598523,Student Membership,21742,electric,6/5/2022 12:11:56,3838,26th/Nueces,4051,10th/Red River,18
26139917,Student Membership,21523,electric,10/3/2022 16:05:28,3838,26th/Nueces,4051,10th/Red River,19
26139921,Student Membership,18726,electric,10/3/2022 16:05:43,3838,26th/Nueces,4051,10th/Red River,19
27859942,Student Membership,21422,electric,16/9/2022 20:26:23,3838,26th/Nueces,4051,10th/Red River,17
28366500,Student Membership,19367,electric,31/10/2022 17:48:28,3838,26th/Nueces,4051,10th/Red River,15
23443859,Local365,16855,electric,23/1/2021 10:54:14,3838,26th/Nueces,4051,10th/Red River,42
24294152,Local31,21576,electric,10/6/2021 12:08:10,3838,26th/Nueces,4051,10th/Red River,25
25993202,Explorer,396,classic,8/2/2022 13:47:33,3838,26th/Nueces,4051,10th/Red River,32
25993201,Explorer,514,classic,8/2/2022 13:47:12,3838,26th/Nueces,4051,10th/Red River,33
25993200,Explorer,19330,electric,8/2/2022 13:47:07,3838,26th/Nueces,4051,10th/Red River,32
26946904,Local31,21553,electric,18/6/2022 11:40:14,3838,26th/Nueces,4051,10th/Red River,9
26610605,3-Day Weekender,17438,electric,7/5/2022 16:54:47,7189,28th/Rio,4051,10th/Red River,41
26476748,Local31,23271,electric,22/4/2022 22:27:32,7189,28th/Rio,4051,10th/Red River,13
27223810,U.T. Student Membership,16845,electric,17/7/2022 20:39:21,7189,28th/Rio,4051,10th/Red River,26
28319408,Student Membership,21695,electric,26/10/2022 19:56:21,7189,28th/Rio,4051,10th/Red River,15
26948084,Local31,18939,electric,18/6/2022 13:11:57,7189,28th/Rio,4051,10th/Red River,27
23472561,Local365,19537,electric,31/1/2021 13:09:14,3793,28th/Rio Grande,4051,10th/Red River,39
23961522,Local31,16276,electric,27/4/2021 13:16:51,3793,28th/Rio Grande,4051,10th/Red River,39
25162840,Pay-as-you-ride,19631,electric,17/9/2021 19:41:47,3793,28th/Rio Grande,4051,10th/Red River,14
25345506,3-Day Weekender,16322,electric,7/10/2021 18:14:21,3793,28th/Rio Grande,4051,10th/Red River,28
25755568,Student Membership,19693,electric,3/12/2021 19:11:52,3793,28th/Rio Grande,4051,10th/Red River,21
25760866,Explorer,21790,electric,4/12/2021 15:39:11,3793,28th/Rio Grande,4051,10th/Red River,47
25938896,Student Membership,19403,electric,23/1/2022 20:10:50,3793,28th/Rio Grande,4051,10th/Red River,13
26741074,Explorer,18726,electric,23/5/2022 12:41:10,2494,2nd/Congress,4051,10th/Red River,32
26735540,Explorer,17751,electric,22/5/2022 16:26:45,2494,2nd/Congress,4051,10th/Red River,8
27103047,3-Day Weekender,4399,classic,5/7/2022 7:21:03,2494,2nd/Congress,4051,10th/Red River,16
27862171,Student Membership,21541,electric,17/9/2022 0:23:25,2494,2nd/Congress,4051,10th/Red River,17
28059093,Local365,16279,electric,3/10/2022 7:49:23,2494,2nd/Congress,4051,10th/Red River,5
28033717,3-Day Weekender,17460,electric,1/10/2022 9:29:35,2494,2nd/Congress,4051,10th/Red River,15
28120237,Explorer,861,classic,8/10/2022 12:26:59,2494,2nd/Congress,4051,10th/Red River,10
28414078,Local31,19476,electric,6/11/2022 9:44:03,2494,2nd/Congress,,10th/Red River,27
28551257,Local31,17438,electric,29/11/2022 12:53:29,2494,2nd/Congress,,10th/Red River,45
28412681,Explorer,22521,electric,5/11/2022 23:35:09,2494,2nd/Congress,,10th/Red River,45
28652495,Local31,21895,electric,18/12/2022 20:10:40,2494,2nd/Congress,4051,10th/Red River,8
23488235,Local31,19453,electric,4/2/2021 21:19:33,2494,2nd/Congress,4051,10th/Red River,26
23952047,3-Day Weekender,19645,electric,26/4/2021 7:56:54,2494,2nd/Congress,4051,10th/Red River,8
23952048,3-Day Weekender,19608,electric,26/4/2021 7:57:23,2494,2nd/Congress,4051,10th/Red River,7
24145259,Local31,19706,electric,22/5/2021 18:03:43,2494,2nd/Congress,4051,10th/Red River,21
24374583,Explorer,19040,electric,19/6/2021 21:18:05,2494,2nd/Congress,4051,10th/Red River,30
24812743,3-Day Weekender,19274,electric,12/8/2021 12:28:52,2494,2nd/Congress,4051,10th/Red River,29
24812751,3-Day Weekender,21524,electric,12/8/2021 12:29:31,2494,2nd/Congress,4051,10th/Red River,28
24783811,3-Day Weekender,19078,electric,8/8/2021 13:34:04,2494,2nd/Congress,4051,10th/Red River,23
24783799,3-Day Weekender,21900,electric,8/8/2021 13:33:09,2494,2nd/Congress,4051,10th/Red River,25
21650838,Explorer,2286,classic,5/3/2020 17:52:26,2494,2nd/Congress,4051,10th/Red River,9
26402721,Local31,21806,electric,14/4/2022 15:31:58,2499,2nd/Lavaca @ City Hall,4051,10th/Red River,175
27143653,Pay-as-you-ride,21709,electric,9/7/2022 17:44:35,2499,2nd/Lavaca @ City Hall,4051,10th/Red River,62
27414865,Pay-as-you-ride,19314,electric,7/8/2022 19:54:46,2499,2nd/Lavaca @ City Hall,4051,10th/Red River,9
27740769,Local365,230,classic,7/9/2022 10:48:02,2499,2nd/Lavaca @ City Hall,4051,10th/Red River,10
27778383,Local365,21800,electric,10/9/2022 10:40:50,2499,2nd/Lavaca @ City Hall,4051,10th/Red River,60
27778389,Local365,21499,electric,10/9/2022 10:41:36,2499,2nd/Lavaca @ City Hall,4051,10th/Red River,59
28431179,Local365,18266,electric,8/11/2022 7:41:11,2499,2nd/Lavaca @ City Hall,,10th/Red River,8
28502555,Local365,23318,electric,18/11/2022 8:15:23,2499,2nd/Lavaca @ City Hall,,10th/Red River,8
28520674,Local31,21508,electric,22/11/2022 19:32:39,2499,2nd/Lavaca @ City Hall,,10th/Red River,749
23676327,Explorer,19326,electric,20/3/2021 14:09:42,2499,2nd/Lavaca @ City Hall,4051,10th/Red River,16
23676332,24 Hour Walk Up Pass,21829,electric,20/3/2021 14:10:06,2499,2nd/Lavaca @ City Hall,4051,10th/Red River,15
23830300,Explorer,21788,electric,9/4/2021 12:52:25,2499,2nd/Lavaca @ City Hall,4051,10th/Red River,42
23830303,Explorer,21497,electric,9/4/2021 12:52:54,2499,2nd/Lavaca @ City Hall,4051,10th/Red River,42
24868209,Local31,19211,electric,19/8/2021 11:57:10,2499,2nd/Lavaca @ City Hall,4051,10th/Red River,8
26701462,Local31,21772,electric,17/5/2022 21:41:16,3621,3rd/Nueces,4051,10th/Red River,68
26238616,Local365,22521,electric,24/3/2022 19:46:53,3621,3rd/Nueces,4051,10th/Red River,9
26238610,Local365,21422,electric,24/3/2022 19:46:09,3621,3rd/Nueces,4051,10th/Red River,9
27303743,Local31,21682,electric,26/7/2022 17:49:01,3621,3rd/Nueces,4051,10th/Red River,30
28273514,3-Day Weekender,21476,electric,22/10/2022 13:13:56,3621,3rd/Nueces,4051,10th/Red River,27
28638384,Student Membership,21886,electric,14/12/2022 13:50:42,3621,3rd/Nueces,4051,10th/Red River,20
23405632,Local365,19678,electric,12/1/2021 13:40:15,3621,3rd/Nueces,4051,10th/Red River,18
24363358,Local31,21491,electric,18/6/2021 20:03:39,3621,3rd/Nueces,4051,10th/Red River,18
24483080,Local31,19583,electric,3/7/2021 18:15:57,3621,3rd/Nueces,4051,10th/Red River,9
24654767,Local31,18929,electric,23/7/2021 20:34:43,3621,3rd/Nueces,4051,10th/Red River,13
24654757,Local31,21859,electric,23/7/2021 20:33:53,3621,3rd/Nueces,4051,10th/Red River,13
25305108,Local365,21767,electric,2/10/2021 22:15:53,3621,3rd/Nueces,4051,10th/Red River,10
25545002,3-Day Weekender,252,classic,29/10/2021 15:41:51,3621,3rd/Nueces,4051,10th/Red River,13
25305107,Local365,21413,electric,2/10/2021 22:15:48,3621,3rd/Nueces,4051,10th/Red River,10
25544974,3-Day Weekender,57,classic,29/10/2021 15:39:12,3621,3rd/Nueces,4051,10th/Red River,14
25544977,3-Day Weekender,746,classic,29/10/2021 15:39:40,3621,3rd/Nueces,4051,10th/Red River,14
25305106,Local365,21751,electric,2/10/2021 22:15:46,3621,3rd/Nueces,4051,10th/Red River,10
25663287,Local31,19221,electric,16/11/2021 7:27:30,3621,3rd/Nueces,4051,10th/Red River,20
25842279,Local31,21816,electric,24/12/2021 19:48:17,3621,3rd/Nueces,4051,10th/Red River,7
27055684,Local365,21859,electric,30/6/2022 7:43:27,3621,3rd/Nueces,4051,10th/Red River,9
26170680,3-Day Weekender,19682,electric,15/3/2022 19:57:08,2539,3rd/Trinity @ The Convention Center,4051,10th/Red River,7
26335967,Local31,21849,electric,6/4/2022 15:11:56,2539,3rd/Trinity @ The Convention Center,4051,10th/Red River,23
27332009,Pay-as-you-ride,19602,electric,29/7/2022 20:05:12,2539,3rd/Trinity @ The Convention Center,4051,10th/Red River,5
27113535,Pay-as-you-ride,19274,electric,6/7/2022 13:19:12,2539,3rd/Trinity @ The Convention Center,4051,10th/Red River,5
27548100,3-Day Weekender,1378,classic,22/8/2022 9:17:43,2539,3rd/Trinity @ The Convention Center,4051,10th/Red River,6
27363544,Pay-as-you-ride,17460,electric,2/8/2022 10:46:28,2539,3rd/Trinity @ The Convention Center,4051,10th/Red River,4
27947985,Local365,22453,electric,23/9/2022 19:57:10,2539,3rd/Trinity @ The Convention Center,4051,10th/Red River,7
27738857,Local365,21576,electric,7/9/2022 7:45:36,2539,3rd/Trinity @ The Convention Center,4051,10th/Red River,5
27664691,Local365,18939,electric,1/9/2022 7:46:33,2539,3rd/Trinity @ The Convention Center,4051,10th/Red River,5
28022919,Pay-as-you-ride,19918,electric,30/9/2022 11:02:06,2539,3rd/Trinity @ The Convention Center,4051,10th/Red River,5
28414278,3-Day Weekender,19918,electric,6/11/2022 10:08:44,2539,3rd/Trinity @ The Convention Center,,10th/Red River,6
28441819,Pay-as-you-ride,21680,electric,9/11/2022 11:36:50,2539,3rd/Trinity @ The Convention Center,,10th/Red River,4
28522497,Student Membership,22521,electric,23/11/2022 12:13:20,2539,3rd/Trinity @ The Convention Center,,10th/Red River,6
28614277,Pay-as-you-ride,18696,electric,9/12/2022 17:13:05,2539,3rd/Trinity @ The Convention Center,4051,10th/Red River,5
28660603,Pay-as-you-ride,18923,electric,22/12/2022 12:35:35,2539,3rd/Trinity @ The Convention Center,4051,10th/Red River,47
23576176,Local31,21685,electric,3/3/2021 19:07:31,2539,3rd/Trinity @ The Convention Center,4051,10th/Red River,57
23911747,Local31,21728,electric,20/4/2021 14:16:49,2539,3rd/Trinity @ The Convention Center,4051,10th/Red River,28
23998123,Local31,21447,electric,2/5/2021 12:19:23,2539,3rd/Trinity @ The Convention Center,4051,10th/Red River,5
24450595,Local31,18947,electric,29/6/2021 20:05:53,2539,3rd/Trinity @ The Convention Center,4051,10th/Red River,54
24531126,Local365,21419,electric,9/7/2021 10:51:38,2539,3rd/Trinity @ The Convention Center,4051,10th/Red River,15
24778206,Local31,19233,electric,7/8/2021 18:49:10,2539,3rd/Trinity @ The Convention Center,4051,10th/Red River,15
24778207,Local31,16277,electric,7/8/2021 18:49:13,2539,3rd/Trinity @ The Convention Center,4051,10th/Red River,15
26971577,Local31,16828,electric,20/6/2022 19:09:06,2539,3rd/Trinity @ The Convention Center,4051,10th/Red River,13
26579763,Local365,19330,electric,3/5/2022 18:34:10,2552,3rd/West,4051,10th/Red River,13
28184942,Local365,17460,electric,13/10/2022 19:28:51,2552,3rd/West,4051,10th/Red River,83
28533204,Pay-as-you-ride,21508,electric,26/11/2022 13:05:57,2552,3rd/West,,10th/Red River,16
28530199,Student Membership,21499,electric,25/11/2022 15:52:54,2552,3rd/West,,10th/Red River,15
28512162,Local31,21458,electric,20/11/2022 16:44:57,2552,3rd/West,,10th/Red River,17
28553769,Student Membership,22511,electric,29/11/2022 18:45:08,2552,3rd/West,,10th/Red River,16
28623412,Student Membership,21628,electric,11/12/2022 13:35:05,2552,3rd/West,4051,10th/Red River,15
28561044,Student Membership,18923,electric,1/12/2022 10:43:28,2552,3rd/West,4051,10th/Red River,65
28642844,Student Membership,21438,electric,15/12/2022 14:57:50,2552,3rd/West,4051,10th/Red River,22
28594460,Student Membership,21576,electric,6/12/2022 13:58:18,2552,3rd/West,4051,10th/Red River,11
28673893,Local365,18947,electric,28/12/2022 16:43:53,2552,3rd/West,4051,10th/Red River,11
23769109,Local31,21576,electric,2/4/2021 12:45:52,2552,3rd/West,4051,10th/Red River,39
24311621,Local31,21585,electric,12/6/2021 13:01:47,2552,3rd/West,4051,10th/Red River,12
24426807,Local31,19442,electric,26/6/2021 17:26:40,2552,3rd/West,4051,10th/Red River,16
24426801,Local31,21428,electric,26/6/2021 17:26:21,2552,3rd/West,4051,10th/Red River,16
24397467,Pay-as-you-ride,19247,electric,22/6/2021 19:54:15,2552,3rd/West,4051,10th/Red River,16
24397464,Pay-as-you-ride,19730,electric,22/6/2021 19:54:03,2552,3rd/West,4051,10th/Red River,16
24658437,Local31,21553,electric,24/7/2021 11:16:26,2552,3rd/West,4051,10th/Red River,17
24585356,Local31,21859,electric,15/7/2021 19:52:45,2552,3rd/West,4051,10th/Red River,14
24474776,Local31,21465,electric,2/7/2021 22:13:36,2552,3rd/West,4051,10th/Red River,81
24720823,Local31,19280,electric,31/7/2021 18:02:28,2552,3rd/West,4051,10th/Red River,130
24679845,Pay-as-you-ride,21553,electric,26/7/2021 17:46:29,2552,3rd/West,4051,10th/Red River,15
24679848,Local31,19619,electric,26/7/2021 17:46:51,2552,3rd/West,4051,10th/Red River,15
24465713,Local31,21487,electric,1/7/2021 21:20:51,2552,3rd/West,4051,10th/Red River,69
24585360,Local31,19090,electric,15/7/2021 19:53:00,2552,3rd/West,4051,10th/Red River,13
24658458,Pay-as-you-ride,19110,electric,24/7/2021 11:18:10,2552,3rd/West,4051,10th/Red River,15
24679832,Pay-as-you-ride,21859,electric,26/7/2021 17:45:17,2552,3rd/West,4051,10th/Red River,16
24974455,Local31,21709,electric,29/8/2021 17:48:57,2552,3rd/West,4051,10th/Red River,12
24831658,Local31,18592,electric,14/8/2021 16:31:59,2552,3rd/West,4051,10th/Red River,13
24824453,Local31,19780,electric,13/8/2021 20:31:41,2552,3rd/West,4051,10th/Red River,13
24824464,Local31,19078,electric,13/8/2021 20:32:42,2552,3rd/West,4051,10th/Red River,13
25111864,Local31,19194,electric,12/9/2021 15:44:02,2552,3rd/West,4051,10th/Red River,32
25111875,Pay-as-you-ride,19239,electric,12/9/2021 15:45:09,2552,3rd/West,4051,10th/Red River,31
25111911,Local31,16855,electric,12/9/2021 15:47:35,2552,3rd/West,4051,10th/Red River,28
25428566,Local31,19198,electric,15/10/2021 17:43:33,2552,3rd/West,4051,10th/Red River,13
25801201,Local31,328G,classic,12/12/2021 18:09:10,2552,3rd/West,4051,10th/Red River,34
25866676,Local31,21477,electric,30/12/2021 17:22:57,2552,3rd/West,4051,10th/Red River,7
21649749,Explorer,40,classic,5/3/2020 15:22:39,2552,3rd/West,4051,10th/Red River,14
26860105,Local31,21650,electric,7/6/2022 19:00:36,2552,3rd/West,4051,10th/Red River,9
27052553,Student Membership,21480,electric,29/6/2022 18:16:18,2552,3rd/West,4051,10th/Red River,14
26162994,Pay-as-you-ride,21886,electric,14/3/2022 19:59:14,2495,4th/Congress,4051,10th/Red River,8
26162983,3-Day Weekender,21859,electric,14/3/2022 19:57:51,2495,4th/Congress,4051,10th/Red River,10
27569319,3-Day Weekender,209,classic,24/8/2022 0:28:46,2495,4th/Congress,4051,10th/Red River,8
27913189,Local365,21546,electric,21/9/2022 7:46:53,2495,4th/Congress,4051,10th/Red River,6
27926312,Local365,19401,electric,22/9/2022 7:37:48,2495,4th/Congress,4051,10th/Red River,5
27889119,Local365,18329,electric,19/9/2022 7:48:02,2495,4th/Congress,4051,10th/Red River,4
27848950,Local365,19148,electric,16/9/2022 7:42:41,2495,4th/Congress,4051,10th/Red River,7
27936793,3-Day Weekender,23318,electric,22/9/2022 21:16:53,2495,4th/Congress,4051,10th/Red River,10
28235419,Local31,21485,electric,18/10/2022 17:49:13,2495,4th/Congress,4051,10th/Red River,63
28269421,Pay-as-you-ride,22461,electric,22/10/2022 2:25:05,2495,4th/Congress,4051,10th/Red River,16
28311183,Local365,17370,electric,26/10/2022 7:32:10,2495,4th/Congress,4051,10th/Red River,4
28247665,Local365,19401,electric,20/10/2022 7:41:24,2495,4th/Congress,4051,10th/Red River,6
28044628,Local31,21576,electric,1/10/2022 19:47:06,2495,4th/Congress,4051,10th/Red River,40
28258152,Local365,22449,electric,21/10/2022 7:43:53,2495,4th/Congress,4051,10th/Red River,5
28665375,Local365,23277,electric,26/12/2022 12:44:32,2495,4th/Congress,4051,10th/Red River,6
28592138,Local365,5089,classic,6/12/2022 9:11:51,2495,4th/Congress,4051,10th/Red River,7
23479590,Pay-as-you-ride,1524,classic,2/2/2021 11:01:31,2495,4th/Congress,4051,10th/Red River,9
23947134,Local31,18532,electric,25/4/2021 15:48:31,2495,4th/Congress,4051,10th/Red River,47
23895463,Explorer,21419,electric,18/4/2021 10:44:11,2495,4th/Congress,4051,10th/Red River,7
23895462,Explorer,19239,electric,18/4/2021 10:44:09,2495,4th/Congress,4051,10th/Red River,7
24181929,Local31,21442,electric,27/5/2021 20:35:32,2495,4th/Congress,4051,10th/Red River,9
24329717,Local31,21546,electric,14/6/2021 13:55:43,2495,4th/Congress,4051,10th/Red River,26
24548224,Local31,16936,electric,11/7/2021 10:29:18,2495,4th/Congress,4051,10th/Red River,23
24548255,Pay-as-you-ride,18909,electric,11/7/2021 10:31:24,2495,4th/Congress,4051,10th/Red River,21
24544744,Local31,21668,electric,10/7/2021 19:27:20,2495,4th/Congress,4051,10th/Red River,7
24795506,Local31,16279,electric,9/8/2021 22:48:28,2495,4th/Congress,4051,10th/Red River,6
25220669,3-Day Weekender,18101,electric,23/9/2021 22:34:29,2495,4th/Congress,4051,10th/Red River,18
25363303,24 Hour Walk Up Pass,1585,classic,9/10/2021 14:11:30,2495,4th/Congress,4051,10th/Red River,9
25363268,24 Hour Walk Up Pass,110G,classic,9/10/2021 14:09:50,2495,4th/Congress,4051,10th/Red River,11
25701480,Local31,2095,classic,22/11/2021 19:30:29,2495,4th/Congress,4051,10th/Red River,22
25637532,24 Hour Walk Up Pass,21792,electric,12/11/2021 13:27:51,2495,4th/Congress,4051,10th/Red River,49
26861920,Local31,21476,electric,8/6/2022 1:38:44,2495,4th/Congress,4051,10th/Red River,24
26739496,Local365,19185,electric,23/5/2022 8:57:08,3455,4th/Guadalupe @ Republic Square,4051,10th/Red River,8
26161825,Explorer,21464,electric,14/3/2022 17:41:01,3455,4th/Guadalupe @ Republic Square,4051,10th/Red River,31
26161828,Explorer,19480,electric,14/3/2022 17:41:12,3455,4th/Guadalupe @ Republic Square,4051,10th/Red River,31
26167655,Local365,21751,electric,15/3/2022 15:25:28,3455,4th/Guadalupe @ Republic Square,4051,10th/Red River,25
26331887,Pay-as-you-ride,104,classic,5/4/2022 21:29:21,3455,4th/Guadalupe @ Republic Square,4051,10th/Red River,14
26331882,Pay-as-you-ride,468,classic,5/4/2022 21:28:54,3455,4th/Guadalupe @ Republic Square,4051,10th/Red River,15
28028335,Local31,19619,electric,30/9/2022 16:51:49,3455,4th/Guadalupe @ Republic Square,4051,10th/Red River,20
24413953,3-Day Weekender,18909,electric,24/6/2021 23:34:48,3455,4th/Guadalupe @ Republic Square,4051,10th/Red River,7
25530099,Local365,18913,electric,27/10/2021 14:56:57,3455,4th/Guadalupe @ Republic Square,4051,10th/Red River,6
25826735,Local31,2124,classic,19/12/2021 16:31:09,3455,4th/Guadalupe @ Republic Square,4051,10th/Red River,14
27593033,3-Day Weekender,21868,electric,25/8/2022 23:39:18,3794,4th/Sabine,4051,10th/Red River,11
28094725,Local365,16410,electric,6/10/2022 8:40:53,3794,4th/Sabine,4051,10th/Red River,7
28330416,Local365,21868,electric,28/10/2022 6:47:52,3794,4th/Sabine,4051,10th/Red River,28
24141295,Local365,21712,electric,22/5/2021 11:54:40,3794,4th/Sabine,4051,10th/Red River,5
24636056,Single Trip (Pay-as-you-ride),21789,electric,21/7/2021 17:01:23,3794,4th/Sabine,4051,10th/Red River,6
24751859,Single Trip (Pay-as-you-ride),21652,electric,4/8/2021 15:35:56,3794,4th/Sabine,4051,10th/Red River,8
25153322,3-Day Weekender,19251,electric,16/9/2021 20:37:46,3794,4th/Sabine,4051,10th/Red River,7
25410959,Local31,21454,electric,13/10/2021 16:41:26,3794,4th/Sabine,4051,10th/Red River,44
25546618,Local365,21458,electric,29/10/2021 20:57:06,3794,4th/Sabine,4051,10th/Red River,4
27052184,Pay-as-you-ride,78,classic,29/6/2022 17:43:42,3794,4th/Sabine,4051,10th/Red River,3
28274957,Local365,349,classic,22/10/2022 14:38:35,2501,5th/Bowie,4051,10th/Red River,9
28608630,Student Membership,19254,electric,8/12/2022 17:08:33,2501,5th/Bowie,4051,10th/Red River,15
23601188,Local365,21550,electric,7/3/2021 21:44:54,2501,5th/Bowie,4051,10th/Red River,24
24899344,Local31,21468,electric,22/8/2021 14:10:27,2501,5th/Bowie,4051,10th/Red River,18
24782241,Local31,19693,electric,8/8/2021 10:55:21,2501,5th/Bowie,4051,10th/Red River,16
24782238,Local31,19918,electric,8/8/2021 10:55:05,2501,5th/Bowie,4051,10th/Red River,16
24899391,Pay-as-you-ride,21558,electric,22/8/2021 14:14:06,2501,5th/Bowie,4051,10th/Red River,13
25390347,Local31,18929,electric,11/10/2021 19:22:06,2501,5th/Bowie,4051,10th/Red River,28
25849936,Local31,343,classic,26/12/2021 17:34:19,2501,5th/Bowie,4051,10th/Red River,15
26098020,Explorer,19645,electric,3/3/2022 6:27:10,4050,5th/Campbell,4051,10th/Red River,23
24300934,Local31,17019,electric,11/6/2021 10:07:24,4050,5th/Campbell,4051,10th/Red River,13
26574230,Local31,19418,electric,2/5/2022 21:36:26,3390,6th/Brazos,4051,10th/Red River,7
26680898,Local365,19865,electric,15/5/2022 14:22:40,3390,6th/Brazos,4051,10th/Red River,6
27656557,Local365,21752,electric,31/8/2022 12:31:03,3390,6th/Brazos,4051,10th/Red River,3
27588999,3-Day Weekender,21714,electric,25/8/2022 17:13:51,3390,6th/Brazos,4051,10th/Red River,8
27729658,Local365,22431,electric,6/9/2022 12:34:02,3390,6th/Brazos,4051,10th/Red River,3
28306844,3-Day Weekender,21751,electric,25/10/2022 15:25:52,3390,6th/Brazos,4051,10th/Red River,9
28522561,Local365,21423,electric,23/11/2022 12:25:46,3390,6th/Brazos,,10th/Red River,4
23951687,Single Trip (Pay-as-you-ride),21487,electric,26/4/2021 1:56:10,3390,6th/Brazos,4051,10th/Red River,24
24015482,3-Day Weekender,21571,electric,4/5/2021 18:20:08,3390,6th/Brazos,4051,10th/Red River,33
24332599,Local31,18101,electric,14/6/2021 19:38:27,3390,6th/Brazos,4051,10th/Red River,3
24871630,Local31,19678,electric,19/8/2021 18:13:06,3390,6th/Brazos,4051,10th/Red River,8
24865695,Local31,21679,electric,18/8/2021 22:47:28,3390,6th/Brazos,4051,10th/Red River,5
25212009,3-Day Weekender,19185,electric,23/9/2021 0:56:40,3390,6th/Brazos,4051,10th/Red River,14
25212008,3-Day Weekender,18592,electric,23/9/2021 0:56:37,3390,6th/Brazos,4051,10th/Red River,13
25679691,3-Day Weekender,034G,classic,18/11/2021 22:30:24,3390,6th/Brazos,4051,10th/Red River,5
21500792,Explorer,180,classic,23/1/2020 13:12:47,3390,6th/Brazos,4051,10th/Red River,11
21502021,Explorer,180,classic,23/1/2020 18:12:05,3390,6th/Brazos,4051,10th/Red River,7
21500787,Explorer,273,classic,23/1/2020 13:12:09,3390,6th/Brazos,4051,10th/Red River,11
26680874,Explorer,22511,electric,15/5/2022 14:20:30,4057,6th/Chalmers,4051,10th/Red River,8
26243972,Pay-as-you-ride,102,classic,25/3/2022 16:35:53,4057,6th/Chalmers,4051,10th/Red River,16
27762169,Local31,18101,electric,8/9/2022 20:33:04,4057,6th/Chalmers,4051,10th/Red River,5
28271822,Explorer,19730,electric,22/10/2022 11:35:24,4057,6th/Chalmers,4051,10th/Red River,28
28271825,Explorer,21486,electric,22/10/2022 11:35:38,4057,6th/Chalmers,4051,10th/Red River,27
26565440,Local31,19480,electric,1/5/2022 18:09:12,4057,6th/Chalmers,4051,10th/Red River,38
23746109,Local31,21767,electric,29/3/2021 20:39:23,4057,6th/Chalmers ,4051,10th/Red River,62
24860481,3-Day Weekender,46,classic,18/8/2021 11:43:30,4057,6th/Chalmers ,4051,10th/Red River,20
24860479,3-Day Weekender,509,classic,18/8/2021 11:42:31,4057,6th/Chalmers ,4051,10th/Red River,12
25867161,3-Day Weekender,21728,electric,30/12/2021 20:04:12,4057,6th/Chalmers ,4051,10th/Red River,19
25867159,3-Day Weekender,23318,electric,30/12/2021 20:04:09,4057,6th/Chalmers ,4051,10th/Red River,19
26740967,3-Day Weekender,17460,electric,23/5/2022 12:23:21,3619,6th/Congress,4051,10th/Red River,8
26740961,3-Day Weekender,19461,electric,23/5/2022 12:22:59,3619,6th/Congress,4051,10th/Red River,10
26225079,Local31,21413,electric,22/3/2022 15:29:13,3619,6th/Congress,4051,10th/Red River,86
26174499,Local31,19739,electric,16/3/2022 13:42:33,3619,6th/Congress,4051,10th/Red River,57
26124989,Explorer,17019,electric,7/3/2022 11:30:41,3619,6th/Congress,4051,10th/Red River,6
27176247,Local31,19432,electric,13/7/2022 8:30:27,3619,6th/Congress,4051,10th/Red River,10
27802959,Local31,21703,electric,12/9/2022 15:21:40,3619,6th/Congress,4051,10th/Red River,5
27767745,Local365,18101,electric,9/9/2022 12:24:51,3619,6th/Congress,4051,10th/Red River,6
27754964,Local365,19576,electric,8/9/2022 12:35:28,3619,6th/Congress,4051,10th/Red River,5
27974459,Local365,21586,electric,26/9/2022 7:51:12,3619,6th/Congress,4051,10th/Red River,5
27680315,Local365,21733,electric,2/9/2022 12:29:02,3619,6th/Congress,4051,10th/Red River,5
27916476,Local365,21546,electric,21/9/2022 12:29:36,3619,6th/Congress,4051,10th/Red River,3
27800607,Local365,19789,electric,12/9/2022 12:35:32,3619,6th/Congress,4051,10th/Red River,5
27821823,Local365,19107,electric,14/9/2022 7:47:43,3619,6th/Congress,4051,10th/Red River,5
27892457,Local365,21747,electric,19/9/2022 12:35:15,3619,6th/Congress,4051,10th/Red River,6
27852460,Local365,19148,electric,16/9/2022 12:31:39,3619,6th/Congress,4051,10th/Red River,4
28088324,Local31,19434,electric,5/10/2022 15:34:09,3619,6th/Congress,4051,10th/Red River,4
28313848,Local365,17370,electric,26/10/2022 12:30:23,3619,6th/Congress,4051,10th/Red River,4
28521436,Local365,21423,electric,23/11/2022 7:52:52,3619,6th/Congress,,10th/Red River,9
28392813,Explorer,22599,electric,3/11/2022 13:39:22,3619,6th/Congress,,10th/Red River,56
28591403,Explorer,21610,electric,5/12/2022 23:25:40,3619,6th/Congress,4051,10th/Red River,29
24259386,Local365,16874,electric,6/6/2021 9:59:52,3619,6th/Congress,4051,10th/Red River,50
24324640,Local31,19165,electric,13/6/2021 18:26:42,3619,6th/Congress,4051,10th/Red River,4
24260177,Local365,21690,electric,6/6/2021 11:40:18,3619,6th/Congress,4051,10th/Red River,62
24635405,Single Trip (Pay-as-you-ride),21496,electric,21/7/2021 15:43:30,3619,6th/Congress,4051,10th/Red River,33
24722935,Local31,16874,electric,31/7/2021 21:22:56,3619,6th/Congress,4051,10th/Red River,8
24761554,Local31,19682,electric,5/8/2021 19:39:44,3619,6th/Congress,4051,10th/Red River,9
24778029,Local31,16279,electric,7/8/2021 18:26:39,3619,6th/Congress,4051,10th/Red River,5
24801800,Local31,21496,electric,10/8/2021 21:57:05,3619,6th/Congress,4051,10th/Red River,8
24791235,Local31,19078,electric,9/8/2021 12:37:38,3619,6th/Congress,4051,10th/Red River,7
24736785,Local31,19870,electric,2/8/2021 15:02:05,3619,6th/Congress,4051,10th/Red River,10
24747212,Local31,19274,electric,3/8/2021 20:49:32,3619,6th/Congress,4051,10th/Red River,8
25441195,3-Day Weekender,18704,electric,16/10/2021 22:44:07,3619,6th/Congress,4051,10th/Red River,597
25441201,3-Day Weekender,21423,electric,16/10/2021 22:46:05,3619,6th/Congress,4051,10th/Red River,595
25350768,Pay-as-you-ride,19461,electric,8/10/2021 12:40:11,3619,6th/Congress,4051,10th/Red River,8
26817845,Local31,16395,electric,2/6/2022 15:22:22,3619,6th/Congress,4051,10th/Red River,11
27977777,Local365,19207,electric,26/9/2022 12:47:58,2565,6th/Trinity,4051,10th/Red River,4
27936721,3-Day Weekender,21755,electric,22/9/2022 21:08:18,2565,6th/Trinity,4051,10th/Red River,18
27787084,Local31,21666,electric,10/9/2022 22:40:54,2565,6th/Trinity,4051,10th/Red River,3
24143828,Local31,19706,electric,22/5/2021 15:42:32,2565,6th/Trinity,4051,10th/Red River,17
24365520,Explorer,18329,electric,19/6/2021 2:05:59,2565,6th/Trinity,4051,10th/Red River,5
24383831,Explorer,21571,electric,21/6/2021 1:58:02,2565,6th/Trinity,4051,10th/Red River,4
24300421,Local31,21662,electric,11/6/2021 8:53:01,2565,6th/Trinity,4051,10th/Red River,4
24810932,3-Day Weekender,21712,electric,12/8/2021 10:23:07,2565,6th/Trinity,4051,10th/Red River,4
26852719,3-Day Weekender,21492,electric,6/6/2022 18:45:48,2565,6th/Trinity,4051,10th/Red River,6
26852718,3-Day Weekender,21428,electric,6/6/2022 18:45:47,2565,6th/Trinity,4051,10th/Red River,5
26863226,Pay-as-you-ride,21886,electric,8/6/2022 10:50:50,2565,6th/Trinity,4051,10th/Red River,4
26852712,3-Day Weekender,16935,electric,6/6/2022 18:45:30,2565,6th/Trinity,4051,10th/Red River,5
26857434,Pay-as-you-ride,774,classic,7/6/2022 14:25:06,2565,6th/Trinity,4051,10th/Red River,2
26762622,Pay-as-you-ride,19110,electric,26/5/2022 20:24:25,2537,6th/West,4051,10th/Red River,27
26125723,Local31,19254,electric,7/3/2022 13:55:00,2537,6th/West,4051,10th/Red River,66
27689095,Local31,19401,electric,3/9/2022 0:37:03,2537,6th/West,4051,10th/Red River,24
28183754,3-Day Weekender,21772,electric,13/10/2022 17:57:25,2537,6th/West,4051,10th/Red River,11
25609208,Local31,21859,electric,8/11/2021 9:54:14,2537,6th/West,4051,10th/Red River,50
26652637,Local31,19274,electric,12/5/2022 16:27:24,2537,6th/West,4051,10th/Red River,102
27106503,Local365,19274,electric,5/7/2022 14:56:22,2496,8th/Congress,4051,10th/Red River,4
27537606,3-Day Weekender,18971,electric,21/8/2022 11:01:06,2496,8th/Congress,4051,10th/Red River,38
27537612,3-Day Weekender,19355,electric,21/8/2022 11:01:23,2496,8th/Congress,4051,10th/Red River,38
27645217,Local365,19955,electric,30/8/2022 12:34:37,2496,8th/Congress,4051,10th/Red River,5
27838602,Local365,19849,electric,15/9/2022 12:32:16,2496,8th/Congress,4051,10th/Red River,4
27929784,Local365,23318,electric,22/9/2022 12:38:24,2496,8th/Congress,4051,10th/Red River,4
28255883,Explorer,21689,electric,20/10/2022 19:16:47,2496,8th/Congress,4051,10th/Red River,46
28164155,Local365,21447,electric,12/10/2022 7:44:46,2496,8th/Congress,4051,10th/Red River,4
28255879,Explorer,21486,electric,20/10/2022 19:16:12,2496,8th/Congress,4051,10th/Red River,46
28417829,Explorer,21884,electric,6/11/2022 15:07:59,2496,8th/Congress,,10th/Red River,81
28417835,Explorer,21806,electric,6/11/2022 15:08:19,2496,8th/Congress,,10th/Red River,80
28428415,Local365,18556,electric,7/11/2022 17:03:09,2496,8th/Congress,,10th/Red River,4
28447931,Local365,19682,electric,9/11/2022 17:31:06,2496,8th/Congress,,10th/Red River,4
28397398,Local365,21653,electric,3/11/2022 20:01:50,2496,8th/Congress,,10th/Red River,4
28596539,Local365,19148,electric,6/12/2022 17:55:47,2496,8th/Congress,4051,10th/Red River,4
28656936,Local365,21886,electric,20/12/2022 17:08:05,2496,8th/Congress,4051,10th/Red River,3
28613109,3-Day Weekender,21698,electric,9/12/2022 14:34:27,2496,8th/Congress,4051,10th/Red River,18
28613102,3-Day Weekender,21689,electric,9/12/2022 14:33:48,2496,8th/Congress,4051,10th/Red River,19
26103698,Explorer,21516,electric,3/3/2022 21:22:53,4047,8th/Lavaca,4051,10th/Red River,58
26099901,Explorer,21438,electric,3/3/2022 12:48:19,4047,8th/Lavaca,4051,10th/Red River,5
26107203,Explorer,21419,electric,4/3/2022 14:35:33,4047,8th/Lavaca,4051,10th/Red River,50
26163361,Student Membership,21543,electric,14/3/2022 21:17:44,4047,8th/Lavaca,4051,10th/Red River,7
26086521,Local31,22599,electric,1/3/2022 10:09:53,4047,8th/Lavaca,4051,10th/Red River,62
26474713,Local31,16279,electric,22/4/2022 18:37:31,4047,8th/Lavaca,4051,10th/Red River,11
27997210,Local365,19040,electric,28/9/2022 7:38:41,4047,8th/Lavaca,4051,10th/Red River,6
27835052,Local365,19849,electric,15/9/2022 7:42:12,4047,8th/Lavaca,4051,10th/Red River,8
28008890,Local365,19040,electric,29/9/2022 7:44:08,4047,8th/Lavaca,4051,10th/Red River,6
28021164,Local365,21788,electric,30/9/2022 7:44:34,4047,8th/Lavaca,4051,10th/Red River,5
28330532,Local365,16456,electric,28/10/2022 7:38:30,4047,8th/Lavaca,4051,10th/Red River,5
28554896,Local365,21476,electric,30/11/2022 7:42:18,4047,8th/Lavaca,,10th/Red River,4
28440043,Local365,920,classic,9/11/2022 7:42:34,4047,8th/Lavaca,,10th/Red River,7
28598463,Local365,2228,classic,7/12/2022 7:44:26,4047,8th/Lavaca,4051,10th/Red River,6
28657672,Local365,19706,electric,21/12/2022 7:40:59,4047,8th/Lavaca,4051,10th/Red River,6
28670401,Local365,21886,electric,28/12/2022 7:38:17,4047,8th/Lavaca,4051,10th/Red River,5
28636924,Local365,19224,electric,14/12/2022 7:48:27,4047,8th/Lavaca,4051,10th/Red River,6
23645511,Local31,21438,electric,15/3/2021 21:20:20,4047,8th/Lavaca,4051,10th/Red River,38
23857242,Local31,21826,electric,12/4/2021 12:07:10,4047,8th/Lavaca,4051,10th/Red River,28
25187640,Local31,21546,electric,20/9/2021 6:18:31,4047,8th/Lavaca,4051,10th/Red River,45
25687668,Local31,21639,electric,20/11/2021 13:06:45,4047,8th/Lavaca,4051,10th/Red River,28
25814407,Local365,18564,electric,15/12/2021 16:32:51,4047,8th/Lavaca,4051,10th/Red River,5
26745102,Student Membership,21733,electric,23/5/2022 21:32:36,2571,8th/Red River,4051,10th/Red River,3
27332774,3-Day Weekender,270G,classic,29/7/2022 21:23:09,2571,8th/Red River,4051,10th/Red River,6
27332784,3-Day Weekender,849,classic,29/7/2022 21:24:08,2571,8th/Red River,4051,10th/Red River,5
27109003,Pay-as-you-ride,18909,electric,5/7/2022 19:09:53,2571,8th/Red River,4051,10th/Red River,54
28009466,Local31,19418,electric,29/9/2022 9:06:50,2571,8th/Red River,4051,10th/Red River,44
27939649,Pay-as-you-ride,233G,classic,23/9/2022 9:57:10,2571,8th/Red River,4051,10th/Red River,2
27990395,3-Day Weekender,19849,electric,27/9/2022 14:06:59,2571,8th/Red River,4051,10th/Red River,3
28345141,Explorer,920,classic,29/10/2022 16:11:43,2571,8th/Red River,4051,10th/Red River,119
28165228,Pay-as-you-ride,148G,classic,12/10/2022 9:55:37,2571,8th/Red River,4051,10th/Red River,2
28440902,Pay-as-you-ride,21652,electric,9/11/2022 9:55:50,2571,8th/Red River,,10th/Red River,2
28432824,Pay-as-you-ride,19132,electric,8/11/2022 10:59:59,2571,8th/Red River,,10th/Red River,2
28574195,3-Day Weekender,21733,electric,3/12/2022 11:44:13,2571,8th/Red River,4051,10th/Red River,3
28666892,Local31,17751,electric,26/12/2022 20:50:32,2571,8th/Red River,4051,10th/Red River,2
28614901,3-Day Weekender,21859,electric,9/12/2022 18:55:28,2571,8th/Red River,4051,10th/Red River,2
28574187,3-Day Weekender,18704,electric,3/12/2022 11:42:46,2571,8th/Red River,4051,10th/Red River,11
28614897,3-Day Weekender,22511,electric,9/12/2022 18:55:06,2571,8th/Red River,4051,10th/Red River,2
23719914,Local31,16277,electric,26/3/2021 17:34:16,2571,8th/Red River,4051,10th/Red River,2
23946730,Explorer,21650,electric,25/4/2021 15:23:37,2571,8th/Red River,4051,10th/Red River,320
23987944,3-Day Weekender,21666,electric,1/5/2021 12:16:50,2571,8th/Red River,4051,10th/Red River,3
24364568,Explorer,21546,electric,18/6/2021 22:15:34,2571,8th/Red River,4051,10th/Red River,2
24728930,Local31,16936,electric,1/8/2021 15:05:33,2571,8th/Red River,4051,10th/Red River,14
25295098,Local365,21561,electric,2/10/2021 1:31:10,2571,8th/Red River,4051,10th/Red River,9
25487962,3-Day Weekender,21876,electric,22/10/2021 11:36:31,2571,8th/Red River,4051,10th/Red River,9
25487964,3-Day Weekender,21415,electric,22/10/2021 11:36:43,2571,8th/Red River,4051,10th/Red River,8
25487963,3-Day Weekender,19631,electric,22/10/2021 11:36:32,2571,8th/Red River,4051,10th/Red River,9
25660427,3-Day Weekender,21703,electric,15/11/2021 15:33:14,2571,8th/Red River,4051,10th/Red River,52
25594467,Pay-as-you-ride,19194,electric,6/11/2021 14:28:54,2571,8th/Red River,4051,10th/Red River,90
25660418,3-Day Weekender,21427,electric,15/11/2021 15:31:47,2571,8th/Red River,4051,10th/Red River,54
25594535,Pay-as-you-ride,21496,electric,6/11/2021 14:34:00,2571,8th/Red River,4051,10th/Red River,84
25786620,Local31,19576,electric,9/12/2021 16:42:30,2571,8th/Red River,4051,10th/Red River,23
25768213,3-Day Weekender,1475,classic,5/12/2021 16:30:27,2571,8th/Red River,4051,10th/Red River,2
21436634,Single Trip (Pay-as-you-ride),640,classic,3/1/2020 21:33:04,2571,8th/Red River,4051,10th/Red River,149
21642435,Explorer,853,classic,3/3/2020 21:33:41,2571,8th/Red River,4051,10th/Red River,2
26782642,3-Day Weekender,17850,electric,29/5/2022 10:55:33,2562,8th/San Jacinto,4051,10th/Red River,5
26782575,3-Day Weekender,21723,electric,29/5/2022 10:49:43,2562,8th/San Jacinto,4051,10th/Red River,11
28269255,Pay-as-you-ride,23318,electric,22/10/2022 1:23:12,2562,8th/San Jacinto,4051,10th/Red River,23
28269256,Pay-as-you-ride,19107,electric,22/10/2022 1:23:28,2562,8th/San Jacinto,4051,10th/Red River,23
26954280,Local365,21659,electric,18/6/2022 21:28:29,2562,8th/San Jacinto,4051,10th/Red River,3
27289919,Local365,16855,electric,25/7/2022 8:11:23,3685,9th/Henderson,4051,10th/Red River,35
27543650,Local31,19221,electric,21/8/2022 18:24:22,3685,9th/Henderson,4051,10th/Red River,9
27695337,Local365,19250,electric,3/9/2022 16:24:37,3685,9th/Henderson,4051,10th/Red River,7
28387760,Local365,19326,electric,2/11/2022 20:51:48,3685,9th/Henderson,,10th/Red River,7
28624707,Local365,17850,electric,11/12/2022 16:22:22,3685,9th/Henderson,4051,10th/Red River,51
23736792,Explorer,18929,electric,28/3/2021 17:40:08,3685,9th/Henderson,4051,10th/Red River,7
23736780,Explorer,21685,electric,28/3/2021 17:39:08,3685,9th/Henderson,4051,10th/Red River,8
24868848,Local31,18592,electric,19/8/2021 13:09:16,3685,9th/Henderson,4051,10th/Red River,24
25148149,3-Day Weekender,21744,electric,16/9/2021 12:31:43,3685,9th/Henderson,4051,10th/Red River,12
26953497,Local31,95,classic,18/6/2022 20:16:17,3685,9th/Henderson,4051,10th/Red River,10
26886281,Local31,19849,electric,11/6/2022 9:37:44,3685,9th/Henderson,4051,10th/Red River,8
26953487,Local31,22599,electric,18/6/2022 20:15:55,3685,9th/Henderson,4051,10th/Red River,11
26735031,3-Day Weekender,21740,electric,22/5/2022 15:44:40,2572,Barton Springs Pool,4051,10th/Red River,41
26735048,3-Day Weekender,19739,electric,22/5/2022 15:46:05,2572,Barton Springs Pool,4051,10th/Red River,39
23728801,Pay-as-you-ride,19619,electric,27/3/2021 17:58:03,2572,Barton Springs Pool,4051,10th/Red River,38
23728805,Pay-as-you-ride,19427,electric,27/3/2021 17:58:12,2572,Barton Springs Pool,4051,10th/Red River,38
24523427,Pay-as-you-ride,21718,electric,8/7/2021 9:44:58,2572,Barton Springs Pool,4051,10th/Red River,28
24523420,Pay-as-you-ride,16337,electric,8/7/2021 9:43:54,2572,Barton Springs Pool,4051,10th/Red River,29
25752424,24 Hour Walk Up Pass,21528,electric,3/12/2021 12:49:30,2572,Barton Springs Pool,4051,10th/Red River,74
26831817,Explorer,21413,electric,4/6/2022 10:46:03,2572,Barton Springs Pool,4051,10th/Red River,115
26831882,Explorer,21747,electric,4/6/2022 10:53:13,2572,Barton Springs Pool,4051,10th/Red River,51
26789693,Pay-as-you-ride,19110,electric,29/5/2022 21:35:34,2567,Barton Springs/Bouldin @ Palmer Auditorium,4051,10th/Red River,16
27690497,Local31,19401,electric,3/9/2022 8:57:10,2567,Barton Springs/Bouldin @ Palmer Auditorium,4051,10th/Red River,14
27683949,Local31,19265,electric,2/9/2022 16:34:13,2567,Barton Springs/Bouldin @ Palmer Auditorium,4051,10th/Red River,16
27683968,3-Day Weekender,21528,electric,2/9/2022 16:35:27,2567,Barton Springs/Bouldin @ Palmer Auditorium,4051,10th/Red River,15
23894750,Local365,21431,electric,18/4/2021 8:40:57,2567,Barton Springs/Bouldin @ Palmer Auditorium,4051,10th/Red River,14
24133956,Local365,18329,electric,21/5/2021 11:54:10,2567,Barton Springs/Bouldin @ Palmer Auditorium,4051,10th/Red River,13
24716219,Local365,21712,electric,31/7/2021 11:17:59,2567,Barton Springs/Bouldin @ Palmer Auditorium,4051,10th/Red River,13
24517345,Pay-as-you-ride,1627,classic,7/7/2021 16:15:17,2567,Barton Springs/Bouldin @ Palmer Auditorium,4051,10th/Red River,1048
26552411,3-Day Weekender,22458,electric,30/4/2022 14:00:27,2711,Barton Springs/Kinney,4051,10th/Red River,38
26552405,3-Day Weekender,21499,electric,30/4/2022 13:59:49,2711,Barton Springs/Kinney,4051,10th/Red River,39
23729961,Explorer,19251,electric,27/3/2021 19:39:58,2711,Barton Springs/Kinney,4051,10th/Red River,51
23729966,Explorer,16874,electric,27/3/2021 19:40:29,2711,Barton Springs/Kinney,4051,10th/Red River,49
25539686,Pay-as-you-ride,19488,electric,28/10/2021 19:19:26,2711,Barton Springs/Kinney,4051,10th/Red River,33
25552106,24 Hour Walk Up Pass,158,classic,30/10/2021 18:20:45,2711,Barton Springs/Kinney,4051,10th/Red River,103
25660227,Explorer,21480,electric,15/11/2021 15:11:40,2711,Barton Springs/Kinney,4051,10th/Red River,42
25660223,Explorer,21789,electric,15/11/2021 15:11:28,2711,Barton Springs/Kinney,4051,10th/Red River,43
26649082,Local31,19132,electric,12/5/2022 10:51:07,2711,Barton Springs/Kinney,4051,10th/Red River,19
26364650,3-Day Weekender,19943,electric,9/4/2022 20:20:41,3687,Boardwalk West,4051,10th/Red River,49
25387097,Local365,19250,electric,11/10/2021 14:15:00,3687,Boardwalk West,4051,10th/Red River,14
26735434,Explorer,16828,electric,22/5/2022 16:19:02,3684,Cesar Chavez/Congress,4051,10th/Red River,15
26254769,3-Day Weekender,288,classic,27/3/2022 8:18:23,3684,Cesar Chavez/Congress,4051,10th/Red River,76
27454647,Local31,19265,electric,12/8/2022 16:52:31,3684,Cesar Chavez/Congress,4051,10th/Red River,48
26173742,Local31,19748,electric,16/3/2022 12:32:08,2498,Dean Keeton/Speedway,4051,10th/Red River,15
26173740,Local31,16395,electric,16/3/2022 12:31:46,2498,Dean Keeton/Speedway,4051,10th/Red River,16
26345624,Local365,19476,electric,7/4/2022 18:33:27,2498,Dean Keeton/Speedway,4051,10th/Red River,17
27715745,Student Membership,22431,electric,5/9/2022 11:18:36,2498,Dean Keeton/Speedway,4051,10th/Red River,14
28256238,Local31,21440,electric,20/10/2022 19:55:08,2498,Dean Keeton/Speedway,4051,10th/Red River,49
23799032,Local31,21426,electric,5/4/2021 11:47:47,2498,Dean Keeton/Speedway,4051,10th/Red River,44
25235839,Pay-as-you-ride,19775,electric,25/9/2021 14:45:51,2498,Dean Keeton/Speedway,4051,10th/Red River,140
25235846,Pay-as-you-ride,16330,electric,25/9/2021 14:46:27,2498,Dean Keeton/Speedway,4051,10th/Red River,139
26598597,Student Membership,21457,electric,6/5/2022 12:17:05,3795,Dean Keeton/Whitis,4051,10th/Red River,12
27636736,Student Membership,19704,electric,29/8/2022 15:34:39,3795,Dean Keeton/Whitis,4051,10th/Red River,37
24387260,24 Hour Walk Up Pass,2277,classic,21/6/2021 15:31:51,3795,Dean Keeton/Whitis,4051,10th/Red River,19
24387252,24 Hour Walk Up Pass,2195,classic,21/6/2021 15:31:14,3795,Dean Keeton/Whitis,4051,10th/Red River,19
24876146,Local31,16277,electric,20/8/2021 10:43:39,3795,Dean Keeton/Whitis,4051,10th/Red River,23
25175474,U.T. Student Membership,19330,electric,18/9/2021 19:43:41,3795,Dean Keeton/Whitis,4051,10th/Red River,21
25760940,Explorer,18913,electric,4/12/2021 15:46:41,3795,Dean Keeton/Whitis,4051,10th/Red River,40
21729850,Local30,19165,electric,26/3/2020 18:03:00,3795,Dean Keeton/Whitis,4051,10th/Red River,32
25983125,Student Membership,21733,electric,6/2/2022 9:14:30,3795,Dean Keeton/Whitis,4051,10th/Red River,99
26589919,Student Membership,5,classic,5/5/2022 8:47:42,2569,East 11th/San Marcos,4051,10th/Red River,4
26108547,Local365,21553,electric,4/3/2022 16:56:16,2569,East 11th/San Marcos,4051,10th/Red River,2
27160229,Explorer,160,classic,11/7/2022 11:37:15,2569,East 11th/San Marcos,4051,10th/Red River,6
27801367,Student Membership,263G,classic,12/9/2022 13:25:32,2569,East 11th/San Marcos,4051,10th/Red River,5
27901893,Local365,548,classic,20/9/2022 9:17:01,2569,East 11th/San Marcos,4051,10th/Red River,5
27789475,Local31,21755,electric,11/9/2022 11:00:32,2569,East 11th/San Marcos,4051,10th/Red River,4
27687079,Local31,540,classic,2/9/2022 20:14:45,2569,East 11th/San Marcos,4051,10th/Red River,3
28478328,Student Membership,12802,classic,13/11/2022 18:39:48,2569,East 11th/San Marcos,,10th/Red River,4
28411601,Local365,18939,electric,5/11/2022 20:00:49,2569,East 11th/San Marcos,,10th/Red River,4
28593105,Explorer,21586,electric,6/12/2022 11:27:33,2569,East 11th/San Marcos,4051,10th/Red River,54
28577407,Student Membership,1949,classic,3/12/2022 18:10:18,2569,East 11th/San Marcos,4051,10th/Red River,2
23470029,Local365,174,classic,30/1/2021 19:20:30,2569,East 11th/San Marcos,4051,10th/Red River,4
23748736,Local31,19213,electric,30/3/2021 12:18:40,2569,East 11th/San Marcos,4051,10th/Red River,5
23613492,Explorer,21477,electric,10/3/2021 10:13:11,2569,East 11th/San Marcos,4051,10th/Red River,28
23614382,Local31,21438,electric,10/3/2021 12:52:19,2569,East 11th/San Marcos,4051,10th/Red River,22
23645746,Local31,16831,electric,15/3/2021 22:55:32,2569,East 11th/San Marcos,4051,10th/Red River,37
23921867,Local31,21666,electric,22/4/2021 13:02:12,2569,East 11th/San Marcos,4051,10th/Red River,3
24043206,Local31,278,classic,8/5/2021 14:03:42,2569,East 11th/San Marcos,4051,10th/Red River,4
24175717,Local31,19739,electric,26/5/2021 20:55:55,2569,East 11th/San Marcos,4051,10th/Red River,6
24447908,Local31,21419,electric,29/6/2021 13:31:44,2569,East 11th/San Marcos,4051,10th/Red River,8
24569197,Local365,546,classic,13/7/2021 19:23:31,2569,East 11th/San Marcos,4051,10th/Red River,6
24721381,Local365,84,classic,31/7/2021 18:50:58,2569,East 11th/San Marcos,4051,10th/Red River,4
24809125,Local31,18181,electric,11/8/2021 21:37:33,2569,East 11th/San Marcos,4051,10th/Red River,3
25271268,Local365,21727,electric,29/9/2021 12:45:13,2569,East 11th/San Marcos,4051,10th/Red River,20
25489255,24 Hour Walk Up Pass,16456,electric,22/10/2021 13:34:00,2569,East 11th/San Marcos,4051,10th/Red River,6
25349575,Explorer,21492,electric,8/10/2021 10:53:20,2569,East 11th/San Marcos,4051,10th/Red River,5
25647430,Local365,544,classic,13/11/2021 16:59:49,2569,East 11th/San Marcos,4051,10th/Red River,3
27056073,Student Membership,468,classic,30/6/2022 8:50:31,2569,East 11th/San Marcos,4051,10th/Red River,2
26807503,Local365,650,classic,1/6/2022 8:29:23,2569,East 11th/San Marcos,4051,10th/Red River,4
27013373,Local31,123,classic,25/6/2022 13:07:29,2569,East 11th/San Marcos,4051,10th/Red River,3
26801053,Student Membership,157G,classic,31/5/2022 9:15:14,2569,East 11th/San Marcos,4051,10th/Red River,6
26177038,Local365,2077,classic,16/3/2022 16:40:54,2568,East 11th/Victory Grill,4051,10th/Red River,5
27595401,3-Day Weekender,21639,electric,26/8/2022 10:33:22,2568,East 11th/Victory Grill,4051,10th/Red River,4
28212243,Pay-as-you-ride,930,classic,16/10/2022 11:10:20,2568,East 11th/Victory Grill,4051,10th/Red River,5
28212251,Pay-as-you-ride,996,classic,16/10/2022 11:10:58,2568,East 11th/Victory Grill,4051,10th/Red River,5
28212245,Pay-as-you-ride,074G,classic,16/10/2022 11:10:37,2568,East 11th/Victory Grill,4051,10th/Red River,5
28212247,Pay-as-you-ride,014G,classic,16/10/2022 11:10:48,2568,East 11th/Victory Grill,4051,10th/Red River,5
23504969,Local31,21487,electric,9/2/2021 11:20:37,2568,East 11th/Victory Grill,4051,10th/Red River,7
23375071,Explorer,19865,electric,2/1/2021 15:23:37,2568,East 11th/Victory Grill,4051,10th/Red River,19
23375073,Explorer,18132,electric,2/1/2021 15:23:53,2568,East 11th/Victory Grill,4051,10th/Red River,19
24306426,Local31,21744,electric,11/6/2021 20:57:54,2568,East 11th/Victory Grill,4051,10th/Red River,4
25302526,Local31,21903,electric,2/10/2021 17:51:12,2568,East 11th/Victory Grill,4051,10th/Red River,3
25546470,24 Hour Walk Up Pass,1857,classic,29/10/2021 20:19:45,2568,East 11th/Victory Grill,4051,10th/Red River,50
25546465,24 Hour Walk Up Pass,182,classic,29/10/2021 20:18:27,2568,East 11th/Victory Grill,4051,10th/Red River,51
25546468,3-Day Weekender,472,classic,29/10/2021 20:18:59,2568,East 11th/Victory Grill,4051,10th/Red River,51
25637256,3-Day Weekender,1574,classic,12/11/2021 13:01:04,2568,East 11th/Victory Grill,4051,10th/Red River,9
25596858,Explorer,21551,electric,6/11/2021 17:11:51,2568,East 11th/Victory Grill,4051,10th/Red River,5
25596860,Explorer,22155,electric,6/11/2021 17:11:52,2568,East 11th/Victory Grill,4051,10th/Red River,5
25637251,3-Day Weekender,066G,classic,12/11/2021 13:00:27,2568,East 11th/Victory Grill,4051,10th/Red River,10
21471098,Local365,329,classic,14/1/2020 14:07:47,2568,East 11th/Victory Grill,4051,10th/Red River,3
24500271,Local31,19330,electric,5/7/2021 13:11:25,3293,East 2nd/Pedernales,4051,10th/Red River,16
25868679,3-Day Weekender,18592,electric,31/12/2021 11:57:57,3293,East 2nd/Pedernales,4051,10th/Red River,14
25868675,3-Day Weekender,22581,electric,31/12/2021 11:57:34,3293,East 2nd/Pedernales,4051,10th/Red River,14
21750815,Local30,014G,classic,1/4/2020 16:32:10,3293,East 2nd/Pedernales,4051,10th/Red River,17
21782738,Pay-as-you-ride,19270,electric,11/4/2020 19:04:02,3293,East 2nd/Pedernales,4051,10th/Red River,49
21750814,Local30,19918,electric,1/4/2020 16:32:09,3293,East 2nd/Pedernales,4051,10th/Red River,17
21782753,Pay-as-you-ride,014G,classic,11/4/2020 19:10:51,3293,East 2nd/Pedernales,4051,10th/Red River,59
26547525,Local31,21859,electric,29/4/2022 21:01:52,3292,East 4th/Chicon,4051,10th/Red River,17
27662090,Local365,18564,electric,31/8/2022 19:22:10,3292,East 4th/Chicon,4051,10th/Red River,10
28675096,Explorer,18792,electric,29/12/2022 7:42:26,3292,East 4th/Chicon,4051,10th/Red River,13
25607254,Local31,21659,electric,7/11/2021 20:00:24,3292,East 4th/Chicon,4051,10th/Red River,8
25552831,Local31,16936,electric,30/10/2021 19:51:35,2823,East 5th/Broadway @ Capital Metro HQ,4051,10th/Red River,13
21510959,Local365,106G,classic,26/1/2020 8:41:05,2823,East 5th/Broadway @ Capital Metro HQ,4051,10th/Red River,45
27389675,Local365,21668,electric,5/8/2022 10:16:35,4699,East 5th/Shady @ Eastside Bus Plaza,4051,10th/Red River,104
24953906,3-Day Weekender,21495,electric,27/8/2021 20:07:02,4699,East 5th/Shady @ Eastside Bus Plaza,4051,10th/Red River,27
26584308,Pay-as-you-ride,19453,electric,4/5/2022 13:33:50,3660,East 6th/Medina,4051,10th/Red River,9
26798883,Pay-as-you-ride,21650,electric,30/5/2022 19:47:48,3660,East 6th/Medina,4051,10th/Red River,5
26681459,Explorer,16322,electric,15/5/2022 15:06:32,3660,East 6th/Medina,4051,10th/Red River,6
26173909,Local365,019G,classic,16/3/2022 12:50:05,3660,East 6th/Medina,4051,10th/Red River,4
27607602,3-Day Weekender,2147,classic,27/8/2022 8:51:43,3660,East 6th/Medina,4051,10th/Red River,4
27609948,3-Day Weekender,21639,electric,27/8/2022 12:13:01,3660,East 6th/Medina,4051,10th/Red River,3
27845977,Local31,21652,electric,15/9/2022 20:24:53,3660,East 6th/Medina,4051,10th/Red River,6
28018931,Local31,21788,electric,29/9/2022 20:37:11,3660,East 6th/Medina,4051,10th/Red River,31
23708734,Local365,19303,electric,24/3/2021 20:08:26,3660,East 6th/Medina,4051,10th/Red River,4
24244773,Pay-as-you-ride,21772,electric,4/6/2021 18:13:44,3660,East 6th/Medina,4051,10th/Red River,5
24429313,Local31,19355,electric,26/6/2021 21:59:06,3660,East 6th/Medina,4051,10th/Red River,8
24864021,Local31,19110,electric,18/8/2021 18:44:10,3660,East 6th/Medina,4051,10th/Red River,6
25553246,3-Day Weekender,2195,classic,30/10/2021 20:57:21,3660,East 6th/Medina,4051,10th/Red River,975
25553252,3-Day Weekender,400,classic,30/10/2021 20:58:40,3660,East 6th/Medina,4051,10th/Red River,974
25652819,3-Day Weekender,19376,electric,14/11/2021 14:14:25,3660,East 6th/Medina,4051,10th/Red River,5
25652824,3-Day Weekender,16936,electric,14/11/2021 14:14:32,3660,East 6th/Medina,4051,10th/Red River,5
26808274,Local365,21568,electric,1/6/2022 10:33:16,3660,East 6th/Medina,4051,10th/Red River,35
26584307,Pay-as-you-ride,19224,electric,4/5/2022 13:33:43,3660,East 6th/Medina,4051,10th/Red River,9
27873802,Local365,873,classic,17/9/2022 20:36:38,2544,East 6th/Pedernales,4051,10th/Red River,12
24479931,24 Hour Walk Up Pass,685,classic,3/7/2021 13:56:39,2544,East 6th/Pedernales,4051,10th/Red River,19
24479939,24 Hour Walk Up Pass,993,classic,3/7/2021 13:57:29,2544,East 6th/Pedernales,4051,10th/Red River,18
25283852,Student Membership,19319,electric,30/9/2021 19:32:40,2544,East 6th/Pedernales,4051,10th/Red River,13
27118799,Local31,21550,electric,7/7/2022 6:21:37,2822,East 6th/Robert T. Martinez,4051,10th/Red River,9
28596257,Student Membership,21714,electric,6/12/2022 17:22:41,2822,East 6th/Robert T. Martinez,4051,10th/Red River,11
24864693,3-Day Weekender,19488,electric,18/8/2021 20:02:57,2822,East 6th/Robert T. Martinez,4051,10th/Red River,19
25662560,Local365,19198,electric,15/11/2021 20:37:47,2822,East 6th/Robert T. Martinez,4051,10th/Red River,20
26729108,Local31,21490,electric,21/5/2022 19:32:04,2566,Electric Drive/Sandra Muraida Way @ Pfluger Ped Bridge,4051,10th/Red River,43
27448957,Local31,661,classic,11/8/2022 21:41:20,2566,Electric Drive/Sandra Muraida Way @ Pfluger Ped Bridge,4051,10th/Red River,16
28634449,Student Membership,21438,electric,13/12/2022 14:51:42,2566,Electric Drive/Sandra Muraida Way @ Pfluger Ped Bridge,4051,10th/Red River,12
28590956,Explorer,21576,electric,5/12/2022 21:01:42,2566,Electric Drive/Sandra Muraida Way @ Pfluger Ped Bridge,4051,10th/Red River,12
28629324,Student Membership,21699,electric,12/12/2022 14:28:15,2566,Electric Drive/Sandra Muraida Way @ Pfluger Ped Bridge,4051,10th/Red River,21
23392414,Local365,19285,electric,7/1/2021 12:41:44,2566,Electric Drive/Sandra Muraida Way @ Pfluger Ped Bridge,4051,10th/Red River,9
25436340,3-Day Weekender,19198,electric,16/10/2021 15:12:20,2566,Electric Drive/Sandra Muraida Way @ Pfluger Ped Bridge,4051,10th/Red River,37
25910257,Local31,16279,electric,14/1/2022 20:21:18,2566,Electric Drive/Sandra Muraida Way @ Pfluger Ped Bridge,4051,10th/Red River,14
26740588,3-Day Weekender,21742,electric,23/5/2022 11:31:03,2548,Guadalupe/West Mall @ University Co-op,4051,10th/Red River,14
26600443,3-Day Weekender,23251,electric,6/5/2022 15:31:57,2548,Guadalupe/West Mall @ University Co-op,4051,10th/Red River,44
26107164,U.T. Student Membership,21704,electric,4/3/2022 14:31:41,2548,Guadalupe/West Mall @ University Co-op,4051,10th/Red River,12
27338456,Local31,18947,electric,30/7/2022 14:12:53,2548,Guadalupe/West Mall @ University Co-op,4051,10th/Red River,43
28503725,Student Membership,21427,electric,18/11/2022 12:13:39,2548,Guadalupe/West Mall @ University Co-op,,10th/Red River,19
28503727,Pay-as-you-ride,285,classic,18/11/2022 12:14:29,2548,Guadalupe/West Mall @ University Co-op,,10th/Red River,18
28637433,Student Membership,22196,electric,14/12/2022 10:28:17,2548,Guadalupe/West Mall @ University Co-op,4051,10th/Red River,25
23694827,Explorer,19935,electric,22/3/2021 15:00:22,2548,Guadalupe/West Mall @ University Co-op,4051,10th/Red River,43
23694829,Explorer,21720,electric,22/3/2021 15:00:37,2548,Guadalupe/West Mall @ University Co-op,4051,10th/Red River,43
24445115,Local31,18556,electric,28/6/2021 21:23:13,2548,Guadalupe/West Mall @ University Co-op,4051,10th/Red River,58
24463107,Local31,19160,electric,1/7/2021 16:26:26,2548,Guadalupe/West Mall @ University Co-op,4051,10th/Red River,7
24599328,Local31,21816,electric,17/7/2021 14:20:28,2548,Guadalupe/West Mall @ University Co-op,4051,10th/Red River,42
25201258,3-Day Weekender,342,classic,21/9/2021 18:06:25,2548,Guadalupe/West Mall @ University Co-op,4051,10th/Red River,24
25201268,3-Day Weekender,213,classic,21/9/2021 18:07:11,2548,Guadalupe/West Mall @ University Co-op,4051,10th/Red River,23
25580262,24 Hour Walk Up Pass,157,classic,4/11/2021 15:12:58,2548,Guadalupe/West Mall @ University Co-op,4051,10th/Red River,46
26083362,Local365,2077,classic,28/2/2022 15:23:18,2548,Guadalupe/West Mall @ University Co-op,4051,10th/Red River,12
26409417,Local365,18532,electric,15/4/2022 13:08:33,4058,Hollow Creek/Barton Hills,4051,10th/Red River,25
23675826,Local365,19734,electric,20/3/2021 13:37:09,4058,Hollow Creek/Barton Hills,4051,10th/Red River,18
23675827,Local365,21690,electric,20/3/2021 13:37:10,4058,Hollow Creek/Barton Hills,4051,10th/Red River,18
26238852,Student Membership,21725,electric,24/3/2022 20:32:39,3790,Lake Austin Blvd/Deep Eddy,4051,10th/Red River,23
27166822,Local365,21630,electric,12/7/2022 6:34:57,3790,Lake Austin Blvd/Deep Eddy,4051,10th/Red River,24
27619297,Local31,19955,electric,28/8/2022 0:14:04,3790,Lake Austin Blvd/Deep Eddy,4051,10th/Red River,17
27960339,Student Membership,19678,electric,24/9/2022 19:50:54,3790,Lake Austin Blvd/Deep Eddy,4051,10th/Red River,19
28337342,Student Membership,21739,electric,28/10/2022 18:45:57,3790,Lake Austin Blvd/Deep Eddy,4051,10th/Red River,17
24298182,Pay-as-you-ride,21408,electric,10/6/2021 20:13:26,3790,Lake Austin Blvd/Deep Eddy,4051,10th/Red River,30
24298179,Pay-as-you-ride,21727,electric,10/6/2021 20:13:06,3790,Lake Austin Blvd/Deep Eddy,4051,10th/Red River,30
24298173,Pay-as-you-ride,21495,electric,10/6/2021 20:12:41,3790,Lake Austin Blvd/Deep Eddy,4051,10th/Red River,31
25603144,Pay-as-you-ride,22155,electric,7/11/2021 13:41:23,3791,Lake Austin/Enfield,4051,10th/Red River,56
25603150,Pay-as-you-ride,18947,electric,7/11/2021 13:42:07,3791,Lake Austin/Enfield,4051,10th/Red River,55
27038543,Local365,21709,electric,28/6/2022 8:58:27,3791,Lake Austin/Enfield,4051,10th/Red River,36
27128932,Pay-as-you-ride,19330,electric,8/7/2022 10:41:31,4061,Lakeshore/Austin Hostel,4051,10th/Red River,14
28337290,Pay-as-you-ride,21720,electric,28/10/2022 18:42:01,4061,Lakeshore/Austin Hostel,4051,10th/Red River,23
23890538,Pay-as-you-ride,21895,electric,17/4/2021 16:37:11,4061,Lakeshore/Austin Hostel,4051,10th/Red River,87
23890558,Pay-as-you-ride,21571,electric,17/4/2021 16:39:03,4061,Lakeshore/Austin Hostel,4051,10th/Red River,85
24828497,Local31,21709,electric,14/8/2021 12:08:57,4061,Lakeshore/Austin Hostel,4051,10th/Red River,22
26037510,Local31,21695,electric,17/2/2022 16:15:47,4061,Lakeshore/Austin Hostel,4051,10th/Red River,25
26677749,Student Membership,19194,electric,15/5/2022 9:18:16,4062,Lakeshore/Pleasant Valley,4051,10th/Red River,20
24885848,Explorer,19163,electric,21/8/2021 10:43:46,4059,Nash Hernandez/East @ RBJ South,4051,10th/Red River,21
24885841,Local365,21806,electric,21/8/2021 10:43:15,4059,Nash Hernandez/East @ RBJ South,4051,10th/Red River,20
26557995,3-Day Weekender,21528,electric,30/4/2022 22:22:25,2542,Plaza Saltillo,4051,10th/Red River,12
26476886,Local31,17850,electric,22/4/2022 22:54:05,2542,Plaza Saltillo,4051,10th/Red River,5
27532425,Explorer,17460,electric,20/8/2022 19:05:35,2542,Plaza Saltillo,4051,10th/Red River,82
27580392,3-Day Weekender,22567,electric,24/8/2022 22:04:20,2542,Plaza Saltillo,4051,10th/Red River,9
27756858,Local31,21698,electric,8/9/2022 14:40:26,2542,Plaza Saltillo,4051,10th/Red River,9
28268270,Local31,21744,electric,21/10/2022 21:49:48,2542,Plaza Saltillo,4051,10th/Red River,33
28372148,Local31,19918,electric,1/11/2022 12:52:55,2542,Plaza Saltillo,,10th/Red River,51
23819460,Local31,21571,electric,7/4/2021 18:57:16,2542,Plaza Saltillo,4051,10th/Red River,8
24028908,Local31,18253,electric,6/5/2021 16:33:07,2542,Plaza Saltillo,4051,10th/Red River,8
24659349,Local365,19935,electric,24/7/2021 12:36:45,2542,Plaza Saltillo,4051,10th/Red River,68
24626218,Local31,19602,electric,20/7/2021 15:52:25,2542,Plaza Saltillo,4051,10th/Red River,12
25560435,Pay-as-you-ride,16874,electric,31/10/2021 20:50:51,2542,Plaza Saltillo,4051,10th/Red River,15
25560397,Single Trip (Pay-as-you-ride),22155,electric,31/10/2021 20:41:41,2542,Plaza Saltillo,4051,10th/Red River,11
26830135,Local31,21886,electric,3/6/2022 23:28:54,2542,Plaza Saltillo,4051,10th/Red River,8
26682393,Student Membership,21586,electric,15/5/2022 16:24:37,2707,Rainey/Cummings,4051,10th/Red River,85
27877380,Explorer,21571,electric,18/9/2022 8:41:26,2707,Rainey/Cummings,4051,10th/Red River,53
28413848,3-Day Weekender,21884,electric,6/11/2022 8:59:56,2707,Rainey/Cummings,,10th/Red River,75
23784222,Local31,21480,electric,3/4/2021 20:21:00,2707,Rainey/Cummings,4051,10th/Red River,20
26005015,Single Trip (Pay-as-you-ride),213,classic,10/2/2022 14:43:57,2707,Rainey/Cummings,4051,10th/Red River,44
26005033,Single Trip (Pay-as-you-ride),12802,classic,10/2/2022 14:46:07,2707,Rainey/Cummings,4051,10th/Red River,41
26950334,24 Hour Walk Up Pass,21729,electric,18/6/2022 16:04:43,2707,Rainey/Cummings,4051,10th/Red River,297
23450116,Local365,16279,electric,25/1/2021 8:03:58,2563,Rainey/Davis,4051,10th/Red River,7
24873960,Local31,19870,electric,19/8/2021 22:26:13,2563,Rainey/Davis,4051,10th/Red River,6
25552049,3-Day Weekender,057G,classic,30/10/2021 18:14:41,2563,Rainey/Davis,4051,10th/Red River,14
25430047,Pay-as-you-ride,16936,electric,15/10/2021 20:42:14,2563,Rainey/Davis,4051,10th/Red River,12
25501894,Local31,21454,electric,23/10/2021 17:34:17,2563,Rainey/Davis,4051,10th/Red River,10
25430032,Pay-as-you-ride,19631,electric,15/10/2021 20:40:01,2563,Rainey/Davis,4051,10th/Red River,14
26149594,Pay-as-you-ride,22530,electric,12/3/2022 17:57:44,2563,Rainey/Driskill,4051,10th/Red River,11
26170022,3-Day Weekender,12727,classic,15/3/2022 18:47:54,2563,Rainey/Driskill,4051,10th/Red River,13
26149598,Pay-as-you-ride,19734,electric,12/3/2022 17:58:15,2563,Rainey/Driskill,4051,10th/Red River,10
26089916,Local31,17374,electric,1/3/2022 17:17:20,2563,Rainey/Driskill,4051,10th/Red River,8
26391134,Pay-as-you-ride,19250,electric,12/4/2022 22:22:57,2563,Rainey/Driskill,4051,10th/Red River,11
26547859,3-Day Weekender,19847,electric,29/4/2022 22:00:55,2563,Rainey/Driskill,4051,10th/Red River,8
26391128,Pay-as-you-ride,21476,electric,12/4/2022 22:21:14,2563,Rainey/Driskill,4051,10th/Red River,13
26544829,Explorer,21772,electric,29/4/2022 16:15:32,2563,Rainey/Driskill,4051,10th/Red River,12
26433774,3-Day Weekender,22563,electric,18/4/2022 9:41:07,2563,Rainey/Driskill,4051,10th/Red River,8
26433771,3-Day Weekender,22155,electric,18/4/2022 9:40:23,2563,Rainey/Driskill,4051,10th/Red River,9
26544811,Explorer,18947,electric,29/4/2022 16:14:14,2563,Rainey/Driskill,4051,10th/Red River,13
27074577,Local365,19476,electric,2/7/2022 9:04:15,2563,Rainey/Driskill,4051,10th/Red River,7
27579391,Pay-as-you-ride,17460,electric,24/8/2022 20:20:55,2563,Rainey/Driskill,4051,10th/Red River,23
27793816,Pay-as-you-ride,22461,electric,11/9/2022 17:38:06,2563,Rainey/Driskill,4051,10th/Red River,6
27963411,Local31,19678,electric,25/9/2022 2:24:16,2563,Rainey/Driskill,4051,10th/Red River,8
28046568,Pay-as-you-ride,135,classic,1/10/2022 23:26:09,2563,Rainey/Driskill,4051,10th/Red River,14
28387720,Local365,21688,electric,2/11/2022 20:44:00,2563,Rainey/Driskill,,10th/Red River,8
28576111,Student Membership,21458,electric,3/12/2022 15:31:39,2563,Rainey/Driskill,4051,10th/Red River,6
28614725,Explorer,21739,electric,9/12/2022 18:27:17,2563,Rainey/Driskill,4051,10th/Red River,8
26955312,Explorer,19401,electric,18/6/2022 23:55:27,2563,Rainey/Driskill,4051,10th/Red River,61
26955318,Explorer,19285,electric,18/6/2022 23:57:07,2563,Rainey/Driskill,4051,10th/Red River,60
26955314,Explorer,19434,electric,18/6/2022 23:56:25,2563,Rainey/Driskill,4051,10th/Red River,61
26770165,Pay-as-you-ride,19110,electric,27/5/2022 21:47:41,4060,Red River/Cesar Chavez @ The Fairmont,4051,10th/Red River,17
26267306,Local31,23271,electric,28/3/2022 17:51:58,4060,Red River/Cesar Chavez @ The Fairmont,4051,10th/Red River,63
26285286,Explorer,19314,electric,31/3/2022 12:48:14,4060,Red River/Cesar Chavez @ The Fairmont,4051,10th/Red River,22
26206174,Local365,21652,electric,19/3/2022 19:06:13,4060,Red River/Cesar Chavez @ The Fairmont,4051,10th/Red River,28
26206196,24 Hour Walk Up Pass,21749,electric,19/3/2022 19:09:00,4060,Red River/Cesar Chavez @ The Fairmont,4051,10th/Red River,25
26285248,Explorer,22458,electric,31/3/2022 12:42:27,4060,Red River/Cesar Chavez @ The Fairmont,4051,10th/Red River,28
26116898,Student Membership,19608,electric,5/3/2022 18:13:40,4060,Red River/Cesar Chavez @ The Fairmont,4051,10th/Red River,10
26116903,Local31,21799,electric,5/3/2022 18:14:46,4060,Red River/Cesar Chavez @ The Fairmont,4051,10th/Red River,8
26462492,24 Hour Walk Up Pass,19432,electric,21/4/2022 15:03:17,4060,Red River/Cesar Chavez @ The Fairmont,4051,10th/Red River,18
26462483,24 Hour Walk Up Pass,21699,electric,21/4/2022 15:02:17,4060,Red River/Cesar Chavez @ The Fairmont,4051,10th/Red River,19
26462503,24 Hour Walk Up Pass,16845,electric,21/4/2022 15:04:15,4060,Red River/Cesar Chavez @ The Fairmont,4051,10th/Red River,17
26399723,3-Day Weekender,224,classic,14/4/2022 10:36:38,4060,Red River/Cesar Chavez @ The Fairmont,4051,10th/Red River,11
26399734,3-Day Weekender,1641,classic,14/4/2022 10:37:43,4060,Red River/Cesar Chavez @ The Fairmont,4051,10th/Red River,10
27074580,Local365,19247,electric,2/7/2022 9:04:54,4060,Red River/Cesar Chavez @ The Fairmont,4051,10th/Red River,7
27886429,Local31,19330,electric,18/9/2022 19:59:57,4060,Red River/Cesar Chavez @ The Fairmont,4051,10th/Red River,26
27691994,Local31,18792,electric,3/9/2022 11:51:13,4060,Red River/Cesar Chavez @ The Fairmont,4051,10th/Red River,7
28259116,Local31,21691,electric,21/10/2022 9:56:00,4060,Red River/Cesar Chavez @ The Fairmont,4051,10th/Red River,7
28259121,Pay-as-you-ride,2722,classic,21/10/2022 9:56:43,4060,Red River/Cesar Chavez @ The Fairmont,4051,10th/Red River,6
28282773,Local31,19326,electric,23/10/2022 9:23:02,4060,Red River/Cesar Chavez @ The Fairmont,4051,10th/Red River,5
28282781,Pay-as-you-ride,12727,classic,23/10/2022 9:23:56,4060,Red River/Cesar Chavez @ The Fairmont,4051,10th/Red River,5
23706142,Explorer,19480,electric,24/3/2021 14:21:25,4060,Red River/Cesar Chavez @ The Fairmont,4051,10th/Red River,14
23797781,Pay-as-you-ride,19211,electric,5/4/2021 9:00:55,4060,Red River/Cesar Chavez @ The Fairmont,4051,10th/Red River,7
23797783,Pay-as-you-ride,19688,electric,5/4/2021 9:01:11,4060,Red River/Cesar Chavez @ The Fairmont,4051,10th/Red River,6
24411772,Local31,21473,electric,24/6/2021 17:56:28,4060,Red River/Cesar Chavez @ The Fairmont,4051,10th/Red River,62
24484692,3-Day Weekender,19775,electric,3/7/2021 21:02:47,4060,Red River/Cesar Chavez @ The Fairmont,4051,10th/Red River,7
24484662,3-Day Weekender,21496,electric,3/7/2021 20:59:57,4060,Red River/Cesar Chavez @ The Fairmont,4051,10th/Red River,10
21651349,Single Trip (Pay-as-you-ride),088G,classic,5/3/2020 19:42:23,4060,Red River/Cesar Chavez @ The Fairmont,4051,10th/Red River,23
21651352,Single Trip (Pay-as-you-ride),3281,classic,5/3/2020 19:43:12,4060,Red River/Cesar Chavez @ The Fairmont,4051,10th/Red River,23
26070522,Pay-as-you-ride,19488,electric,25/2/2022 12:08:50,4060,Red River/Cesar Chavez @ The Fairmont,4051,10th/Red River,8
26049452,3-Day Weekender,21859,electric,19/2/2022 19:44:22,4060,Red River/Cesar Chavez @ The Fairmont,4051,10th/Red River,7
26049454,3-Day Weekender,21528,electric,19/2/2022 19:44:43,4060,Red River/Cesar Chavez @ The Fairmont,4051,10th/Red River,7
26073109,3-Day Weekender,21438,electric,26/2/2022 9:56:28,4060,Red River/Cesar Chavez @ The Fairmont,4051,10th/Red River,5
26049450,3-Day Weekender,21496,electric,19/2/2022 19:44:00,4060,Red River/Cesar Chavez @ The Fairmont,4051,10th/Red River,7
26049453,3-Day Weekender,22449,electric,19/2/2022 19:44:32,4060,Red River/Cesar Chavez @ The Fairmont,4051,10th/Red River,7
26070523,Pay-as-you-ride,19328,electric,25/2/2022 12:08:54,4060,Red River/Cesar Chavez @ The Fairmont,4051,10th/Red River,8
26046991,Explorer,183,classic,19/2/2022 15:01:30,4060,Red River/Cesar Chavez @ The Fairmont,4051,10th/Red River,16
26005093,Explorer,19678,electric,10/2/2022 14:53:57,4060,Red River/Cesar Chavez @ The Fairmont,4051,10th/Red River,12
26840133,Pay-as-you-ride,17374,electric,5/6/2022 9:22:56,4060,Red River/Cesar Chavez @ The Fairmont,4051,10th/Red River,5
26840126,Pay-as-you-ride,21767,electric,5/6/2022 9:22:03,4060,Red River/Cesar Chavez @ The Fairmont,4051,10th/Red River,5
26873986,Pay-as-you-ride,5089,classic,9/6/2022 17:27:51,4060,Red River/Cesar Chavez @ The Fairmont,4051,10th/Red River,4
26168435,Pay-as-you-ride,21428,electric,15/3/2022 16:34:16,7190,Rio Grande/12th,4051,10th/Red River,15
26540705,Local31,21457,electric,29/4/2022 10:06:22,7190,Rio Grande/12th,4051,10th/Red River,69
27846518,Local31,19418,electric,15/9/2022 21:14:06,7190,Rio Grande/12th,4051,10th/Red River,7
28615371,Student Membership,21800,electric,9/12/2022 20:34:24,2575,Riverside/South Lamar,4051,10th/Red River,12
28602884,Student Membership,22573,electric,7/12/2022 17:50:26,2575,Riverside/South Lamar,4051,10th/Red River,16
28624813,Local365,21828,electric,11/12/2022 16:36:34,2575,Riverside/South Lamar,4051,10th/Red River,38
28624819,Explorer,19265,electric,11/12/2022 16:37:05,2575,Riverside/South Lamar,4051,10th/Red River,36
25324366,Explorer,22461,electric,5/10/2021 9:40:42,2575,Riverside/South Lamar,4051,10th/Red River,54
25324374,Explorer,685,classic,5/10/2021 9:42:12,2575,Riverside/South Lamar,4051,10th/Red River,52
21653164,Explorer,19141,electric,6/3/2020 11:50:28,2575,Riverside/South Lamar,4051,10th/Red River,16
21697709,Explorer,18971,electric,15/3/2020 17:58:11,2575,Riverside/South Lamar,4051,10th/Red River,25
26106343,Explorer,19955,electric,4/3/2022 12:54:32,4052,Rosewood/Angelina,4051,10th/Red River,24
26106351,Explorer,21455,electric,4/3/2022 12:55:02,4052,Rosewood/Angelina,4051,10th/Red River,22
28182849,Explorer,19675,electric,13/10/2022 16:48:31,4052,Rosewood/Angelina,4051,10th/Red River,72
28509448,3-Day Weekender,21492,electric,19/11/2022 20:13:29,4052,Rosewood/Angelina,,10th/Red River,14
28603675,3-Day Weekender,21688,electric,7/12/2022 20:01:42,4052,Rosewood/Angelina,4051,10th/Red River,22
28684597,Single Trip (Pay-as-you-ride),22511,electric,31/12/2022 21:33:27,4052,Rosewood/Angelina,4051,10th/Red River,12
23771794,3-Day Weekender,19250,electric,2/4/2021 16:34:02,4052,Rosewood/Angelina,4051,10th/Red River,16
23771883,3-Day Weekender,19849,electric,2/4/2021 16:41:09,4052,Rosewood/Angelina,4051,10th/Red River,9
24396176,Explorer,19319,electric,22/6/2021 17:52:00,4052,Rosewood/Angelina,4051,10th/Red River,168
24396169,Explorer,95,classic,22/6/2021 17:51:28,4052,Rosewood/Angelina,4051,10th/Red River,169
24801271,Local365,21546,electric,10/8/2021 20:17:26,4052,Rosewood/Angelina,4051,10th/Red River,11
24984642,Explorer,21497,electric,30/8/2021 19:07:48,4052,Rosewood/Angelina,4051,10th/Red River,27
26700504,Pay-as-you-ride,22563,electric,17/5/2022 19:21:48,4054,Rosewood/Chicon,4051,10th/Red River,8
27119581,Local365,19935,electric,7/7/2022 9:11:26,4054,Rosewood/Chicon,4051,10th/Red River,27
23475434,24 Hour Walk Up Pass,19783,electric,31/1/2021 19:31:08,4054,Rosewood/Chicon,4051,10th/Red River,12
27966643,Local31,19254,electric,25/9/2022 13:02:53,2549,South 1st/Riverside @ Long Center,4051,10th/Red River,12
23394384,Local31,19606,electric,8/1/2021 8:38:00,2549,South 1st/Riverside @ Long Center,4051,10th/Red River,42
24652111,24 Hour Walk Up Pass,21496,electric,23/7/2021 15:43:19,2549,South 1st/Riverside @ Long Center,4051,10th/Red River,32
24652121,24 Hour Walk Up Pass,21789,electric,23/7/2021 15:44:22,2549,South 1st/Riverside @ Long Center,4051,10th/Red River,31
24790133,Local365,19280,electric,9/8/2021 9:41:36,2549,South 1st/Riverside @ Long Center,4051,10th/Red River,10
26268680,Local31,19040,electric,28/3/2022 20:58:52,4048,South Congress @ Bouldin Creek,4051,10th/Red River,31
26174624,Single Trip (Pay-as-you-ride),1703,classic,16/3/2022 13:56:58,4048,South Congress @ Bouldin Creek,4051,10th/Red River,20
26174627,Single Trip (Pay-as-you-ride),1517,classic,16/3/2022 13:57:11,4048,South Congress @ Bouldin Creek,4051,10th/Red River,17
26174637,Single Trip (Pay-as-you-ride),435,classic,16/3/2022 13:57:44,4048,South Congress @ Bouldin Creek,4051,10th/Red River,17
26174633,Single Trip (Pay-as-you-ride),226,classic,16/3/2022 13:57:28,4048,South Congress @ Bouldin Creek,4051,10th/Red River,19
26374327,Local31,18923,electric,10/4/2022 19:31:57,4048,South Congress @ Bouldin Creek,4051,10th/Red River,15
28034771,3-Day Weekender,19619,electric,1/10/2022 11:01:28,4048,South Congress @ Bouldin Creek,4051,10th/Red River,13
24138756,Local31,21426,electric,21/5/2021 22:38:00,4048,South Congress @ Bouldin Creek,4051,10th/Red River,25
24051009,24 Hour Walk Up Pass,19214,electric,9/5/2021 13:57:51,4048,South Congress @ Bouldin Creek,4051,10th/Red River,18
24051012,24 Hour Walk Up Pass,21680,electric,9/5/2021 13:58:25,4048,South Congress @ Bouldin Creek,4051,10th/Red River,17
26654021,Pay-as-you-ride,19775,electric,12/5/2022 18:33:18,2570,South Congress/Academy,4051,10th/Red River,20
25245924,Single Trip (Pay-as-you-ride),21735,electric,26/9/2021 13:42:41,2570,South Congress/Academy,4051,10th/Red River,20
25156488,24 Hour Walk Up Pass,21498,electric,17/9/2021 10:49:12,2570,South Congress/Academy,4051,10th/Red River,19
25245939,Single Trip (Pay-as-you-ride),16330,electric,26/9/2021 13:43:57,2570,South Congress/Academy,4051,10th/Red River,20
26848901,Pay-as-you-ride,18101,electric,6/6/2022 10:13:24,2570,South Congress/Academy,4051,10th/Red River,11
26374277,Local31,21767,electric,10/4/2022 19:27:21,3513,South Congress/Barton Springs @ The Austin American-Statesman,4051,10th/Red River,19
28458153,Explorer,21788,electric,10/11/2022 18:46:36,3513,South Congress/Barton Springs @ The Austin American-Statesman,,10th/Red River,15
28458158,Explorer,19265,electric,10/11/2022 18:46:59,3513,South Congress/Barton Springs @ The Austin American-Statesman,,10th/Red River,15
28458173,Pay-as-you-ride,19160,electric,10/11/2022 18:48:30,3513,South Congress/Barton Springs @ The Austin American-Statesman,,10th/Red River,13
23471500,Local365,19480,electric,31/1/2021 9:48:56,3513,South Congress/Barton Springs @ The Austin American-Statesman,4051,10th/Red River,9
24594910,Pay-as-you-ride,19432,electric,17/7/2021 0:26:43,3513,South Congress/Barton Springs @ The Austin American-Statesman,4051,10th/Red River,14
24594900,Local365,21806,electric,17/7/2021 0:25:14,3513,South Congress/Barton Springs @ The Austin American-Statesman,4051,10th/Red River,16
25685644,3-Day Weekender,2122B,electric,20/11/2021 2:16:53,3513,South Congress/Barton Springs @ The Austin American-Statesman,4051,10th/Red River,13
25599767,Local365,19078,electric,7/11/2021 1:24:25,3513,South Congress/Barton Springs @ The Austin American-Statesman,4051,10th/Red River,440
25599770,Pay-as-you-ride,84,classic,7/11/2021 1:26:14,3513,South Congress/Barton Springs @ The Austin American-Statesman,4051,10th/Red River,438
21678785,Explorer,18696,electric,11/3/2020 10:47:06,3513,South Congress/Barton Springs @ The Austin American-Statesman,4051,10th/Red River,42
27844338,Local365,21546,electric,15/9/2022 18:36:33,2504,South Congress/Elizabeth,4051,10th/Red River,19
27760292,Local365,529,classic,8/9/2022 18:14:57,2504,South Congress/Elizabeth,4051,10th/Red River,20
28359790,Local365,19734,electric,31/10/2022 8:38:24,2504,South Congress/Elizabeth,4051,10th/Red River,13
23863272,Explorer,21454,electric,13/4/2021 11:26:13,2504,South Congress/Elizabeth,4051,10th/Red River,31
23863274,Explorer,19849,electric,13/4/2021 11:26:29,2504,South Congress/Elizabeth,4051,10th/Red River,31
24805974,24 Hour Walk Up Pass,19745,electric,11/8/2021 16:18:51,2504,South Congress/Elizabeth,4051,10th/Red River,29
24974375,Pay-as-you-ride,21789,electric,29/8/2021 17:42:22,2504,South Congress/Elizabeth,4051,10th/Red River,12
24974382,Pay-as-you-ride,17635,electric,29/8/2021 17:42:45,2504,South Congress/Elizabeth,4051,10th/Red River,12
24805960,24 Hour Walk Up Pass,21486,electric,11/8/2021 16:17:11,2504,South Congress/Elizabeth,4051,10th/Red River,29
26579279,Pay-as-you-ride,21492,electric,3/5/2022 17:36:37,2503,South Congress/James,4051,10th/Red River,24
26665066,Pay-as-you-ride,21895,electric,13/5/2022 22:18:03,2503,South Congress/James,4051,10th/Red River,16
26579275,Pay-as-you-ride,19224,electric,3/5/2022 17:36:19,2503,South Congress/James,4051,10th/Red River,938
26653942,Pay-as-you-ride,342,classic,12/5/2022 18:26:35,2503,South Congress/James,4051,10th/Red River,27
26554299,3-Day Weekender,21490,electric,30/4/2022 16:16:56,2503,South Congress/James,4051,10th/Red River,50
27204261,Local31,21508,electric,15/7/2022 23:46:27,2503,South Congress/James,4051,10th/Red River,10
24156226,3-Day Weekender,19271,electric,24/5/2021 9:43:02,2503,South Congress/James,4051,10th/Red River,19
24199481,Local31,19100,electric,30/5/2021 9:10:54,2503,South Congress/James,4051,10th/Red River,14
24156230,3-Day Weekender,19355,electric,24/5/2021 9:43:35,2503,South Congress/James,4051,10th/Red River,19
25026542,3-Day Weekender,21455,electric,4/9/2021 13:29:46,2503,South Congress/James,4051,10th/Red River,18
25026535,3-Day Weekender,21752,electric,4/9/2021 13:29:17,2503,South Congress/James,4051,10th/Red River,18
26961229,Explorer,21628,electric,19/6/2022 16:38:16,2503,South Congress/James,4051,10th/Red River,374
26961236,Explorer,21650,electric,19/6/2022 16:38:45,2503,South Congress/James,4051,10th/Red River,374
26173682,Pay-as-you-ride,19280,electric,16/3/2022 12:25:28,7187,South Congress/Mary,4051,10th/Red River,13
27146033,Student Membership,18947,electric,9/7/2022 21:08:01,7187,South Congress/Mary,4051,10th/Red River,19
28017462,Local365,19870,electric,29/9/2022 18:35:19,7187,South Congress/Mary,4051,10th/Red River,18
27934997,Local365,21551,electric,22/9/2022 18:40:47,7187,South Congress/Mary,4051,10th/Red River,19
28327883,Local365,21468,electric,27/10/2022 18:26:55,7187,South Congress/Mary,4051,10th/Red River,21
28102828,Local365,19552,electric,6/10/2022 18:31:06,7187,South Congress/Mary,4051,10th/Red River,16
28184224,Local365,23251,electric,13/10/2022 18:33:03,7187,South Congress/Mary,4051,10th/Red River,18
28396705,Local365,21553,electric,3/11/2022 18:34:56,7187,South Congress/Mary,,10th/Red River,17
28609350,Local365,19355,electric,8/12/2022 18:40:39,7187,South Congress/Mary,4051,10th/Red River,21
26729275,3-Day Weekender,17460,electric,21/5/2022 19:52:51,3686,Sterzing/Barton Springs,4051,10th/Red River,31
26729272,3-Day Weekender,19870,electric,21/5/2022 19:52:46,3686,Sterzing/Barton Springs,4051,10th/Red River,32
26177230,3-Day Weekender,242,classic,16/3/2022 16:56:07,3686,Sterzing/Barton Springs,4051,10th/Red River,79
24204334,24 Hour Walk Up Pass,16881,electric,30/5/2021 15:43:04,3686,Sterzing/Barton Springs,4051,10th/Red River,46
24204397,24 Hour Walk Up Pass,21514,electric,30/5/2021 15:48:07,3686,Sterzing/Barton Springs,4051,10th/Red River,41
24204582,24 Hour Walk Up Pass,19434,electric,30/5/2021 16:02:56,3686,Sterzing/Barton Springs,4051,10th/Red River,25
24124931,Local31,21828,electric,20/5/2021 7:44:54,3686,Sterzing/Barton Springs,4051,10th/Red River,41
25209665,3-Day Weekender,19090,electric,22/9/2021 18:07:11,3686,Sterzing/Barton Springs,4051,10th/Red River,40
25209643,3-Day Weekender,19163,electric,22/9/2021 18:04:41,3686,Sterzing/Barton Springs,4051,10th/Red River,43
26847272,Pay-as-you-ride,18101,electric,5/6/2022 22:04:59,3686,Sterzing/Barton Springs,4051,10th/Red River,18
26728188,Pay-as-you-ride,21733,electric,21/5/2022 17:44:06,3686,Sterzing/Barton Springs,4051,10th/Red River,21
26792401,Pay-as-you-ride,21487,electric,30/5/2022 11:03:16,3377,Veterans/Atlanta @ MoPac Ped Bridge,4051,10th/Red River,24
27571170,3-Day Weekender,22461,electric,24/8/2022 10:12:07,3377,Veterans/Atlanta @ MoPac Ped Bridge,4051,10th/Red River,40
28075468,Explorer,21695,electric,4/10/2022 14:14:02,3377,Veterans/Atlanta @ MoPac Ped Bridge,4051,10th/Red River,52
28407136,Local31,18704,electric,5/11/2022 11:46:04,3377,Veterans/Atlanta @ MoPac Ped Bridge,,10th/Red River,24
25318791,Explorer,1434,classic,4/10/2021 14:47:20,3377,Veterans/Atlanta @ MoPac Ped Bridge,4051,10th/Red River,40
25300075,Explorer,21419,electric,2/10/2021 14:51:13,3377,Veterans/Atlanta @ MoPac Ped Bridge,4051,10th/Red River,54
25318692,Explorer,21464,electric,4/10/2021 14:38:48,3377,Veterans/Atlanta @ MoPac Ped Bridge,4051,10th/Red River,49
25318723,Explorer,21546,electric,4/10/2021 14:41:19,3377,Veterans/Atlanta @ MoPac Ped Bridge,4051,10th/Red River,46
26859209,Pay-as-you-ride,21886,electric,7/6/2022 17:34:04,3377,Veterans/Atlanta @ MoPac Ped Bridge,4051,10th/Red River,20
26362205,Explorer,19355,electric,9/4/2022 17:01:50,2574,Zilker Park,4051,10th/Red River,29
26362213,Explorer,21799,electric,9/4/2022 17:02:18,2574,Zilker Park,4051,10th/Red River,28
28407064,Local31,21806,electric,5/11/2022 11:36:02,2574,Zilker Park,,10th/Red River,34
28407065,Local31,21535,electric,5/11/2022 11:36:13,2574,Zilker Park,,10th/Red River,34
28407067,Local31,21541,electric,5/11/2022 11:36:21,2574,Zilker Park,,10th/Red River,34
23549808,Explorer,19224,electric,25/2/2021 12:44:35,2574,Zilker Park,4051,10th/Red River,42
23750316,Pay-as-you-ride,19274,electric,30/3/2021 15:17:34,2574,Zilker Park,4051,10th/Red River,44
23750318,Pay-as-you-ride,21803,electric,30/3/2021 15:17:58,2574,Zilker Park,4051,10th/Red River,43
23750315,Pay-as-you-ride,21666,electric,30/3/2021 15:17:10,2574,Zilker Park,4051,10th/Red River,43
23750317,Pay-as-you-ride,17374,electric,30/3/2021 15:17:46,2574,Zilker Park,4051,10th/Red River,44
26890934,3-Day Weekender,1565,classic,11/6/2022 17:03:58,2574,Zilker Park,4051,10th/Red River,23
26577379,Pay-as-you-ride,21428,electric,3/5/2022 14:00:47,4051,10th/Red River,2497,11th/Congress @ The Texas Capitol,10
26577387,Pay-as-you-ride,21455,electric,3/5/2022 14:01:06,4051,10th/Red River,2497,11th/Congress @ The Texas Capitol,9
26459514,24 Hour Walk Up Pass,22563,electric,21/4/2022 10:56:31,4051,10th/Red River,2497,11th/Congress @ The Texas Capitol,8
26459476,24 Hour Walk Up Pass,21467,electric,21/4/2022 10:53:10,4051,10th/Red River,2497,11th/Congress @ The Texas Capitol,11
27518893,3-Day Weekender,21422,electric,19/8/2022 16:23:56,4051,10th/Red River,2497,11th/Congress @ The Texas Capitol,4
27469896,Explorer,21668,electric,14/8/2022 11:58:02,4051,10th/Red River,2497,11th/Congress @ The Texas Capitol,10
27469890,Explorer,18947,electric,14/8/2022 11:57:30,4051,10th/Red River,2497,11th/Congress @ The Texas Capitol,11
27966419,Explorer,93,classic,25/9/2022 12:46:15,4051,10th/Red River,2497,11th/Congress @ The Texas Capitol,6
27677503,3-Day Weekender,18939,electric,2/9/2022 8:40:47,4051,10th/Red River,2497,11th/Congress @ The Texas Capitol,14
27966424,Explorer,21755,electric,25/9/2022 12:46:41,4051,10th/Red River,2497,11th/Congress @ The Texas Capitol,1046
27861668,Local365,19775,electric,16/9/2022 23:11:05,4051,10th/Red River,2497,11th/Congress @ The Texas Capitol,3
28304552,3-Day Weekender,21789,electric,25/10/2022 12:08:33,4051,10th/Red River,2497,11th/Congress @ The Texas Capitol,6
28586845,Explorer,12802,classic,5/12/2022 12:24:39,4051,10th/Red River,2497,11th/Congress @ The Texas Capitol,25
24145492,Local31,21712,electric,22/5/2021 18:27:10,4051,10th/Red River,2497,11th/Congress @ The Texas Capitol,44
24208325,Single Trip (Pay-as-you-ride),19739,electric,30/5/2021 22:25:19,4051,10th/Red River,2497,11th/Congress @ The Texas Capitol,7
24208328,Single Trip (Pay-as-you-ride),19100,electric,30/5/2021 22:26:07,4051,10th/Red River,2497,11th/Congress @ The Texas Capitol,6
24310889,Pay-as-you-ride,21744,electric,12/6/2021 12:00:05,4051,10th/Red River,2497,11th/Congress @ The Texas Capitol,17
24310980,Pay-as-you-ride,17019,electric,12/6/2021 12:08:28,4051,10th/Red River,2497,11th/Congress @ The Texas Capitol,9
24558191,Local31,21668,electric,12/7/2021 12:12:36,4051,10th/Red River,2497,11th/Congress @ The Texas Capitol,6
24558195,Local31,16936,electric,12/7/2021 12:12:51,4051,10th/Red River,2497,11th/Congress @ The Texas Capitol,6
24959785,Local31,21495,electric,28/8/2021 12:08:06,4051,10th/Red River,2497,11th/Congress @ The Texas Capitol,9
24969926,Single Trip (Pay-as-you-ride),21468,electric,29/8/2021 11:17:45,4051,10th/Red River,2497,11th/Congress @ The Texas Capitol,9
24969854,Single Trip (Pay-as-you-ride),2205,classic,29/8/2021 11:09:12,4051,10th/Red River,2497,11th/Congress @ The Texas Capitol,17
25259879,Local365,21735,electric,27/9/2021 20:01:05,4051,10th/Red River,2497,11th/Congress @ The Texas Capitol,7
25166891,3-Day Weekender,19239,electric,18/9/2021 9:24:22,4051,10th/Red River,2497,11th/Congress @ The Texas Capitol,14
25579530,Local365,21523,electric,4/11/2021 13:50:36,4051,10th/Red River,2497,11th/Congress @ The Texas Capitol,5
26040518,Pay-as-you-ride,396,classic,18/2/2022 13:19:32,4051,10th/Red River,2497,11th/Congress @ The Texas Capitol,6
26040506,Pay-as-you-ride,21695,electric,18/2/2022 13:18:57,4051,10th/Red River,2497,11th/Congress @ The Texas Capitol,8
26040514,Pay-as-you-ride,213,classic,18/2/2022 13:19:18,4051,10th/Red River,2497,11th/Congress @ The Texas Capitol,7
26571918,24 Hour Walk Up Pass,21751,electric,2/5/2022 16:44:47,2497,11th/Congress @ The Texas Capitol,2497,11th/Congress @ The Texas Capitol,76
26742606,Single Trip (Pay-as-you-ride),043G,classic,23/5/2022 15:50:33,2497,11th/Congress @ The Texas Capitol,2497,11th/Congress @ The Texas Capitol,32
26624054,24 Hour Walk Up Pass,1949,classic,9/5/2022 12:53:58,2497,11th/Congress @ The Texas Capitol,2497,11th/Congress @ The Texas Capitol,190
26683845,Single Trip (Pay-as-you-ride),14148,classic,15/5/2022 18:30:45,2497,11th/Congress @ The Texas Capitol,2497,11th/Congress @ The Texas Capitol,19
26771897,Single Trip (Pay-as-you-ride),520,classic,28/5/2022 9:36:25,2497,11th/Congress @ The Texas Capitol,2497,11th/Congress @ The Texas Capitol,32
26778847,Student Membership,19734,electric,28/5/2022 19:47:58,2497,11th/Congress @ The Texas Capitol,2497,11th/Congress @ The Texas Capitol,2
26742634,Single Trip (Pay-as-you-ride),2034,classic,23/5/2022 15:53:08,2497,11th/Congress @ The Texas Capitol,2497,11th/Congress @ The Texas Capitol,29
26568863,Local365,19631,electric,2/5/2022 10:26:36,2497,11th/Congress @ The Texas Capitol,2497,11th/Congress @ The Texas Capitol,26
26576663,Explorer,18684,electric,3/5/2022 12:31:21,2497,11th/Congress @ The Texas Capitol,2497,11th/Congress @ The Texas Capitol,2
26652664,3-Day Weekender,110G,classic,12/5/2022 16:29:52,2497,11th/Congress @ The Texas Capitol,2497,11th/Congress @ The Texas Capitol,3
26774092,Single Trip (Pay-as-you-ride),553,classic,28/5/2022 12:54:40,2497,11th/Congress @ The Texas Capitol,2497,11th/Congress @ The Texas Capitol,86
26774095,Single Trip (Pay-as-you-ride),520,classic,28/5/2022 12:54:55,2497,11th/Congress @ The Texas Capitol,2497,11th/Congress @ The Texas Capitol,86
26778861,Student Membership,19367,electric,28/5/2022 19:48:57,2497,11th/Congress @ The Texas Capitol,2497,11th/Congress @ The Texas Capitol,5
26784102,Explorer,21491,electric,29/5/2022 13:00:30,2497,11th/Congress @ The Texas Capitol,2497,11th/Congress @ The Texas Capitol,42
26798088,Student Membership,16322,electric,30/5/2022 18:35:44,2497,11th/Congress @ The Texas Capitol,2497,11th/Congress @ The Texas Capitol,4
26749624,Single Trip (Pay-as-you-ride),1434,classic,24/5/2022 17:34:00,2497,11th/Congress @ The Texas Capitol,2497,11th/Congress @ The Texas Capitol,54
26651905,Single Trip (Pay-as-you-ride),435,classic,12/5/2022 15:18:38,2497,11th/Congress @ The Texas Capitol,2497,11th/Congress @ The Texas Capitol,3
26778855,Student Membership,17460,electric,28/5/2022 19:48:34,2497,11th/Congress @ The Texas Capitol,2497,11th/Congress @ The Texas Capitol,5
26598600,Explorer,17850,electric,6/5/2022 12:17:25,2497,11th/Congress @ The Texas Capitol,2497,11th/Congress @ The Texas Capitol,22
26678497,Single Trip (Pay-as-you-ride),14148,classic,15/5/2022 10:53:09,2497,11th/Congress @ The Texas Capitol,2497,11th/Congress @ The Texas Capitol,35
26685152,Single Trip (Pay-as-you-ride),18592,electric,15/5/2022 20:32:07,2497,11th/Congress @ The Texas Capitol,2497,11th/Congress @ The Texas Capitol,2
26771873,Single Trip (Pay-as-you-ride),553,classic,28/5/2022 9:32:51,2497,11th/Congress @ The Texas Capitol,2497,11th/Congress @ The Texas Capitol,36
26565012,24 Hour Walk Up Pass,19401,electric,1/5/2022 17:29:03,2497,11th/Congress @ The Texas Capitol,2497,11th/Congress @ The Texas Capitol,60
26793788,Explorer,22530,electric,30/5/2022 12:41:57,2497,11th/Congress @ The Texas Capitol,2497,11th/Congress @ The Texas Capitol,3
26663254,3-Day Weekender,17374,electric,13/5/2022 18:35:41,2497,11th/Congress @ The Texas Capitol,2497,11th/Congress @ The Texas Capitol,3
26780297,Single Trip (Pay-as-you-ride),19285,electric,28/5/2022 22:45:08,2497,11th/Congress @ The Texas Capitol,2497,11th/Congress @ The Texas Capitol,15
26786992,Single Trip (Pay-as-you-ride),19285,electric,29/5/2022 17:10:38,2497,11th/Congress @ The Texas Capitol,2497,11th/Congress @ The Texas Capitol,11
26788220,3-Day Weekender,22530,electric,29/5/2022 19:03:35,2497,11th/Congress @ The Texas Capitol,2497,11th/Congress @ The Texas Capitol,11
26689777,Single Trip (Pay-as-you-ride),14148,classic,16/5/2022 14:38:10,2497,11th/Congress @ The Texas Capitol,2497,11th/Congress @ The Texas Capitol,6
26689780,Single Trip (Pay-as-you-ride),124,classic,16/5/2022 14:38:31,2497,11th/Congress @ The Texas Capitol,2497,11th/Congress @ The Texas Capitol,7
26714317,Single Trip (Pay-as-you-ride),396,classic,19/5/2022 18:06:16,2497,11th/Congress @ The Texas Capitol,2497,11th/Congress @ The Texas Capitol,27
26749628,Single Trip (Pay-as-you-ride),968,classic,24/5/2022 17:34:21,2497,11th/Congress @ The Texas Capitol,2497,11th/Congress @ The Texas Capitol,54
26185355,Local365,21455,electric,17/3/2022 18:24:59,2497,11th/Congress @ The Texas Capitol,2497,11th/Congress @ The Texas Capitol,2
26164007,Explorer,1531,classic,15/3/2022 7:25:24,2497,11th/Congress @ The Texas Capitol,2497,11th/Congress @ The Texas Capitol,76
26164780,Local365,21457,electric,15/3/2022 10:41:56,2497,11th/Congress @ The Texas Capitol,2497,11th/Congress @ The Texas Capitol,2
26288381,Pay-as-you-ride,22530,electric,31/3/2022 17:56:35,2497,11th/Congress @ The Texas Capitol,2497,11th/Congress @ The Texas Capitol,7
26090803,Local365,19224,electric,1/3/2022 19:06:34,2497,11th/Congress @ The Texas Capitol,2497,11th/Congress @ The Texas Capitol,3
26094939,Explorer,21440,electric,2/3/2022 14:54:20,2497,11th/Congress @ The Texas Capitol,2497,11th/Congress @ The Texas Capitol,11
26101016,Pay-as-you-ride,16333,electric,3/3/2022 14:56:03,2497,11th/Congress @ The Texas Capitol,2497,11th/Congress @ The Texas Capitol,110
26095076,Explorer,21440,electric,2/3/2022 15:11:58,2497,11th/Congress @ The Texas Capitol,2497,11th/Congress @ The Texas Capitol,3
26164001,Pay-as-you-ride,19583,electric,15/3/2022 7:24:10,2497,11th/Congress @ The Texas Capitol,2497,11th/Congress @ The Texas Capitol,77
26164819,Local365,19583,electric,15/3/2022 10:46:02,2497,11th/Congress @ The Texas Capitol,2497,11th/Congress @ The Texas Capitol,2
26178848,Pay-as-you-ride,468,classic,16/3/2022 19:13:38,2497,11th/Congress @ The Texas Capitol,2497,11th/Congress @ The Texas Capitol,12
26229814,Local31,21472,electric,23/3/2022 14:14:51,2497,11th/Congress @ The Texas Capitol,2497,11th/Congress @ The Texas Capitol,2
26089920,Pay-as-you-ride,21440,electric,1/3/2022 17:17:53,2497,11th/Congress @ The Texas Capitol,2497,11th/Congress @ The Texas Capitol,83
26252533,3-Day Weekender,1984,classic,26/3/2022 18:31:49,2497,11th/Congress @ The Texas Capitol,2497,11th/Congress @ The Texas Capitol,49
26153306,Student Membership,19401,electric,13/3/2022 14:51:00,2497,11th/Congress @ The Texas Capitol,2497,11th/Congress @ The Texas Capitol,8
26150458,Local31,21829,electric,12/3/2022 21:10:26,2497,11th/Congress @ The Texas Capitol,2497,11th/Congress @ The Texas Capitol,39
26164850,Local365,19583,electric,15/3/2022 10:49:49,2497,11th/Congress @ The Texas Capitol,2497,11th/Congress @ The Texas Capitol,2
26114840,Student Membership,19918,electric,5/3/2022 15:18:27,2497,11th/Congress @ The Texas Capitol,2497,11th/Congress @ The Texas Capitol,12
26241641,Pay-as-you-ride,16322,electric,25/3/2022 12:35:13,2497,11th/Congress @ The Texas Capitol,2497,11th/Congress @ The Texas Capitol,4
26087174,Local31,18684,electric,1/3/2022 11:52:23,2497,11th/Congress @ The Texas Capitol,2497,11th/Congress @ The Texas Capitol,45
26089922,Pay-as-you-ride,19224,electric,1/3/2022 17:18:09,2497,11th/Congress @ The Texas Capitol,2497,11th/Congress @ The Texas Capitol,81
26252535,3-Day Weekender,349G,classic,26/3/2022 18:32:06,2497,11th/Congress @ The Texas Capitol,2497,11th/Congress @ The Texas Capitol,48
26505704,Local31,21499,electric,24/4/2022 21:58:52,2497,11th/Congress @ The Texas Capitol,2497,11th/Congress @ The Texas Capitol,669
26292328,Explorer,19303,electric,1/4/2022 12:12:02,2497,11th/Congress @ The Texas Capitol,2497,11th/Congress @ The Texas Capitol,2
26329231,Pay-as-you-ride,19442,electric,5/4/2022 16:10:42,2497,11th/Congress @ The Texas Capitol,2497,11th/Congress @ The Texas Capitol,41
26505104,Local31,21798,electric,24/4/2022 20:27:52,2497,11th/Congress @ The Texas Capitol,2497,11th/Congress @ The Texas Capitol,759
26475795,Local31,19328,electric,22/4/2022 20:11:30,2497,11th/Congress @ The Texas Capitol,2497,11th/Congress @ The Texas Capitol,45
26539934,3-Day Weekender,22563,electric,29/4/2022 7:44:32,2497,11th/Congress @ The Texas Capitol,2497,11th/Congress @ The Texas Capitol,60
26318625,Explorer,18266,electric,4/4/2022 10:24:07,2497,11th/Congress @ The Texas Capitol,2497,11th/Congress @ The Texas Capitol,4
26429176,Pay-as-you-ride,430,classic,17/4/2022 15:37:44,2497,11th/Congress @ The Texas Capitol,2497,11th/Congress @ The Texas Capitol,28
26329279,Pay-as-you-ride,21698,electric,5/4/2022 16:16:23,2497,11th/Congress @ The Texas Capitol,2497,11th/Congress @ The Texas Capitol,35
26404072,Pay-as-you-ride,21698,electric,14/4/2022 17:49:02,2497,11th/Congress @ The Texas Capitol,2497,11th/Congress @ The Texas Capitol,937
26432301,Local31,19849,electric,17/4/2022 21:04:39,2497,11th/Congress @ The Texas Capitol,2497,11th/Congress @ The Texas Capitol,40
26294405,3-Day Weekender,19745,electric,1/4/2022 15:15:59,2497,11th/Congress @ The Texas Capitol,2497,11th/Congress @ The Texas Capitol,2
26379557,Pay-as-you-ride,19529,electric,11/4/2022 14:49:05,2497,11th/Congress @ The Texas Capitol,2497,11th/Congress @ The Texas Capitol,34
26413254,Pay-as-you-ride,21553,electric,15/4/2022 18:02:43,2497,11th/Congress @ The Texas Capitol,2497,11th/Congress @ The Texas Capitol,81
26413271,Pay-as-you-ride,043G,classic,15/4/2022 18:03:29,2497,11th/Congress @ The Texas Capitol,2497,11th/Congress @ The Texas Capitol,71
26413274,Pay-as-you-ride,2197,classic,15/4/2022 18:04:14,2497,11th/Congress @ The Texas Capitol,2497,11th/Congress @ The Texas Capitol,71
26496531,Pay-as-you-ride,214,classic,24/4/2022 11:16:41,2497,11th/Congress @ The Texas Capitol,2497,11th/Congress @ The Texas Capitol,34
26435732,Explorer,18684,electric,18/4/2022 13:16:57,2497,11th/Congress @ The Texas Capitol,2497,11th/Congress @ The Texas Capitol,2
26398689,Pay-as-you-ride,301,classic,14/4/2022 7:31:36,2497,11th/Congress @ The Texas Capitol,2497,11th/Congress @ The Texas Capitol,22
26319473,Pay-as-you-ride,18266,electric,4/4/2022 12:00:45,2497,11th/Congress @ The Texas Capitol,2497,11th/Congress @ The Texas Capitol,5
26442776,Explorer,21430,electric,19/4/2022 11:17:23,2497,11th/Congress @ The Texas Capitol,2497,11th/Congress @ The Texas Capitol,48
26442779,Explorer,21477,electric,19/4/2022 11:17:41,2497,11th/Congress @ The Texas Capitol,2497,11th/Congress @ The Texas Capitol,48
27301165,Single Trip (Pay-as-you-ride),529,classic,26/7/2022 13:32:15,2497,11th/Congress @ The Texas Capitol,2497,11th/Congress @ The Texas Capitol,4
27294783,24 Hour Walk Up Pass,21652,electric,25/7/2022 17:18:11,2497,11th/Congress @ The Texas Capitol,2497,11th/Congress @ The Texas Capitol,50
27279543,Pay-as-you-ride,171G,classic,23/7/2022 22:14:29,2497,11th/Congress @ The Texas Capitol,2497,11th/Congress @ The Texas Capitol,680
27279535,Pay-as-you-ride,1585,classic,23/7/2022 22:12:47,2497,11th/Congress @ The Texas Capitol,2497,11th/Congress @ The Texas Capitol,41
27256801,24 Hour Walk Up Pass,14148,classic,21/7/2022 16:51:58,2497,11th/Congress @ The Texas Capitol,2497,11th/Congress @ The Texas Capitol,17
27241417,24 Hour Walk Up Pass,14148,classic,19/7/2022 21:10:00,2497,11th/Congress @ The Texas Capitol,2497,11th/Congress @ The Texas Capitol,633
27241436,24 Hour Walk Up Pass,135,classic,19/7/2022 21:11:38,2497,11th/Congress @ The Texas Capitol,2497,11th/Congress @ The Texas Capitol,632
27241442,24 Hour Walk Up Pass,561,classic,19/7/2022 21:12:54,2497,11th/Congress @ The Texas Capitol,2497,11th/Congress @ The Texas Capitol,631
27219532,3-Day Weekender,19271,electric,17/7/2022 14:24:00,2497,11th/Congress @ The Texas Capitol,2497,11th/Congress @ The Texas Capitol,33
27208828,Single Trip (Pay-as-you-ride),091G,classic,16/7/2022 13:43:36,2497,11th/Congress @ The Texas Capitol,2497,11th/Congress @ The Texas Capitol,10
27206084,Local31,21491,electric,16/7/2022 10:17:13,2497,11th/Congress @ The Texas Capitol,2497,11th/Congress @ The Texas Capitol,12
27189731,Single Trip (Pay-as-you-ride),385,classic,14/7/2022 12:33:35,2497,11th/Congress @ The Texas Capitol,2497,11th/Congress @ The Texas Capitol,5
27172546,Pay-as-you-ride,435,classic,12/7/2022 18:03:31,2497,11th/Congress @ The Texas Capitol,2497,11th/Congress @ The Texas Capitol,11
27156498,Explorer,074G,classic,10/7/2022 19:27:30,2497,11th/Congress @ The Texas Capitol,2497,11th/Congress @ The Texas Capitol,2
27131808,Explorer,621,classic,8/7/2022 15:50:59,2497,11th/Congress @ The Texas Capitol,2497,11th/Congress @ The Texas Capitol,97
27129434,Local31,19821,electric,8/7/2022 11:39:54,2497,11th/Congress @ The Texas Capitol,2497,11th/Congress @ The Texas Capitol,11
27131803,Explorer,300G,classic,8/7/2022 15:50:44,2497,11th/Congress @ The Texas Capitol,2497,11th/Congress @ The Texas Capitol,97
27104211,3-Day Weekender,21492,electric,5/7/2022 10:21:07,2497,11th/Congress @ The Texas Capitol,2497,11th/Congress @ The Texas Capitol,17
27104198,3-Day Weekender,22155,electric,5/7/2022 10:19:31,2497,11th/Congress @ The Texas Capitol,2497,11th/Congress @ The Texas Capitol,19
27094733,24 Hour Walk Up Pass,1834,classic,4/7/2022 10:17:17,2497,11th/Congress @ The Texas Capitol,2497,11th/Congress @ The Texas Capitol,51
27095374,Explorer,1850,classic,4/7/2022 11:18:11,2497,11th/Congress @ The Texas Capitol,2497,11th/Congress @ The Texas Capitol,228
27096356,Pay-as-you-ride,16935,electric,4/7/2022 12:50:30,2497,11th/Congress @ The Texas Capitol,2497,11th/Congress @ The Texas Capitol,3
27100415,Explorer,19706,electric,4/7/2022 19:37:13,2497,11th/Congress @ The Texas Capitol,2497,11th/Congress @ The Texas Capitol,143
27100449,Explorer,18592,electric,4/7/2022 19:39:26,2497,11th/Congress @ The Texas Capitol,2497,11th/Congress @ The Texas Capitol,142
27095382,Explorer,1834,classic,4/7/2022 11:18:53,2497,11th/Congress @ The Texas Capitol,2497,11th/Congress @ The Texas Capitol,228
27096369,Pay-as-you-ride,21772,electric,4/7/2022 12:52:10,2497,11th/Congress @ The Texas Capitol,2497,11th/Congress @ The Texas Capitol,4
27094880,Single Trip (Pay-as-you-ride),16935,electric,4/7/2022 10:32:17,2497,11th/Congress @ The Texas Capitol,2497,11th/Congress @ The Texas Capitol,5
27088662,Single Trip (Pay-as-you-ride),21900,electric,3/7/2022 15:59:08,2497,11th/Congress @ The Texas Capitol,2497,11th/Congress @ The Texas Capitol,30
27082591,Single Trip (Pay-as-you-ride),430,classic,2/7/2022 23:29:01,2497,11th/Congress @ The Texas Capitol,2497,11th/Congress @ The Texas Capitol,116
27088759,Single Trip (Pay-as-you-ride),19314,electric,3/7/2022 16:07:09,2497,11th/Congress @ The Texas Capitol,2497,11th/Congress @ The Texas Capitol,22
27092239,24 Hour Walk Up Pass,661,classic,3/7/2022 21:22:06,2497,11th/Congress @ The Texas Capitol,2497,11th/Congress @ The Texas Capitol,87
27082655,Single Trip (Pay-as-you-ride),21772,electric,2/7/2022 23:46:43,2497,11th/Congress @ The Texas Capitol,2497,11th/Congress @ The Texas Capitol,22
27086199,Single Trip (Pay-as-you-ride),16935,electric,3/7/2022 12:52:48,2497,11th/Congress @ The Texas Capitol,2497,11th/Congress @ The Texas Capitol,18
27092261,24 Hour Walk Up Pass,19314,electric,3/7/2022 21:24:51,2497,11th/Congress @ The Texas Capitol,2497,11th/Congress @ The Texas Capitol,85
27074604,24 Hour Walk Up Pass,281G,classic,2/7/2022 9:07:54,2497,11th/Congress @ The Texas Capitol,2497,11th/Congress @ The Texas Capitol,8
27074641,24 Hour Walk Up Pass,1524,classic,2/7/2022 9:12:14,2497,11th/Congress @ The Texas Capitol,2497,11th/Congress @ The Texas Capitol,3
27422221,Student Membership,18995,electric,8/8/2022 18:54:04,2497,11th/Congress @ The Texas Capitol,2497,11th/Congress @ The Texas Capitol,992
27440286,Pay-as-you-ride,478,classic,10/8/2022 20:00:28,2497,11th/Congress @ The Texas Capitol,2497,11th/Congress @ The Texas Capitol,52
27522513,24 Hour Walk Up Pass,19780,electric,19/8/2022 21:41:39,2497,11th/Congress @ The Texas Capitol,2497,11th/Congress @ The Texas Capitol,36
27643631,Local365,18556,electric,30/8/2022 10:23:54,2497,11th/Congress @ The Texas Capitol,2497,11th/Congress @ The Texas Capitol,2
27482498,Single Trip (Pay-as-you-ride),009G,classic,15/8/2022 19:48:54,2497,11th/Congress @ The Texas Capitol,2497,11th/Congress @ The Texas Capitol,55
27387290,Single Trip (Pay-as-you-ride),854,classic,4/8/2022 21:59:31,2497,11th/Congress @ The Texas Capitol,2497,11th/Congress @ The Texas Capitol,69
27392820,Explorer,21586,electric,5/8/2022 15:06:51,2497,11th/Congress @ The Texas Capitol,2497,11th/Congress @ The Texas Capitol,3
27522512,24 Hour Walk Up Pass,18995,electric,19/8/2022 21:41:24,2497,11th/Congress @ The Texas Capitol,2497,11th/Congress @ The Texas Capitol,34
27482506,Single Trip (Pay-as-you-ride),197,classic,15/8/2022 19:49:25,2497,11th/Congress @ The Texas Capitol,2497,11th/Congress @ The Texas Capitol,54
27440328,Pay-as-you-ride,009G,classic,10/8/2022 20:04:00,2497,11th/Congress @ The Texas Capitol,2497,11th/Congress @ The Texas Capitol,47
27401805,Pay-as-you-ride,19303,electric,6/8/2022 13:15:20,2497,11th/Congress @ The Texas Capitol,2497,11th/Congress @ The Texas Capitol,12
27585875,Explorer,21568,electric,25/8/2022 13:39:35,2497,11th/Congress @ The Texas Capitol,2497,11th/Congress @ The Texas Capitol,33
27613346,Single Trip (Pay-as-you-ride),19196,electric,27/8/2022 16:07:40,2497,11th/Congress @ The Texas Capitol,2497,11th/Congress @ The Texas Capitol,24
27534803,Student Membership,19739,electric,20/8/2022 23:22:53,2497,11th/Congress @ The Texas Capitol,2497,11th/Congress @ The Texas Capitol,4
27536658,Explorer,229,classic,21/8/2022 9:03:59,2497,11th/Congress @ The Texas Capitol,2497,11th/Congress @ The Texas Capitol,50
27482500,Single Trip (Pay-as-you-ride),385,classic,15/8/2022 19:49:05,2497,11th/Congress @ The Texas Capitol,2497,11th/Congress @ The Texas Capitol,53
27376243,Single Trip (Pay-as-you-ride),860,classic,3/8/2022 18:27:31,2497,11th/Congress @ The Texas Capitol,2497,11th/Congress @ The Texas Capitol,23
27416005,Single Trip (Pay-as-you-ride),22567,electric,8/8/2022 0:07:03,2497,11th/Congress @ The Texas Capitol,2497,11th/Congress @ The Texas Capitol,36
27387254,Single Trip (Pay-as-you-ride),478,classic,4/8/2022 21:53:02,2497,11th/Congress @ The Texas Capitol,2497,11th/Congress @ The Texas Capitol,2
27416016,Single Trip (Pay-as-you-ride),21849,electric,8/8/2022 0:12:51,2497,11th/Congress @ The Texas Capitol,2497,11th/Congress @ The Texas Capitol,32
27445757,Pay-as-you-ride,19529,electric,11/8/2022 15:57:46,2497,11th/Congress @ The Texas Capitol,2497,11th/Congress @ The Texas Capitol,19
27544875,24 Hour Walk Up Pass,188,classic,21/8/2022 19:46:11,2497,11th/Congress @ The Texas Capitol,2497,11th/Congress @ The Texas Capitol,52
27387288,Single Trip (Pay-as-you-ride),478,classic,4/8/2022 21:59:10,2497,11th/Congress @ The Texas Capitol,2497,11th/Congress @ The Texas Capitol,69
27543761,Explorer,21508,electric,21/8/2022 18:32:36,2497,11th/Congress @ The Texas Capitol,2497,11th/Congress @ The Texas Capitol,44
27543933,Explorer,19739,electric,21/8/2022 18:43:17,2497,11th/Congress @ The Texas Capitol,2497,11th/Congress @ The Texas Capitol,34
27517644,Single Trip (Pay-as-you-ride),19780,electric,19/8/2022 14:37:19,2497,11th/Congress @ The Texas Capitol,2497,11th/Congress @ The Texas Capitol,6
27482502,Single Trip (Pay-as-you-ride),40,classic,15/8/2022 19:49:15,2497,11th/Congress @ The Texas Capitol,2497,11th/Congress @ The Texas Capitol,53
27445771,Pay-as-you-ride,478,classic,11/8/2022 15:59:37,2497,11th/Congress @ The Texas Capitol,2497,11th/Congress @ The Texas Capitol,19
27453946,24 Hour Walk Up Pass,1984,classic,12/8/2022 15:28:55,2497,11th/Congress @ The Texas Capitol,2497,11th/Congress @ The Texas Capitol,6
27781925,Student Membership,21735,electric,10/9/2022 15:24:44,2497,11th/Congress @ The Texas Capitol,2497,11th/Congress @ The Texas Capitol,3
27999951,Local31,18532,electric,28/9/2022 12:02:03,2497,11th/Congress @ The Texas Capitol,2497,11th/Congress @ The Texas Capitol,2
27807462,Local31,21799,electric,12/9/2022 21:20:32,2497,11th/Congress @ The Texas Capitol,2497,11th/Congress @ The Texas Capitol,3
27785592,Explorer,225G,classic,10/9/2022 19:48:01,2497,11th/Congress @ The Texas Capitol,2497,11th/Congress @ The Texas Capitol,55
27806322,Explorer,19476,electric,12/9/2022 19:16:47,2497,11th/Congress @ The Texas Capitol,2497,11th/Congress @ The Texas Capitol,4
27701582,Single Trip (Pay-as-you-ride),1932,classic,4/9/2022 9:47:40,2497,11th/Congress @ The Texas Capitol,2497,11th/Congress @ The Texas Capitol,23
27701585,Single Trip (Pay-as-you-ride),107,classic,4/9/2022 9:47:53,2497,11th/Congress @ The Texas Capitol,2497,11th/Congress @ The Texas Capitol,23
28016635,24 Hour Walk Up Pass,19583,electric,29/9/2022 17:40:16,2497,11th/Congress @ The Texas Capitol,2497,11th/Congress @ The Texas Capitol,28
27715447,Single Trip (Pay-as-you-ride),157G,classic,5/9/2022 10:58:55,2497,11th/Congress @ The Texas Capitol,2497,11th/Congress @ The Texas Capitol,20
27775985,Student Membership,21735,electric,9/9/2022 23:11:00,2497,11th/Congress @ The Texas Capitol,2497,11th/Congress @ The Texas Capitol,2
27782354,Single Trip (Pay-as-you-ride),407,classic,10/9/2022 15:50:34,2497,11th/Congress @ The Texas Capitol,2497,11th/Congress @ The Texas Capitol,3
27783711,Explorer,3201,classic,10/9/2022 17:28:11,2497,11th/Congress @ The Texas Capitol,2497,11th/Congress @ The Texas Capitol,58
27785543,Explorer,306,classic,10/9/2022 19:44:53,2497,11th/Congress @ The Texas Capitol,2497,11th/Congress @ The Texas Capitol,59
27819048,Local365,19476,electric,13/9/2022 19:35:25,2497,11th/Congress @ The Texas Capitol,2497,11th/Congress @ The Texas Capitol,2
28016637,24 Hour Walk Up Pass,21495,electric,29/9/2022 17:40:32,2497,11th/Congress @ The Texas Capitol,2497,11th/Congress @ The Texas Capitol,28
27692913,Single Trip (Pay-as-you-ride),19132,electric,3/9/2022 13:03:03,2497,11th/Congress @ The Texas Capitol,2497,11th/Congress @ The Texas Capitol,34
27696577,Single Trip (Pay-as-you-ride),21585,electric,3/9/2022 18:04:49,2497,11th/Congress @ The Texas Capitol,2497,11th/Congress @ The Texas Capitol,21
27696580,Single Trip (Pay-as-you-ride),21712,electric,3/9/2022 18:05:05,2497,11th/Congress @ The Texas Capitol,2497,11th/Congress @ The Texas Capitol,21
27785542,Explorer,3201,classic,10/9/2022 19:44:50,2497,11th/Congress @ The Texas Capitol,2497,11th/Congress @ The Texas Capitol,60
27696508,Single Trip (Pay-as-you-ride),107,classic,3/9/2022 17:57:48,2497,11th/Congress @ The Texas Capitol,2497,11th/Congress @ The Texas Capitol,29
27710683,Pay-as-you-ride,225G,classic,4/9/2022 20:13:59,2497,11th/Congress @ The Texas Capitol,2497,11th/Congress @ The Texas Capitol,50
27944542,Explorer,1531,classic,23/9/2022 15:25:26,2497,11th/Congress @ The Texas Capitol,2497,11th/Congress @ The Texas Capitol,3
27696505,Single Trip (Pay-as-you-ride),161,classic,3/9/2022 17:57:37,2497,11th/Congress @ The Texas Capitol,2497,11th/Congress @ The Texas Capitol,28
27785567,Explorer,153,classic,10/9/2022 19:46:22,2497,11th/Congress @ The Texas Capitol,2497,11th/Congress @ The Texas Capitol,57
27906065,24 Hour Walk Up Pass,21639,electric,20/9/2022 14:35:28,2497,11th/Congress @ The Texas Capitol,2497,11th/Congress @ The Texas Capitol,7
27697398,Pay-as-you-ride,21468,electric,3/9/2022 19:15:45,2497,11th/Congress @ The Texas Capitol,2497,11th/Congress @ The Texas Capitol,22
27801362,Explorer,19476,electric,12/9/2022 13:25:15,2497,11th/Congress @ The Texas Capitol,2497,11th/Congress @ The Texas Capitol,2
27994855,Student Membership,18532,electric,27/9/2022 19:39:48,2497,11th/Congress @ The Texas Capitol,2497,11th/Congress @ The Texas Capitol,22
27692918,Single Trip (Pay-as-you-ride),19720,electric,3/9/2022 13:03:18,2497,11th/Congress @ The Texas Capitol,2497,11th/Congress @ The Texas Capitol,34
27693370,Single Trip (Pay-as-you-ride),21712,electric,3/9/2022 13:38:09,2497,11th/Congress @ The Texas Capitol,2497,11th/Congress @ The Texas Capitol,19
27935694,3-Day Weekender,2130,classic,22/9/2022 19:32:13,2497,11th/Congress @ The Texas Capitol,2497,11th/Congress @ The Texas Capitol,3
28363932,Local365,18929,electric,31/10/2022 14:36:01,2497,11th/Congress @ The Texas Capitol,2497,11th/Congress @ The Texas Capitol,12
28127297,Local365,19171,electric,8/10/2022 20:55:47,2497,11th/Congress @ The Texas Capitol,2497,11th/Congress @ The Texas Capitol,17
28122600,Student Membership,19367,electric,8/10/2022 15:08:47,2497,11th/Congress @ The Texas Capitol,2497,11th/Congress @ The Texas Capitol,6
28363984,Local365,23251,electric,31/10/2022 14:40:00,2497,11th/Congress @ The Texas Capitol,2497,11th/Congress @ The Texas Capitol,120
28144446,Local31,21516,electric,10/10/2022 12:43:25,2497,11th/Congress @ The Texas Capitol,2497,11th/Congress @ The Texas Capitol,8
28043974,Single Trip (Pay-as-you-ride),19107,electric,1/10/2022 18:57:52,2497,11th/Congress @ The Texas Capitol,2497,11th/Congress @ The Texas Capitol,37
28043977,Single Trip (Pay-as-you-ride),22567,electric,1/10/2022 18:58:08,2497,11th/Congress @ The Texas Capitol,2497,11th/Congress @ The Texas Capitol,36
28109046,24 Hour Walk Up Pass,21568,electric,7/10/2022 12:12:28,2497,11th/Congress @ The Texas Capitol,2497,11th/Congress @ The Texas Capitol,53
28209126,Single Trip (Pay-as-you-ride),21689,electric,15/10/2022 21:36:40,2497,11th/Congress @ The Texas Capitol,2497,11th/Congress @ The Texas Capitol,54
28284334,Pay-as-you-ride,21514,electric,23/10/2022 12:00:37,2497,11th/Congress @ The Texas Capitol,2497,11th/Congress @ The Texas Capitol,126
28362696,Explorer,278,classic,31/10/2022 13:08:36,2497,11th/Congress @ The Texas Capitol,2497,11th/Congress @ The Texas Capitol,15
28365492,3-Day Weekender,278,classic,31/10/2022 16:32:50,2497,11th/Congress @ The Texas Capitol,2497,11th/Congress @ The Texas Capitol,2
28099752,Pay-as-you-ride,18564,electric,6/10/2022 15:05:39,2497,11th/Congress @ The Texas Capitol,2497,11th/Congress @ The Texas Capitol,36
28130701,Explorer,21895,electric,9/10/2022 10:55:31,2497,11th/Congress @ The Texas Capitol,2497,11th/Congress @ The Texas Capitol,43
28132341,Explorer,21773,electric,9/10/2022 13:11:57,2497,11th/Congress @ The Texas Capitol,2497,11th/Congress @ The Texas Capitol,61
28209132,Single Trip (Pay-as-you-ride),19608,electric,15/10/2022 21:36:55,2497,11th/Congress @ The Texas Capitol,2497,11th/Congress @ The Texas Capitol,54
28228840,Single Trip (Pay-as-you-ride),107,classic,17/10/2022 23:42:02,2497,11th/Congress @ The Texas Capitol,2497,11th/Congress @ The Texas Capitol,26
28327420,Pay-as-you-ride,16395,electric,27/10/2022 17:49:21,2497,11th/Congress @ The Texas Capitol,2497,11th/Congress @ The Texas Capitol,22
28341011,Explorer,19602,electric,29/10/2022 11:20:25,2497,11th/Congress @ The Texas Capitol,2497,11th/Congress @ The Texas Capitol,38
28217046,Single Trip (Pay-as-you-ride),452,classic,16/10/2022 17:36:37,2497,11th/Congress @ The Texas Capitol,2497,11th/Congress @ The Texas Capitol,25
28109037,24 Hour Walk Up Pass,22573,electric,7/10/2022 12:12:03,2497,11th/Congress @ The Texas Capitol,2497,11th/Congress @ The Texas Capitol,52
28110016,Student Membership,21514,electric,7/10/2022 13:19:38,2497,11th/Congress @ The Texas Capitol,2497,11th/Congress @ The Texas Capitol,17
28097699,Explorer,18564,electric,6/10/2022 12:45:00,2497,11th/Congress @ The Texas Capitol,2497,11th/Congress @ The Texas Capitol,9
28278231,24 Hour Walk Up Pass,893,classic,22/10/2022 18:02:33,2497,11th/Congress @ The Texas Capitol,2497,11th/Congress @ The Texas Capitol,154
28278234,24 Hour Walk Up Pass,57,classic,22/10/2022 18:02:53,2497,11th/Congress @ The Texas Capitol,2497,11th/Congress @ The Texas Capitol,22
28043965,Single Trip (Pay-as-you-ride),16279,electric,1/10/2022 18:57:37,2497,11th/Congress @ The Texas Capitol,2497,11th/Congress @ The Texas Capitol,39
28060610,Student Membership,19107,electric,3/10/2022 10:30:57,2497,11th/Congress @ The Texas Capitol,2497,11th/Congress @ The Texas Capitol,5
28139602,24 Hour Walk Up Pass,815,classic,9/10/2022 21:56:12,2497,11th/Congress @ The Texas Capitol,2497,11th/Congress @ The Texas Capitol,711
28209134,Single Trip (Pay-as-you-ride),19739,electric,15/10/2022 21:37:06,2497,11th/Congress @ The Texas Capitol,2497,11th/Congress @ The Texas Capitol,54
28109031,24 Hour Walk Up Pass,19160,electric,7/10/2022 12:11:52,2497,11th/Congress @ The Texas Capitol,2497,11th/Congress @ The Texas Capitol,54
28327396,Pay-as-you-ride,21427,electric,27/10/2022 17:47:04,2497,11th/Congress @ The Texas Capitol,2497,11th/Congress @ The Texas Capitol,166
28049732,Explorer,19107,electric,2/10/2022 11:49:22,2497,11th/Congress @ The Texas Capitol,2497,11th/Congress @ The Texas Capitol,2
28132314,Explorer,19328,electric,9/10/2022 13:10:37,2497,11th/Congress @ The Texas Capitol,2497,11th/Congress @ The Texas Capitol,62
28327768,Pay-as-you-ride,16395,electric,27/10/2022 18:17:00,2497,11th/Congress @ The Texas Capitol,2497,11th/Congress @ The Texas Capitol,136
28343995,Local31,21639,electric,29/10/2022 14:58:42,2497,11th/Congress @ The Texas Capitol,2497,11th/Congress @ The Texas Capitol,16
28363912,Local365,278,classic,31/10/2022 14:34:51,2497,11th/Congress @ The Texas Capitol,2497,11th/Congress @ The Texas Capitol,3
28228841,Single Trip (Pay-as-you-ride),229,classic,17/10/2022 23:42:13,2497,11th/Congress @ The Texas Capitol,2497,11th/Congress @ The Texas Capitol,26
28085292,Pay-as-you-ride,18564,electric,5/10/2022 12:16:54,2497,11th/Congress @ The Texas Capitol,2497,11th/Congress @ The Texas Capitol,3
28062129,Local31,21774,electric,3/10/2022 12:14:55,2497,11th/Congress @ The Texas Capitol,2497,11th/Congress @ The Texas Capitol,57
28073925,Local31,18101,electric,4/10/2022 12:21:44,2497,11th/Congress @ The Texas Capitol,2497,11th/Congress @ The Texas Capitol,46
28139598,24 Hour Walk Up Pass,57,classic,9/10/2022 21:55:56,2497,11th/Congress @ The Texas Capitol,2497,11th/Congress @ The Texas Capitol,49
28358072,24 Hour Walk Up Pass,18331,electric,30/10/2022 20:47:46,2497,11th/Congress @ The Texas Capitol,2497,11th/Congress @ The Texas Capitol,40
28244186,Student Membership,18684,electric,19/10/2022 17:25:33,2497,11th/Congress @ The Texas Capitol,2497,11th/Congress @ The Texas Capitol,4
28109041,24 Hour Walk Up Pass,21514,electric,7/10/2022 12:12:18,2497,11th/Congress @ The Texas Capitol,2497,11th/Congress @ The Texas Capitol,53
28344492,Explorer,19602,electric,29/10/2022 15:29:55,2497,11th/Congress @ The Texas Capitol,2497,11th/Congress @ The Texas Capitol,3
28466968,Pay-as-you-ride,21903,electric,12/11/2022 8:32:43,2497,11th/Congress @ The Texas Capitol,,11th/Congress @ The Texas Capitol,85
28532103,Pay-as-you-ride,21487,electric,26/11/2022 10:30:54,2497,11th/Congress @ The Texas Capitol,,11th/Congress @ The Texas Capitol,53
28469367,Pay-as-you-ride,21903,electric,12/11/2022 13:59:41,2497,11th/Congress @ The Texas Capitol,,11th/Congress @ The Texas Capitol,3
28469374,Pay-as-you-ride,21714,electric,12/11/2022 14:00:13,2497,11th/Congress @ The Texas Capitol,,11th/Congress @ The Texas Capitol,2
28512111,24 Hour Walk Up Pass,709,classic,20/11/2022 16:35:14,2497,11th/Congress @ The Texas Capitol,,11th/Congress @ The Texas Capitol,42
28512119,24 Hour Walk Up Pass,661,classic,20/11/2022 16:35:40,2497,11th/Congress @ The Texas Capitol,,11th/Congress @ The Texas Capitol,42
28512122,24 Hour Walk Up Pass,349,classic,20/11/2022 16:35:50,2497,11th/Congress @ The Texas Capitol,,11th/Congress @ The Texas Capitol,41
28519973,Single Trip (Pay-as-you-ride),349,classic,22/11/2022 17:10:36,2497,11th/Congress @ The Texas Capitol,,11th/Congress @ The Texas Capitol,2
28519978,Single Trip (Pay-as-you-ride),19326,electric,22/11/2022 17:11:06,2497,11th/Congress @ The Texas Capitol,,11th/Congress @ The Texas Capitol,48
28519995,Single Trip (Pay-as-you-ride),709,classic,22/11/2022 17:13:59,2497,11th/Congress @ The Texas Capitol,,11th/Congress @ The Texas Capitol,45
28559159,Single Trip (Pay-as-you-ride),995,classic,30/11/2022 19:18:43,2497,11th/Congress @ The Texas Capitol,,11th/Congress @ The Texas Capitol,50
28412357,Student Membership,19165,electric,5/11/2022 22:29:04,2497,11th/Congress @ The Texas Capitol,,11th/Congress @ The Texas Capitol,9
28659456,Local31,19040,electric,21/12/2022 17:19:36,2497,11th/Congress @ The Texas Capitol,2497,11th/Congress @ The Texas Capitol,9
28665015,Local31,19739,electric,26/12/2022 9:52:05,2497,11th/Congress @ The Texas Capitol,2497,11th/Congress @ The Texas Capitol,2
28600595,Local365,229,classic,7/12/2022 13:10:13,2497,11th/Congress @ The Texas Capitol,2497,11th/Congress @ The Texas Capitol,3
28613009,3-Day Weekender,920,classic,9/12/2022 14:22:07,2497,11th/Congress @ The Texas Capitol,2497,11th/Congress @ The Texas Capitol,2
28648672,Single Trip (Pay-as-you-ride),21821,electric,17/12/2022 13:21:01,2497,11th/Congress @ The Texas Capitol,2497,11th/Congress @ The Texas Capitol,24
28619572,3-Day Weekender,18704,electric,10/12/2022 16:35:34,2497,11th/Congress @ The Texas Capitol,2497,11th/Congress @ The Texas Capitol,2
28668766,24 Hour Walk Up Pass,16946,electric,27/12/2022 17:09:12,2497,11th/Congress @ The Texas Capitol,2497,11th/Congress @ The Texas Capitol,37
28661515,Explorer,19040,electric,23/12/2022 5:23:15,2497,11th/Congress @ The Texas Capitol,2497,11th/Congress @ The Texas Capitol,4
28587787,Local31,12802,classic,5/12/2022 14:07:01,2497,11th/Congress @ The Texas Capitol,2497,11th/Congress @ The Texas Capitol,22
28648671,Single Trip (Pay-as-you-ride),19171,electric,17/12/2022 13:20:46,2497,11th/Congress @ The Texas Capitol,2497,11th/Congress @ The Texas Capitol,25
28668768,24 Hour Walk Up Pass,21735,electric,27/12/2022 17:09:33,2497,11th/Congress @ The Texas Capitol,2497,11th/Congress @ The Texas Capitol,37
23495240,Single Trip (Pay-as-you-ride),19148,electric,6/2/2021 19:05:07,2497,11th/Congress @ The Texas Capitol,2497,11th/Congress @ The Texas Capitol,10
23495253,Single Trip (Pay-as-you-ride),19355,electric,6/2/2021 19:07:25,2497,11th/Congress @ The Texas Capitol,2497,11th/Congress @ The Texas Capitol,8
23497478,Single Trip (Pay-as-you-ride),472,classic,7/2/2021 12:44:19,2497,11th/Congress @ The Texas Capitol,2497,11th/Congress @ The Texas Capitol,49
23558809,Single Trip (Pay-as-you-ride),276,classic,27/2/2021 18:06:23,2497,11th/Congress @ The Texas Capitol,2497,11th/Congress @ The Texas Capitol,59
23493826,24 Hour Walk Up Pass,21720,electric,6/2/2021 15:22:31,2497,11th/Congress @ The Texas Capitol,2497,11th/Congress @ The Texas Capitol,106
23559072,24 Hour Walk Up Pass,1949,classic,27/2/2021 19:01:54,2497,11th/Congress @ The Texas Capitol,2497,11th/Congress @ The Texas Capitol,43
23478371,24 Hour Walk Up Pass,979,classic,1/2/2021 17:58:25,2497,11th/Congress @ The Texas Capitol,2497,11th/Congress @ The Texas Capitol,36
23487840,Single Trip (Pay-as-you-ride),19107,electric,4/2/2021 18:50:56,2497,11th/Congress @ The Texas Capitol,2497,11th/Congress @ The Texas Capitol,2
23559066,24 Hour Walk Up Pass,517,classic,27/2/2021 19:01:01,2497,11th/Congress @ The Texas Capitol,2497,11th/Congress @ The Texas Capitol,43
23478381,24 Hour Walk Up Pass,113G,classic,1/2/2021 18:00:19,2497,11th/Congress @ The Texas Capitol,2497,11th/Congress @ The Texas Capitol,35
23558801,Single Trip (Pay-as-you-ride),523,classic,27/2/2021 18:04:31,2497,11th/Congress @ The Texas Capitol,2497,11th/Congress @ The Texas Capitol,61
23497473,Single Trip (Pay-as-you-ride),1531,classic,7/2/2021 12:43:11,2497,11th/Congress @ The Texas Capitol,2497,11th/Congress @ The Texas Capitol,50
23506534,Local365,407,classic,9/2/2021 16:19:39,2497,11th/Congress @ The Texas Capitol,2497,11th/Congress @ The Texas Capitol,21
23422476,Local365,853,classic,17/1/2021 9:38:48,2497,11th/Congress @ The Texas Capitol,2497,11th/Congress @ The Texas Capitol,2
23385725,Pay-as-you-ride,983,classic,5/1/2021 0:19:33,2497,11th/Congress @ The Texas Capitol,2497,11th/Congress @ The Texas Capitol,15
23385726,Pay-as-you-ride,1596,classic,5/1/2021 0:19:46,2497,11th/Congress @ The Texas Capitol,2497,11th/Congress @ The Texas Capitol,15
23385727,Pay-as-you-ride,14190,classic,5/1/2021 0:19:59,2497,11th/Congress @ The Texas Capitol,2497,11th/Congress @ The Texas Capitol,15
23415838,24 Hour Walk Up Pass,849,classic,15/1/2021 13:28:53,2497,11th/Congress @ The Texas Capitol,2497,11th/Congress @ The Texas Capitol,47
23467846,Single Trip (Pay-as-you-ride),19935,electric,30/1/2021 14:12:49,2497,11th/Congress @ The Texas Capitol,2497,11th/Congress @ The Texas Capitol,4
23472336,24 Hour Walk Up Pass,19583,electric,31/1/2021 12:34:00,2497,11th/Congress @ The Texas Capitol,2497,11th/Congress @ The Texas Capitol,109
23472348,24 Hour Walk Up Pass,19132,electric,31/1/2021 12:35:41,2497,11th/Congress @ The Texas Capitol,2497,11th/Congress @ The Texas Capitol,108
23370188,24 Hour Walk Up Pass,1930,classic,1/1/2021 13:23:10,2497,11th/Congress @ The Texas Capitol,2497,11th/Congress @ The Texas Capitol,14
23380049,Explorer,19376,electric,3/1/2021 15:43:11,2497,11th/Congress @ The Texas Capitol,2497,11th/Congress @ The Texas Capitol,83
23415844,24 Hour Walk Up Pass,1895,classic,15/1/2021 13:29:34,2497,11th/Congress @ The Texas Capitol,2497,11th/Congress @ The Texas Capitol,46
23451639,Single Trip (Pay-as-you-ride),18995,electric,25/1/2021 15:49:36,2497,11th/Congress @ The Texas Capitol,2497,11th/Congress @ The Texas Capitol,43
23470024,24 Hour Walk Up Pass,21487,electric,30/1/2021 19:18:20,2497,11th/Congress @ The Texas Capitol,2497,11th/Congress @ The Texas Capitol,20
23451644,Single Trip (Pay-as-you-ride),16414,electric,25/1/2021 15:50:30,2497,11th/Congress @ The Texas Capitol,2497,11th/Congress @ The Texas Capitol,42
23412354,Pay-as-you-ride,18929,electric,14/1/2021 10:30:44,2497,11th/Congress @ The Texas Capitol,2497,11th/Congress @ The Texas Capitol,20
23412357,Pay-as-you-ride,171G,classic,14/1/2021 10:31:12,2497,11th/Congress @ The Texas Capitol,2497,11th/Congress @ The Texas Capitol,20
23422908,Local365,19424,electric,17/1/2021 11:20:58,2497,11th/Congress @ The Texas Capitol,2497,11th/Congress @ The Texas Capitol,16
23412351,Pay-as-you-ride,388,classic,14/1/2021 10:30:26,2497,11th/Congress @ The Texas Capitol,2497,11th/Congress @ The Texas Capitol,20
23472325,24 Hour Walk Up Pass,19251,electric,31/1/2021 12:30:40,2497,11th/Congress @ The Texas Capitol,2497,11th/Congress @ The Texas Capitol,112
23385724,Pay-as-you-ride,627,classic,5/1/2021 0:19:17,2497,11th/Congress @ The Texas Capitol,2497,11th/Congress @ The Texas Capitol,15
23380056,Explorer,19529,electric,3/1/2021 15:43:38,2497,11th/Congress @ The Texas Capitol,2497,11th/Congress @ The Texas Capitol,83
23424515,Local365,19280,electric,17/1/2021 14:33:12,2497,11th/Congress @ The Texas Capitol,2497,11th/Congress @ The Texas Capitol,16
23591513,Single Trip (Pay-as-you-ride),21749,electric,6/3/2021 16:46:45,2497,11th/Congress @ The Texas Capitol,2497,11th/Congress @ The Texas Capitol,51
23591527,Single Trip (Pay-as-you-ride),21788,electric,6/3/2021 16:47:54,2497,11th/Congress @ The Texas Capitol,2497,11th/Congress @ The Texas Capitol,50
23634547,Single Trip (Pay-as-you-ride),93,classic,13/3/2021 19:48:57,2497,11th/Congress @ The Texas Capitol,2497,11th/Congress @ The Texas Capitol,38
23663329,Single Trip (Pay-as-you-ride),107,classic,18/3/2021 17:28:27,2497,11th/Congress @ The Texas Capitol,2497,11th/Congress @ The Texas Capitol,86
23663432,Single Trip (Pay-as-you-ride),16279,electric,18/3/2021 17:40:02,2497,11th/Congress @ The Texas Capitol,2497,11th/Congress @ The Texas Capitol,74
23684511,Single Trip (Pay-as-you-ride),21419,electric,21/3/2021 11:56:06,2497,11th/Congress @ The Texas Capitol,2497,11th/Congress @ The Texas Capitol,52
23684524,Single Trip (Pay-as-you-ride),871,classic,21/3/2021 11:57:35,2497,11th/Congress @ The Texas Capitol,2497,11th/Congress @ The Texas Capitol,126
23755437,24 Hour Walk Up Pass,21447,electric,31/3/2021 13:07:00,2497,11th/Congress @ The Texas Capitol,2497,11th/Congress @ The Texas Capitol,77
23755451,24 Hour Walk Up Pass,202G,classic,31/3/2021 13:09:22,2497,11th/Congress @ The Texas Capitol,2497,11th/Congress @ The Texas Capitol,76
23755460,24 Hour Walk Up Pass,21725,electric,31/3/2021 13:11:02,2497,11th/Congress @ The Texas Capitol,2497,11th/Congress @ The Texas Capitol,73
23674014,Pay-as-you-ride,453,classic,20/3/2021 11:05:31,2497,11th/Congress @ The Texas Capitol,2497,11th/Congress @ The Texas Capitol,14
23674017,Pay-as-you-ride,220,classic,20/3/2021 11:05:42,2497,11th/Congress @ The Texas Capitol,2497,11th/Congress @ The Texas Capitol,13
23675159,Pay-as-you-ride,14225,classic,20/3/2021 12:51:05,2497,11th/Congress @ The Texas Capitol,2497,11th/Congress @ The Texas Capitol,103
23679115,24 Hour Walk Up Pass,220,classic,20/3/2021 16:59:12,2497,11th/Congress @ The Texas Capitol,2497,11th/Congress @ The Texas Capitol,30
23634538,Single Trip (Pay-as-you-ride),1639,classic,13/3/2021 19:45:43,2497,11th/Congress @ The Texas Capitol,2497,11th/Congress @ The Texas Capitol,41
23637475,Single Trip (Pay-as-you-ride),865,classic,14/3/2021 13:35:40,2497,11th/Congress @ The Texas Capitol,2497,11th/Congress @ The Texas Capitol,28
23661860,3-Day Weekender,19692,electric,18/3/2021 14:35:36,2497,11th/Congress @ The Texas Capitol,2497,11th/Congress @ The Texas Capitol,10
23730599,Single Trip (Pay-as-you-ride),21682,electric,27/3/2021 20:57:29,2497,11th/Congress @ The Texas Capitol,2497,11th/Congress @ The Texas Capitol,50
23675170,Pay-as-you-ride,220,classic,20/3/2021 12:51:37,2497,11th/Congress @ The Texas Capitol,2497,11th/Congress @ The Texas Capitol,103
23638150,Single Trip (Pay-as-you-ride),93,classic,14/3/2021 15:10:53,2497,11th/Congress @ The Texas Capitol,2497,11th/Congress @ The Texas Capitol,102
23638213,Single Trip (Pay-as-you-ride),388,classic,14/3/2021 15:19:35,2497,11th/Congress @ The Texas Capitol,2497,11th/Congress @ The Texas Capitol,93
23662561,3-Day Weekender,14225,classic,18/3/2021 15:52:42,2497,11th/Congress @ The Texas Capitol,2497,11th/Congress @ The Texas Capitol,2
23739143,24 Hour Walk Up Pass,422,classic,29/3/2021 1:47:08,2497,11th/Congress @ The Texas Capitol,2497,11th/Congress @ The Texas Capitol,52
23688978,Single Trip (Pay-as-you-ride),453,classic,21/3/2021 16:58:32,2497,11th/Congress @ The Texas Capitol,2497,11th/Congress @ The Texas Capitol,31
23689516,Pay-as-you-ride,951,classic,21/3/2021 17:34:39,2497,11th/Congress @ The Texas Capitol,2497,11th/Congress @ The Texas Capitol,71
23591540,Single Trip (Pay-as-you-ride),19755,electric,6/3/2021 16:48:56,2497,11th/Congress @ The Texas Capitol,2497,11th/Congress @ The Texas Capitol,49
23638195,Single Trip (Pay-as-you-ride),106,classic,14/3/2021 15:17:32,2497,11th/Congress @ The Texas Capitol,2497,11th/Congress @ The Texas Capitol,587
23661862,3-Day Weekender,19775,electric,18/3/2021 14:35:43,2497,11th/Congress @ The Texas Capitol,2497,11th/Congress @ The Texas Capitol,10
23674010,Pay-as-you-ride,107,classic,20/3/2021 11:05:07,2497,11th/Congress @ The Texas Capitol,2497,11th/Congress @ The Texas Capitol,13
23604687,Single Trip (Pay-as-you-ride),21725,electric,8/3/2021 16:10:07,2497,11th/Congress @ The Texas Capitol,2497,11th/Congress @ The Texas Capitol,25
23739142,24 Hour Walk Up Pass,270G,classic,29/3/2021 1:45:52,2497,11th/Congress @ The Texas Capitol,2497,11th/Congress @ The Texas Capitol,55
23663393,Single Trip (Pay-as-you-ride),3201,classic,18/3/2021 17:35:20,2497,11th/Congress @ The Texas Capitol,2497,11th/Congress @ The Texas Capitol,79
23678312,24 Hour Walk Up Pass,220,classic,20/3/2021 16:08:58,2497,11th/Congress @ The Texas Capitol,2497,11th/Congress @ The Texas Capitol,48
23638180,Single Trip (Pay-as-you-ride),2122,classic,14/3/2021 15:16:13,2497,11th/Congress @ The Texas Capitol,2497,11th/Congress @ The Texas Capitol,1141
23638206,Single Trip (Pay-as-you-ride),21486,electric,14/3/2021 15:18:41,2497,11th/Congress @ The Texas Capitol,2497,11th/Congress @ The Texas Capitol,93
23591548,Single Trip (Pay-as-you-ride),19270,electric,6/3/2021 16:49:34,2497,11th/Congress @ The Texas Capitol,2497,11th/Congress @ The Texas Capitol,48
23731977,Single Trip (Pay-as-you-ride),21682,electric,28/3/2021 2:19:27,2497,11th/Congress @ The Texas Capitol,2497,11th/Congress @ The Texas Capitol,2
23677453,Single Trip (Pay-as-you-ride),393,classic,20/3/2021 15:21:38,2497,11th/Congress @ The Texas Capitol,2497,11th/Congress @ The Texas Capitol,9
23688957,Single Trip (Pay-as-you-ride),156,classic,21/3/2021 16:57:12,2497,11th/Congress @ The Texas Capitol,2497,11th/Congress @ The Texas Capitol,32
23675174,Pay-as-you-ride,453,classic,20/3/2021 12:52:08,2497,11th/Congress @ The Texas Capitol,2497,11th/Congress @ The Texas Capitol,102
23678357,24 Hour Walk Up Pass,1984,classic,20/3/2021 16:11:16,2497,11th/Congress @ The Texas Capitol,2497,11th/Congress @ The Texas Capitol,46
23684540,Single Trip (Pay-as-you-ride),109,classic,21/3/2021 11:58:50,2497,11th/Congress @ The Texas Capitol,2497,11th/Congress @ The Texas Capitol,51
23688931,Single Trip (Pay-as-you-ride),951,classic,21/3/2021 16:55:58,2497,11th/Congress @ The Texas Capitol,2497,11th/Congress @ The Texas Capitol,35
23637547,Single Trip (Pay-as-you-ride),93,classic,14/3/2021 13:44:03,2497,11th/Congress @ The Texas Capitol,2497,11th/Congress @ The Texas Capitol,18
23638157,Single Trip (Pay-as-you-ride),865,classic,14/3/2021 15:11:54,2497,11th/Congress @ The Texas Capitol,2497,11th/Congress @ The Texas Capitol,107
23739144,24 Hour Walk Up Pass,549,classic,29/3/2021 1:48:31,2497,11th/Congress @ The Texas Capitol,2497,11th/Congress @ The Texas Capitol,51
23591576,Single Trip (Pay-as-you-ride),115,classic,6/3/2021 16:51:36,2497,11th/Congress @ The Texas Capitol,2497,11th/Congress @ The Texas Capitol,46
23778881,Single Trip (Pay-as-you-ride),19679,electric,3/4/2021 13:41:22,2497,11th/Congress @ The Texas Capitol,2497,11th/Congress @ The Texas Capitol,130
23778895,Single Trip (Pay-as-you-ride),18792,electric,3/4/2021 13:42:04,2497,11th/Congress @ The Texas Capitol,2497,11th/Congress @ The Texas Capitol,129
23778904,Single Trip (Pay-as-you-ride),21413,electric,3/4/2021 13:42:56,2497,11th/Congress @ The Texas Capitol,2497,11th/Congress @ The Texas Capitol,132
23843165,Pay-as-you-ride,2286,classic,10/4/2021 18:21:25,2497,11th/Congress @ The Texas Capitol,2497,11th/Congress @ The Texas Capitol,28
23859710,24 Hour Walk Up Pass,21498,electric,12/4/2021 17:25:04,2497,11th/Congress @ The Texas Capitol,2497,11th/Congress @ The Texas Capitol,13
23887242,Explorer,21723,electric,17/4/2021 12:17:08,2497,11th/Congress @ The Texas Capitol,2497,11th/Congress @ The Texas Capitol,3
23945200,Single Trip (Pay-as-you-ride),2286,classic,25/4/2021 13:29:22,2497,11th/Congress @ The Texas Capitol,2497,11th/Congress @ The Texas Capitol,52
23948446,Pay-as-you-ride,21477,electric,25/4/2021 17:18:40,2497,11th/Congress @ The Texas Capitol,2497,11th/Congress @ The Texas Capitol,28
23948456,Explorer,19821,electric,25/4/2021 17:19:28,2497,11th/Congress @ The Texas Capitol,2497,11th/Congress @ The Texas Capitol,27
23960557,Explorer,14261,classic,27/4/2021 11:07:33,2497,11th/Congress @ The Texas Capitol,2497,11th/Congress @ The Texas Capitol,2
23960559,Explorer,1835,classic,27/4/2021 11:07:35,2497,11th/Congress @ The Texas Capitol,2497,11th/Congress @ The Texas Capitol,4
23864439,Single Trip (Pay-as-you-ride),18684,electric,13/4/2021 14:26:03,2497,11th/Congress @ The Texas Capitol,2497,11th/Congress @ The Texas Capitol,29
23778952,Single Trip (Pay-as-you-ride),1511,classic,3/4/2021 13:45:52,2497,11th/Congress @ The Texas Capitol,2497,11th/Congress @ The Texas Capitol,126
23935797,24 Hour Walk Up Pass,135,classic,24/4/2021 13:57:01,2497,11th/Congress @ The Texas Capitol,2497,11th/Congress @ The Texas Capitol,2
23911077,Local365,21662,electric,20/4/2021 12:39:53,2497,11th/Congress @ The Texas Capitol,2497,11th/Congress @ The Texas Capitol,15
23930893,24 Hour Walk Up Pass,19319,electric,23/4/2021 20:12:01,2497,11th/Congress @ The Texas Capitol,2497,11th/Congress @ The Texas Capitol,18
23768526,Single Trip (Pay-as-you-ride),134,classic,2/4/2021 11:47:02,2497,11th/Congress @ The Texas Capitol,2497,11th/Congress @ The Texas Capitol,363
23854689,Pay-as-you-ride,21558,electric,11/4/2021 21:15:56,2497,11th/Congress @ The Texas Capitol,2497,11th/Congress @ The Texas Capitol,8
23859681,24 Hour Walk Up Pass,19386,electric,12/4/2021 17:22:07,2497,11th/Congress @ The Texas Capitol,2497,11th/Congress @ The Texas Capitol,15
23965420,Explorer,19376,electric,27/4/2021 20:13:38,2497,11th/Congress @ The Texas Capitol,2497,11th/Congress @ The Texas Capitol,48
23938916,24 Hour Walk Up Pass,1795,classic,24/4/2021 18:01:00,2497,11th/Congress @ The Texas Capitol,2497,11th/Congress @ The Texas Capitol,71
23773412,Pay-as-you-ride,19085,electric,2/4/2021 18:54:17,2497,11th/Congress @ The Texas Capitol,2497,11th/Congress @ The Texas Capitol,28
23887472,24 Hour Walk Up Pass,16337,electric,17/4/2021 12:37:53,2497,11th/Congress @ The Texas Capitol,2497,11th/Congress @ The Texas Capitol,2
23888119,Single Trip (Pay-as-you-ride),240,classic,17/4/2021 13:29:06,2497,11th/Congress @ The Texas Capitol,2497,11th/Congress @ The Texas Capitol,45
23773100,Explorer,16279,electric,2/4/2021 18:26:28,2497,11th/Congress @ The Texas Capitol,2497,11th/Congress @ The Texas Capitol,57
23854694,Pay-as-you-ride,19254,electric,11/4/2021 21:16:13,2497,11th/Congress @ The Texas Capitol,2497,11th/Congress @ The Texas Capitol,6
23864409,Single Trip (Pay-as-you-ride),21821,electric,13/4/2021 14:20:57,2497,11th/Congress @ The Texas Capitol,2497,11th/Congress @ The Texas Capitol,35
23864432,Single Trip (Pay-as-you-ride),19552,electric,13/4/2021 14:25:17,2497,11th/Congress @ The Texas Capitol,2497,11th/Congress @ The Texas Capitol,30
23874396,24 Hour Walk Up Pass,21650,electric,14/4/2021 20:33:07,2497,11th/Congress @ The Texas Capitol,2497,11th/Congress @ The Texas Capitol,80
23874399,24 Hour Walk Up Pass,21895,electric,14/4/2021 20:33:45,2497,11th/Congress @ The Texas Capitol,2497,11th/Congress @ The Texas Capitol,81
23888136,Single Trip (Pay-as-you-ride),19418,electric,17/4/2021 13:30:44,2497,11th/Congress @ The Texas Capitol,2497,11th/Congress @ The Texas Capitol,45
23930909,24 Hour Walk Up Pass,1835,classic,23/4/2021 20:13:59,2497,11th/Congress @ The Texas Capitol,2497,11th/Congress @ The Texas Capitol,17
23858380,Single Trip (Pay-as-you-ride),19386,electric,12/4/2021 14:40:35,2497,11th/Congress @ The Texas Capitol,2497,11th/Congress @ The Texas Capitol,22
23937149,Single Trip (Pay-as-you-ride),2286,classic,24/4/2021 15:39:23,2497,11th/Congress @ The Texas Capitol,2497,11th/Congress @ The Texas Capitol,31
23778918,Single Trip (Pay-as-you-ride),3405,classic,3/4/2021 13:43:42,2497,11th/Congress @ The Texas Capitol,2497,11th/Congress @ The Texas Capitol,131
23773093,Explorer,18792,electric,2/4/2021 18:25:47,2497,11th/Congress @ The Texas Capitol,2497,11th/Congress @ The Texas Capitol,58
24066514,3-Day Weekender,21480,electric,12/5/2021 9:44:03,2497,11th/Congress @ The Texas Capitol,2497,11th/Congress @ The Texas Capitol,47
24076433,Local31,19211,electric,13/5/2021 13:01:27,2497,11th/Congress @ The Texas Capitol,2497,11th/Congress @ The Texas Capitol,52
24076435,Explorer,21514,electric,13/5/2021 13:01:38,2497,11th/Congress @ The Texas Capitol,2497,11th/Congress @ The Texas Capitol,52
24084593,Single Trip (Pay-as-you-ride),136G,classic,14/5/2021 13:30:39,2497,11th/Congress @ The Texas Capitol,2497,11th/Congress @ The Texas Capitol,32
24127178,24 Hour Walk Up Pass,21498,electric,20/5/2021 13:48:14,2497,11th/Congress @ The Texas Capitol,2497,11th/Congress @ The Texas Capitol,23
24127166,24 Hour Walk Up Pass,19258,electric,20/5/2021 13:47:34,2497,11th/Congress @ The Texas Capitol,2497,11th/Congress @ The Texas Capitol,24
24086877,3-Day Weekender,19678,electric,14/5/2021 17:01:50,2497,11th/Congress @ The Texas Capitol,2497,11th/Congress @ The Texas Capitol,49
24147412,Pay-as-you-ride,16974,electric,22/5/2021 22:20:39,2497,11th/Congress @ The Texas Capitol,2497,11th/Congress @ The Texas Capitol,22
24163608,Single Trip (Pay-as-you-ride),21650,electric,25/5/2021 11:24:12,2497,11th/Congress @ The Texas Capitol,2497,11th/Congress @ The Texas Capitol,49
24034643,Local365,1835,classic,7/5/2021 13:20:40,2497,11th/Congress @ The Texas Capitol,2497,11th/Congress @ The Texas Capitol,139
24107847,Local365,21849,electric,17/5/2021 9:54:15,2497,11th/Congress @ The Texas Capitol,2497,11th/Congress @ The Texas Capitol,56
24026808,Local31,21718,electric,6/5/2021 11:59:16,2497,11th/Congress @ The Texas Capitol,2497,11th/Congress @ The Texas Capitol,46
23999775,24 Hour Walk Up Pass,21473,electric,2/5/2021 14:13:37,2497,11th/Congress @ The Texas Capitol,2497,11th/Congress @ The Texas Capitol,2
24147406,Pay-as-you-ride,376,classic,22/5/2021 22:19:53,2497,11th/Congress @ The Texas Capitol,2497,11th/Congress @ The Texas Capitol,22
24163682,Single Trip (Pay-as-you-ride),19780,electric,25/5/2021 11:38:14,2497,11th/Congress @ The Texas Capitol,2497,11th/Congress @ The Texas Capitol,34
24151622,Explorer,19177,electric,23/5/2021 14:38:58,2497,11th/Congress @ The Texas Capitol,2497,11th/Congress @ The Texas Capitol,45
24041807,24 Hour Walk Up Pass,16279,electric,8/5/2021 12:00:10,2497,11th/Congress @ The Texas Capitol,2497,11th/Congress @ The Texas Capitol,23
24199342,Local365,19847,electric,30/5/2021 8:48:50,2497,11th/Congress @ The Texas Capitol,2497,11th/Congress @ The Texas Capitol,44
24084606,Single Trip (Pay-as-you-ride),627,classic,14/5/2021 13:32:02,2497,11th/Congress @ The Texas Capitol,2497,11th/Congress @ The Texas Capitol,30
24067912,24 Hour Walk Up Pass,800,classic,12/5/2021 13:23:31,2497,11th/Congress @ The Texas Capitol,2497,11th/Congress @ The Texas Capitol,47
24084574,Single Trip (Pay-as-you-ride),2197,classic,14/5/2021 13:28:07,2497,11th/Congress @ The Texas Capitol,2497,11th/Congress @ The Texas Capitol,34
24084580,Single Trip (Pay-as-you-ride),520,classic,14/5/2021 13:28:58,2497,11th/Congress @ The Texas Capitol,2497,11th/Congress @ The Texas Capitol,34
24213147,24 Hour Walk Up Pass,21704,electric,31/5/2021 14:15:00,2497,11th/Congress @ The Texas Capitol,2497,11th/Congress @ The Texas Capitol,87
24119490,Local365,21486,electric,19/5/2021 9:44:40,2497,11th/Congress @ The Texas Capitol,2497,11th/Congress @ The Texas Capitol,32
24010545,24 Hour Walk Up Pass,1434,classic,3/5/2021 19:54:16,2497,11th/Congress @ The Texas Capitol,2497,11th/Congress @ The Texas Capitol,74
24151621,Explorer,19679,electric,23/5/2021 14:38:56,2497,11th/Congress @ The Texas Capitol,2497,11th/Congress @ The Texas Capitol,45
24163612,Single Trip (Pay-as-you-ride),19780,electric,25/5/2021 11:25:08,2497,11th/Congress @ The Texas Capitol,2497,11th/Congress @ The Texas Capitol,7
24042109,Single Trip (Pay-as-you-ride),21571,electric,8/5/2021 12:30:58,2497,11th/Congress @ The Texas Capitol,2497,11th/Congress @ The Texas Capitol,47
24010559,24 Hour Walk Up Pass,035G,classic,3/5/2021 19:55:41,2497,11th/Congress @ The Texas Capitol,2497,11th/Congress @ The Texas Capitol,73
24128455,Single Trip (Pay-as-you-ride),19258,electric,20/5/2021 16:21:04,2497,11th/Congress @ The Texas Capitol,2497,11th/Congress @ The Texas Capitol,60
24249605,Single Trip (Pay-as-you-ride),2351,classic,5/6/2021 10:43:05,2497,11th/Congress @ The Texas Capitol,2497,11th/Congress @ The Texas Capitol,11
24265818,Single Trip (Pay-as-you-ride),242,classic,6/6/2021 18:42:39,2497,11th/Congress @ The Texas Capitol,2497,11th/Congress @ The Texas Capitol,39
24265832,Single Trip (Pay-as-you-ride),21524,electric,6/6/2021 18:43:54,2497,11th/Congress @ The Texas Capitol,2497,11th/Congress @ The Texas Capitol,37
24278493,24 Hour Walk Up Pass,867,classic,8/6/2021 15:27:01,2497,11th/Congress @ The Texas Capitol,2497,11th/Congress @ The Texas Capitol,170
24312370,24 Hour Walk Up Pass,937,classic,12/6/2021 14:13:53,2497,11th/Congress @ The Texas Capitol,2497,11th/Congress @ The Texas Capitol,103
24312719,Single Trip (Pay-as-you-ride),621,classic,12/6/2021 14:45:59,2497,11th/Congress @ The Texas Capitol,2497,11th/Congress @ The Texas Capitol,8
24325626,Single Trip (Pay-as-you-ride),621,classic,13/6/2021 20:08:38,2497,11th/Congress @ The Texas Capitol,2497,11th/Congress @ The Texas Capitol,40
24367140,24 Hour Walk Up Pass,559,classic,19/6/2021 10:44:50,2497,11th/Congress @ The Texas Capitol,2497,11th/Congress @ The Texas Capitol,73
24325617,Single Trip (Pay-as-you-ride),548,classic,13/6/2021 20:07:22,2497,11th/Congress @ The Texas Capitol,2497,11th/Congress @ The Texas Capitol,42
24325640,Single Trip (Pay-as-you-ride),385,classic,13/6/2021 20:10:10,2497,11th/Congress @ The Texas Capitol,2497,11th/Congress @ The Texas Capitol,44
24249636,Single Trip (Pay-as-you-ride),867,classic,5/6/2021 10:46:51,2497,11th/Congress @ The Texas Capitol,2497,11th/Congress @ The Texas Capitol,11
24269032,Pay-as-you-ride,16,classic,7/6/2021 10:28:53,2497,11th/Congress @ The Texas Capitol,2497,11th/Congress @ The Texas Capitol,47
24361492,Single Trip (Pay-as-you-ride),559,classic,18/6/2021 17:01:17,2497,11th/Congress @ The Texas Capitol,2497,11th/Congress @ The Texas Capitol,135
24424632,24 Hour Walk Up Pass,17374,electric,26/6/2021 13:27:35,2497,11th/Congress @ The Texas Capitol,2497,11th/Congress @ The Texas Capitol,156
24313059,24 Hour Walk Up Pass,21810,electric,12/6/2021 15:17:40,2497,11th/Congress @ The Texas Capitol,2497,11th/Congress @ The Texas Capitol,99
24219437,24 Hour Walk Up Pass,16855,electric,1/6/2021 8:39:26,2497,11th/Congress @ The Texas Capitol,2497,11th/Congress @ The Texas Capitol,49
24296909,Single Trip (Pay-as-you-ride),862,classic,10/6/2021 18:01:54,2497,11th/Congress @ The Texas Capitol,2497,11th/Congress @ The Texas Capitol,71
24366647,Single Trip (Pay-as-you-ride),19775,electric,19/6/2021 9:51:30,2497,11th/Congress @ The Texas Capitol,2497,11th/Congress @ The Texas Capitol,132
24441048,Single Trip (Pay-as-you-ride),19675,electric,28/6/2021 12:33:52,2497,11th/Congress @ The Texas Capitol,2497,11th/Congress @ The Texas Capitol,28
24410308,Local31,19730,electric,24/6/2021 14:41:45,2497,11th/Congress @ The Texas Capitol,2497,11th/Congress @ The Texas Capitol,7
24434215,24 Hour Walk Up Pass,12740,classic,27/6/2021 14:42:28,2497,11th/Congress @ The Texas Capitol,2497,11th/Congress @ The Texas Capitol,116
24278486,24 Hour Walk Up Pass,668,classic,8/6/2021 15:25:51,2497,11th/Congress @ The Texas Capitol,2497,11th/Congress @ The Texas Capitol,172
24262399,Single Trip (Pay-as-you-ride),867,classic,6/6/2021 13:29:14,2497,11th/Congress @ The Texas Capitol,2497,11th/Congress @ The Texas Capitol,32
24296926,Single Trip (Pay-as-you-ride),511,classic,10/6/2021 18:03:32,2497,11th/Congress @ The Texas Capitol,2497,11th/Congress @ The Texas Capitol,63
24300544,Local365,19955,electric,11/6/2021 9:17:05,2497,11th/Congress @ The Texas Capitol,2497,11th/Congress @ The Texas Capitol,43
24360352,Pay-as-you-ride,937,classic,18/6/2021 14:53:54,2497,11th/Congress @ The Texas Capitol,2497,11th/Congress @ The Texas Capitol,37
24402934,Single Trip (Pay-as-you-ride),1517,classic,23/6/2021 15:30:24,2497,11th/Congress @ The Texas Capitol,2497,11th/Congress @ The Texas Capitol,2
24419353,Single Trip (Pay-as-you-ride),21733,electric,25/6/2021 19:12:28,2497,11th/Congress @ The Texas Capitol,2497,11th/Congress @ The Texas Capitol,9
24269120,Single Trip (Pay-as-you-ride),64,classic,7/6/2021 10:46:08,2497,11th/Congress @ The Texas Capitol,2497,11th/Congress @ The Texas Capitol,5
24424648,24 Hour Walk Up Pass,21408,electric,26/6/2021 13:29:07,2497,11th/Congress @ The Texas Capitol,2497,11th/Congress @ The Texas Capitol,154
24430980,Single Trip (Pay-as-you-ride),855,classic,27/6/2021 8:06:09,2497,11th/Congress @ The Texas Capitol,2497,11th/Congress @ The Texas Capitol,52
24434223,24 Hour Walk Up Pass,341,classic,27/6/2021 14:43:19,2497,11th/Congress @ The Texas Capitol,2497,11th/Congress @ The Texas Capitol,115
24360263,Pay-as-you-ride,066G,classic,18/6/2021 14:43:36,2497,11th/Congress @ The Texas Capitol,2497,11th/Congress @ The Texas Capitol,47
24313187,24 Hour Walk Up Pass,385,classic,12/6/2021 15:30:04,2497,11th/Congress @ The Texas Capitol,2497,11th/Congress @ The Texas Capitol,86
24265825,Single Trip (Pay-as-you-ride),278,classic,6/6/2021 18:43:16,2497,11th/Congress @ The Texas Capitol,2497,11th/Congress @ The Texas Capitol,38
24325633,Single Trip (Pay-as-you-ride),303G,classic,13/6/2021 20:09:20,2497,11th/Congress @ The Texas Capitol,2497,11th/Congress @ The Texas Capitol,43
24367153,24 Hour Walk Up Pass,23,classic,19/6/2021 10:46:02,2497,11th/Congress @ The Texas Capitol,2497,11th/Congress @ The Texas Capitol,71
24361505,Single Trip (Pay-as-you-ride),23,classic,18/6/2021 17:02:30,2497,11th/Congress @ The Texas Capitol,2497,11th/Congress @ The Texas Capitol,134
24371386,Single Trip (Pay-as-you-ride),17374,electric,19/6/2021 16:27:52,2497,11th/Congress @ The Texas Capitol,2497,11th/Congress @ The Texas Capitol,70
24312368,24 Hour Walk Up Pass,17019,electric,12/6/2021 14:13:16,2497,11th/Congress @ The Texas Capitol,2497,11th/Congress @ The Texas Capitol,103
24312846,Single Trip (Pay-as-you-ride),18726,electric,12/6/2021 14:57:58,2497,11th/Congress @ The Texas Capitol,2497,11th/Congress @ The Texas Capitol,27
24406769,Single Trip (Pay-as-you-ride),385,classic,23/6/2021 22:34:06,2497,11th/Congress @ The Texas Capitol,2497,11th/Congress @ The Texas Capitol,16
24249643,Single Trip (Pay-as-you-ride),278,classic,5/6/2021 10:47:47,2497,11th/Congress @ The Texas Capitol,2497,11th/Congress @ The Texas Capitol,10
24265810,Single Trip (Pay-as-you-ride),18331,electric,6/6/2021 18:41:45,2497,11th/Congress @ The Texas Capitol,2497,11th/Congress @ The Texas Capitol,39
24302501,Single Trip (Pay-as-you-ride),014G,classic,11/6/2021 13:37:41,2497,11th/Congress @ The Texas Capitol,2497,11th/Congress @ The Texas Capitol,68
24313135,24 Hour Walk Up Pass,621,classic,12/6/2021 15:24:09,2497,11th/Congress @ The Texas Capitol,2497,11th/Congress @ The Texas Capitol,93
24318436,Pay-as-you-ride,21718,electric,13/6/2021 1:21:09,2497,11th/Congress @ The Texas Capitol,2497,11th/Congress @ The Texas Capitol,6
24361476,Single Trip (Pay-as-you-ride),066G,classic,18/6/2021 16:59:50,2497,11th/Congress @ The Texas Capitol,2497,11th/Congress @ The Texas Capitol,138
24441038,Single Trip (Pay-as-you-ride),21806,electric,28/6/2021 12:32:55,2497,11th/Congress @ The Texas Capitol,2497,11th/Congress @ The Texas Capitol,29
24249611,Single Trip (Pay-as-you-ride),572,classic,5/6/2021 10:43:58,2497,11th/Congress @ The Texas Capitol,2497,11th/Congress @ The Texas Capitol,14
24478077,Pay-as-you-ride,2351,classic,3/7/2021 11:20:07,2497,11th/Congress @ The Texas Capitol,2497,11th/Congress @ The Texas Capitol,14
24520630,Local365,14190,classic,7/7/2021 19:06:09,2497,11th/Congress @ The Texas Capitol,2497,11th/Congress @ The Texas Capitol,3
24615657,Local31,21800,electric,19/7/2021 8:32:39,2497,11th/Congress @ The Texas Capitol,2497,11th/Congress @ The Texas Capitol,35
24570514,24 Hour Walk Up Pass,19194,electric,13/7/2021 22:28:41,2497,11th/Congress @ The Texas Capitol,2497,11th/Congress @ The Texas Capitol,56
24673843,24 Hour Walk Up Pass,21487,electric,25/7/2021 19:56:50,2497,11th/Congress @ The Texas Capitol,2497,11th/Congress @ The Texas Capitol,17
24713820,Single Trip (Pay-as-you-ride),21666,electric,31/7/2021 1:25:04,2497,11th/Congress @ The Texas Capitol,2497,11th/Congress @ The Texas Capitol,23
24720498,Pay-as-you-ride,18939,electric,31/7/2021 17:28:22,2497,11th/Congress @ The Texas Capitol,2497,11th/Congress @ The Texas Capitol,23
24495896,Pay-as-you-ride,412,classic,4/7/2021 21:47:50,2497,11th/Congress @ The Texas Capitol,2497,11th/Congress @ The Texas Capitol,63
24509650,Single Trip (Pay-as-you-ride),14190,classic,6/7/2021 16:07:07,2497,11th/Congress @ The Texas Capitol,2497,11th/Congress @ The Texas Capitol,2
24666229,Explorer,21685,electric,24/7/2021 23:45:49,2497,11th/Congress @ The Texas Capitol,2497,11th/Congress @ The Texas Capitol,2
24673849,24 Hour Walk Up Pass,19678,electric,25/7/2021 19:57:32,2497,11th/Congress @ The Texas Capitol,2497,11th/Congress @ The Texas Capitol,27
24531819,Pay-as-you-ride,1551,classic,9/7/2021 12:28:51,2497,11th/Congress @ The Texas Capitol,2497,11th/Congress @ The Texas Capitol,4
24687840,Pay-as-you-ride,18132,electric,27/7/2021 18:47:08,2497,11th/Congress @ The Texas Capitol,2497,11th/Congress @ The Texas Capitol,27
24510156,24 Hour Walk Up Pass,21767,electric,6/7/2021 16:57:47,2497,11th/Congress @ The Texas Capitol,2497,11th/Congress @ The Texas Capitol,64
24510176,24 Hour Walk Up Pass,21457,electric,6/7/2021 16:59:15,2497,11th/Congress @ The Texas Capitol,2497,11th/Congress @ The Texas Capitol,62
24722487,Single Trip (Pay-as-you-ride),663,classic,31/7/2021 20:32:26,2497,11th/Congress @ The Texas Capitol,2497,11th/Congress @ The Texas Capitol,44
24544760,Single Trip (Pay-as-you-ride),1551,classic,10/7/2021 19:28:16,2497,11th/Congress @ The Texas Capitol,2497,11th/Congress @ The Texas Capitol,18
24544780,Single Trip (Pay-as-you-ride),1703,classic,10/7/2021 19:29:16,2497,11th/Congress @ The Texas Capitol,2497,11th/Congress @ The Texas Capitol,16
24495563,Explorer,21576,electric,4/7/2021 21:06:58,2497,11th/Congress @ The Texas Capitol,2497,11th/Congress @ The Texas Capitol,91
24644087,Explorer,19355,electric,22/7/2021 16:46:52,2497,11th/Congress @ The Texas Capitol,2497,11th/Congress @ The Texas Capitol,2
24687811,Pay-as-you-ride,21454,electric,27/7/2021 18:44:26,2497,11th/Congress @ The Texas Capitol,2497,11th/Congress @ The Texas Capitol,30
24713825,Single Trip (Pay-as-you-ride),1277,classic,31/7/2021 1:26:09,2497,11th/Congress @ The Texas Capitol,2497,11th/Congress @ The Texas Capitol,22
24674191,Single Trip (Pay-as-you-ride),21473,electric,25/7/2021 20:30:27,2497,11th/Congress @ The Texas Capitol,2497,11th/Congress @ The Texas Capitol,51
24613527,Pay-as-you-ride,072G,classic,18/7/2021 20:05:35,2497,11th/Congress @ The Texas Capitol,2497,11th/Congress @ The Texas Capitol,34
24478073,Pay-as-you-ride,545,classic,3/7/2021 11:19:45,2497,11th/Congress @ The Texas Capitol,2497,11th/Congress @ The Texas Capitol,16
24676962,Single Trip (Pay-as-you-ride),21487,electric,26/7/2021 11:27:09,2497,11th/Congress @ The Texas Capitol,2497,11th/Congress @ The Texas Capitol,2
24496126,Single Trip (Pay-as-you-ride),666,classic,4/7/2021 22:07:40,2497,11th/Congress @ The Texas Capitol,2497,11th/Congress @ The Texas Capitol,7
24514423,Single Trip (Pay-as-you-ride),21720,electric,7/7/2021 9:50:18,2497,11th/Congress @ The Texas Capitol,2497,11th/Congress @ The Texas Capitol,28
24479146,Single Trip (Pay-as-you-ride),666,classic,3/7/2021 12:49:46,2497,11th/Congress @ The Texas Capitol,2497,11th/Congress @ The Texas Capitol,51
24650498,Single Trip (Pay-as-you-ride),19355,electric,23/7/2021 12:57:34,2497,11th/Congress @ The Texas Capitol,2497,11th/Congress @ The Texas Capitol,3
24613521,Pay-as-you-ride,011G,classic,18/7/2021 20:05:17,2497,11th/Congress @ The Texas Capitol,2497,11th/Congress @ The Texas Capitol,33
24590246,3-Day Weekender,300G,classic,16/7/2021 14:47:49,2497,11th/Congress @ The Texas Capitol,2497,11th/Congress @ The Texas Capitol,5
24479203,Single Trip (Pay-as-you-ride),545,classic,3/7/2021 12:52:52,2497,11th/Congress @ The Texas Capitol,2497,11th/Congress @ The Texas Capitol,47
24495499,24 Hour Walk Up Pass,19739,electric,4/7/2021 21:01:15,2497,11th/Congress @ The Texas Capitol,2497,11th/Congress @ The Texas Capitol,97
24495891,Pay-as-you-ride,12727,classic,4/7/2021 21:47:32,2497,11th/Congress @ The Texas Capitol,2497,11th/Congress @ The Texas Capitol,63
24720502,Pay-as-you-ride,17019,electric,31/7/2021 17:28:33,2497,11th/Congress @ The Texas Capitol,2497,11th/Congress @ The Texas Capitol,22
24513973,Local365,21767,electric,7/7/2021 8:25:52,2497,11th/Congress @ The Texas Capitol,2497,11th/Congress @ The Texas Capitol,7
24514431,Pay-as-you-ride,21773,electric,7/7/2021 9:51:18,2497,11th/Congress @ The Texas Capitol,2497,11th/Congress @ The Texas Capitol,27
24651179,Single Trip (Pay-as-you-ride),19434,electric,23/7/2021 14:05:07,2497,11th/Congress @ The Texas Capitol,2497,11th/Congress @ The Texas Capitol,31
24722491,Single Trip (Pay-as-you-ride),270G,classic,31/7/2021 20:33:03,2497,11th/Congress @ The Texas Capitol,2497,11th/Congress @ The Texas Capitol,43
24496157,Single Trip (Pay-as-you-ride),011G,classic,4/7/2021 22:09:55,2497,11th/Congress @ The Texas Capitol,2497,11th/Congress @ The Texas Capitol,4
24674150,Single Trip (Pay-as-you-ride),21487,electric,25/7/2021 20:26:38,2497,11th/Congress @ The Texas Capitol,2497,11th/Congress @ The Texas Capitol,2
24850963,Local31,21679,electric,16/8/2021 23:29:37,2497,11th/Congress @ The Texas Capitol,2497,11th/Congress @ The Texas Capitol,2
24787508,Pay-as-you-ride,21486,electric,8/8/2021 19:26:12,2497,11th/Congress @ The Texas Capitol,2497,11th/Congress @ The Texas Capitol,925
24799218,Single Trip (Pay-as-you-ride),21704,electric,10/8/2021 15:59:46,2497,11th/Congress @ The Texas Capitol,2497,11th/Congress @ The Texas Capitol,13
24804425,24 Hour Walk Up Pass,19078,electric,11/8/2021 12:35:05,2497,11th/Congress @ The Texas Capitol,2497,11th/Congress @ The Texas Capitol,15
24842762,24 Hour Walk Up Pass,21703,electric,15/8/2021 20:00:24,2497,11th/Congress @ The Texas Capitol,2497,11th/Congress @ The Texas Capitol,65
24863378,Local31,21472,electric,18/8/2021 17:38:40,2497,11th/Congress @ The Texas Capitol,2497,11th/Congress @ The Texas Capitol,2
24903875,Local31,035G,classic,22/8/2021 19:25:08,2497,11th/Congress @ The Texas Capitol,2497,11th/Congress @ The Texas Capitol,38
24787517,Pay-as-you-ride,19221,electric,8/8/2021 19:27:19,2497,11th/Congress @ The Texas Capitol,2497,11th/Congress @ The Texas Capitol,67
24737115,Single Trip (Pay-as-you-ride),242,classic,2/8/2021 15:43:00,2497,11th/Congress @ The Texas Capitol,2497,11th/Congress @ The Texas Capitol,25
24812303,Single Trip (Pay-as-you-ride),18971,electric,12/8/2021 11:27:24,2497,11th/Congress @ The Texas Capitol,2497,11th/Congress @ The Texas Capitol,18
24738056,Single Trip (Pay-as-you-ride),19196,electric,2/8/2021 17:21:19,2497,11th/Congress @ The Texas Capitol,2497,11th/Congress @ The Texas Capitol,7
24751272,Single Trip (Pay-as-you-ride),996,classic,4/8/2021 14:21:28,2497,11th/Congress @ The Texas Capitol,2497,11th/Congress @ The Texas Capitol,3
24860792,24 Hour Walk Up Pass,19679,electric,18/8/2021 12:25:21,2497,11th/Congress @ The Texas Capitol,2497,11th/Congress @ The Texas Capitol,68
24862561,24 Hour Walk Up Pass,21472,electric,18/8/2021 16:07:53,2497,11th/Congress @ The Texas Capitol,2497,11th/Congress @ The Texas Capitol,42
24782593,24 Hour Walk Up Pass,21499,electric,8/8/2021 11:31:54,2497,11th/Congress @ The Texas Capitol,2497,11th/Congress @ The Texas Capitol,6
24805953,Local31,21551,electric,11/8/2021 16:16:24,2497,11th/Congress @ The Texas Capitol,2497,11th/Congress @ The Texas Capitol,10
24738064,Single Trip (Pay-as-you-ride),19480,electric,2/8/2021 17:22:09,2497,11th/Congress @ The Texas Capitol,2497,11th/Congress @ The Texas Capitol,5
24835359,Single Trip (Pay-as-you-ride),21703,electric,14/8/2021 23:10:34,2497,11th/Congress @ The Texas Capitol,2497,11th/Congress @ The Texas Capitol,11
24860809,24 Hour Walk Up Pass,21472,electric,18/8/2021 12:27:55,2497,11th/Congress @ The Texas Capitol,2497,11th/Congress @ The Texas Capitol,66
24799186,Single Trip (Pay-as-you-ride),21551,electric,10/8/2021 15:55:45,2497,11th/Congress @ The Texas Capitol,2497,11th/Congress @ The Texas Capitol,17
24782638,24 Hour Walk Up Pass,862,classic,8/8/2021 11:38:11,2497,11th/Congress @ The Texas Capitol,2497,11th/Congress @ The Texas Capitol,5
24766757,24 Hour Walk Up Pass,514,classic,6/8/2021 14:28:52,2497,11th/Congress @ The Texas Capitol,2497,11th/Congress @ The Texas Capitol,85
24862569,24 Hour Walk Up Pass,16881,electric,18/8/2021 16:08:36,2497,11th/Congress @ The Texas Capitol,2497,11th/Congress @ The Texas Capitol,41
24934869,Pay-as-you-ride,21408,electric,25/8/2021 19:46:21,2497,11th/Congress @ The Texas Capitol,2497,11th/Congress @ The Texas Capitol,40
24860648,Pay-as-you-ride,19437,electric,18/8/2021 12:05:08,2497,11th/Congress @ The Texas Capitol,2497,11th/Congress @ The Texas Capitol,108
24860814,24 Hour Walk Up Pass,21628,electric,18/8/2021 12:29:10,2497,11th/Congress @ The Texas Capitol,2497,11th/Congress @ The Texas Capitol,85
24782546,Single Trip (Pay-as-you-ride),21499,electric,8/8/2021 11:25:24,2497,11th/Congress @ The Texas Capitol,2497,11th/Congress @ The Texas Capitol,3
24753578,Single Trip (Pay-as-you-ride),19110,electric,4/8/2021 18:46:04,2497,11th/Congress @ The Texas Capitol,2497,11th/Congress @ The Texas Capitol,30
24748030,24 Hour Walk Up Pass,242,classic,4/8/2021 1:35:45,2497,11th/Congress @ The Texas Capitol,2497,11th/Congress @ The Texas Capitol,21
24842766,24 Hour Walk Up Pass,16395,electric,15/8/2021 20:01:01,2497,11th/Congress @ The Texas Capitol,2497,11th/Congress @ The Texas Capitol,64
24766776,24 Hour Walk Up Pass,663,classic,6/8/2021 14:30:17,2497,11th/Congress @ The Texas Capitol,2497,11th/Congress @ The Texas Capitol,83
24778343,Pay-as-you-ride,862,classic,7/8/2021 19:04:47,2497,11th/Congress @ The Texas Capitol,2497,11th/Congress @ The Texas Capitol,2
24860822,24 Hour Walk Up Pass,376,classic,18/8/2021 12:30:19,2497,11th/Congress @ The Texas Capitol,2497,11th/Congress @ The Texas Capitol,64
24934885,Pay-as-you-ride,19646,electric,25/8/2021 19:47:54,2497,11th/Congress @ The Texas Capitol,2497,11th/Congress @ The Texas Capitol,39
24787506,Pay-as-you-ride,21704,electric,8/8/2021 19:25:57,2497,11th/Congress @ The Texas Capitol,2497,11th/Congress @ The Texas Capitol,68
24812312,Single Trip (Pay-as-you-ride),21704,electric,12/8/2021 11:28:20,2497,11th/Congress @ The Texas Capitol,2497,11th/Congress @ The Texas Capitol,17
25234669,Local365,19367,electric,25/9/2021 13:30:40,2497,11th/Congress @ The Texas Capitol,2497,11th/Congress @ The Texas Capitol,30
24998213,Explorer,19631,electric,1/9/2021 12:54:08,2497,11th/Congress @ The Texas Capitol,2497,11th/Congress @ The Texas Capitol,45
25038007,Explorer,230,classic,5/9/2021 12:58:37,2497,11th/Congress @ The Texas Capitol,2497,11th/Congress @ The Texas Capitol,67
25183746,Single Trip (Pay-as-you-ride),21723,electric,19/9/2021 16:29:59,2497,11th/Congress @ The Texas Capitol,2497,11th/Congress @ The Texas Capitol,22
25037996,Explorer,17438,electric,5/9/2021 12:57:30,2497,11th/Congress @ The Texas Capitol,2497,11th/Congress @ The Texas Capitol,68
25053479,24 Hour Walk Up Pass,230,classic,6/9/2021 15:19:13,2497,11th/Congress @ The Texas Capitol,2497,11th/Congress @ The Texas Capitol,19
25167436,Single Trip (Pay-as-you-ride),348,classic,18/9/2021 10:14:03,2497,11th/Congress @ The Texas Capitol,2497,11th/Congress @ The Texas Capitol,35
25183729,Single Trip (Pay-as-you-ride),21900,electric,19/9/2021 16:29:04,2497,11th/Congress @ The Texas Capitol,2497,11th/Congress @ The Texas Capitol,22
25032090,Single Trip (Pay-as-you-ride),17438,electric,4/9/2021 20:45:14,2497,11th/Congress @ The Texas Capitol,2497,11th/Congress @ The Texas Capitol,2
25181510,Single Trip (Pay-as-you-ride),19194,electric,19/9/2021 13:16:19,2497,11th/Congress @ The Texas Capitol,2497,11th/Congress @ The Texas Capitol,32
25050189,24 Hour Walk Up Pass,18995,electric,6/9/2021 11:42:00,2497,11th/Congress @ The Texas Capitol,2497,11th/Congress @ The Texas Capitol,73
25250280,Pay-as-you-ride,21695,electric,26/9/2021 19:04:18,2497,11th/Congress @ The Texas Capitol,2497,11th/Congress @ The Texas Capitol,4
25110269,Single Trip (Pay-as-you-ride),19704,electric,12/9/2021 13:28:52,2497,11th/Congress @ The Texas Capitol,2497,11th/Congress @ The Texas Capitol,4
25167412,Single Trip (Pay-as-you-ride),14225,classic,18/9/2021 10:13:11,2497,11th/Congress @ The Texas Capitol,2497,11th/Congress @ The Texas Capitol,36
25213778,Student Membership,19254,electric,23/9/2021 10:54:56,2497,11th/Congress @ The Texas Capitol,2497,11th/Congress @ The Texas Capitol,2
25173042,Explorer,21652,electric,18/9/2021 16:51:00,2497,11th/Congress @ The Texas Capitol,2497,11th/Congress @ The Texas Capitol,3
25183716,Single Trip (Pay-as-you-ride),18532,electric,19/9/2021 16:27:58,2497,11th/Congress @ The Texas Capitol,2497,11th/Congress @ The Texas Capitol,24
25012032,Single Trip (Pay-as-you-ride),878,classic,2/9/2021 20:54:17,2497,11th/Congress @ The Texas Capitol,2497,11th/Congress @ The Texas Capitol,29
25012055,Single Trip (Pay-as-you-ride),233G,classic,2/9/2021 20:56:38,2497,11th/Congress @ The Texas Capitol,2497,11th/Congress @ The Texas Capitol,20
25110260,Single Trip (Pay-as-you-ride),540,classic,12/9/2021 13:28:11,2497,11th/Congress @ The Texas Capitol,2497,11th/Congress @ The Texas Capitol,3
25043519,Single Trip (Pay-as-you-ride),230,classic,5/9/2021 18:34:28,2497,11th/Congress @ The Texas Capitol,2497,11th/Congress @ The Texas Capitol,856
25043487,Single Trip (Pay-as-you-ride),2197,classic,5/9/2021 18:32:13,2497,11th/Congress @ The Texas Capitol,2497,11th/Congress @ The Texas Capitol,858
25050168,24 Hour Walk Up Pass,230,classic,6/9/2021 11:41:01,2497,11th/Congress @ The Texas Capitol,2497,11th/Congress @ The Texas Capitol,74
25181563,Single Trip (Pay-as-you-ride),27,classic,19/9/2021 13:20:48,2497,11th/Congress @ The Texas Capitol,2497,11th/Congress @ The Texas Capitol,28
25012051,Single Trip (Pay-as-you-ride),385,classic,2/9/2021 20:56:05,2497,11th/Congress @ The Texas Capitol,2497,11th/Congress @ The Texas Capitol,27
25319941,24 Hour Walk Up Pass,16845,electric,4/10/2021 16:41:32,2497,11th/Congress @ The Texas Capitol,2497,11th/Congress @ The Texas Capitol,3
25353435,Single Trip (Pay-as-you-ride),21487,electric,8/10/2021 16:06:12,2497,11th/Congress @ The Texas Capitol,2497,11th/Congress @ The Texas Capitol,30
25353787,Single Trip (Pay-as-you-ride),19258,electric,8/10/2021 16:35:24,2497,11th/Congress @ The Texas Capitol,2497,11th/Congress @ The Texas Capitol,113
25356907,Single Trip (Pay-as-you-ride),2147,classic,8/10/2021 21:16:38,2497,11th/Congress @ The Texas Capitol,2497,11th/Congress @ The Texas Capitol,169
25356953,Single Trip (Pay-as-you-ride),2195,classic,8/10/2021 21:20:20,2497,11th/Congress @ The Texas Capitol,2497,11th/Congress @ The Texas Capitol,75
25356967,Single Trip (Pay-as-you-ride),19258,electric,8/10/2021 21:22:25,2497,11th/Congress @ The Texas Capitol,2497,11th/Congress @ The Texas Capitol,71
25356974,Single Trip (Pay-as-you-ride),057G,classic,8/10/2021 21:23:24,2497,11th/Congress @ The Texas Capitol,2497,11th/Congress @ The Texas Capitol,71
25363253,Single Trip (Pay-as-you-ride),19198,electric,9/10/2021 14:09:02,2497,11th/Congress @ The Texas Capitol,2497,11th/Congress @ The Texas Capitol,52
25483164,Single Trip (Pay-as-you-ride),21697,electric,21/10/2021 16:45:44,2497,11th/Congress @ The Texas Capitol,2497,11th/Congress @ The Texas Capitol,31
25353750,Single Trip (Pay-as-you-ride),19251,electric,8/10/2021 16:33:00,2497,11th/Congress @ The Texas Capitol,2497,11th/Congress @ The Texas Capitol,115
25376392,24 Hour Walk Up Pass,19935,electric,10/10/2021 12:44:43,2497,11th/Congress @ The Texas Capitol,2497,11th/Congress @ The Texas Capitol,2
25377145,Pay-as-you-ride,2124,classic,10/10/2021 13:43:12,2497,11th/Congress @ The Texas Capitol,2497,11th/Congress @ The Texas Capitol,28
25488978,24 Hour Walk Up Pass,21702,electric,22/10/2021 13:09:29,2497,11th/Congress @ The Texas Capitol,2497,11th/Congress @ The Texas Capitol,45
25489004,Explorer,21468,electric,22/10/2021 13:11:31,2497,11th/Congress @ The Texas Capitol,2497,11th/Congress @ The Texas Capitol,43
25491786,Single Trip (Pay-as-you-ride),88,classic,22/10/2021 17:17:49,2497,11th/Congress @ The Texas Capitol,2497,11th/Congress @ The Texas Capitol,49
25501175,Single Trip (Pay-as-you-ride),30,classic,23/10/2021 16:27:40,2497,11th/Congress @ The Texas Capitol,2497,11th/Congress @ The Texas Capitol,33
25512101,Single Trip (Pay-as-you-ride),12727,classic,24/10/2021 21:51:21,2497,11th/Congress @ The Texas Capitol,2497,11th/Congress @ The Texas Capitol,35
25296249,Local365,21508,electric,2/10/2021 9:35:36,2497,11th/Congress @ The Texas Capitol,2497,11th/Congress @ The Texas Capitol,4
25304161,Single Trip (Pay-as-you-ride),19427,electric,2/10/2021 20:26:00,2497,11th/Congress @ The Texas Capitol,2497,11th/Congress @ The Texas Capitol,11
25356933,Single Trip (Pay-as-you-ride),21729,electric,8/10/2021 21:18:14,2497,11th/Congress @ The Texas Capitol,2497,11th/Congress @ The Texas Capitol,77
25424163,3-Day Weekender,19085,electric,15/10/2021 10:50:27,2497,11th/Congress @ The Texas Capitol,2497,11th/Congress @ The Texas Capitol,253
25483155,Single Trip (Pay-as-you-ride),21702,electric,21/10/2021 16:44:29,2497,11th/Congress @ The Texas Capitol,2497,11th/Congress @ The Texas Capitol,33
25485694,Pay-as-you-ride,19847,electric,21/10/2021 21:35:43,2497,11th/Congress @ The Texas Capitol,2497,11th/Congress @ The Texas Capitol,50
25488963,24 Hour Walk Up Pass,21767,electric,22/10/2021 13:08:09,2497,11th/Congress @ The Texas Capitol,2497,11th/Congress @ The Texas Capitol,46
25391219,Single Trip (Pay-as-you-ride),19251,electric,11/10/2021 21:34:51,2497,11th/Congress @ The Texas Capitol,2497,11th/Congress @ The Texas Capitol,29
25353569,Single Trip (Pay-as-you-ride),057G,classic,8/10/2021 16:18:02,2497,11th/Congress @ The Texas Capitol,2497,11th/Congress @ The Texas Capitol,36
25444555,Explorer,16333,electric,17/10/2021 12:53:11,2497,11th/Congress @ The Texas Capitol,2497,11th/Congress @ The Texas Capitol,20
25356941,Single Trip (Pay-as-you-ride),21491,electric,8/10/2021 21:18:58,2497,11th/Congress @ The Texas Capitol,2497,11th/Congress @ The Texas Capitol,76
25299142,Student Membership,21481,electric,2/10/2021 13:47:15,2497,11th/Congress @ The Texas Capitol,2497,11th/Congress @ The Texas Capitol,4
25551390,Pay-as-you-ride,21868,electric,30/10/2021 17:10:22,2497,11th/Congress @ The Texas Capitol,2497,11th/Congress @ The Texas Capitol,59
25443550,Local31,16333,electric,17/10/2021 11:26:53,2497,11th/Congress @ The Texas Capitol,2497,11th/Congress @ The Texas Capitol,2
25303636,Pay-as-you-ride,663,classic,2/10/2021 19:28:46,2497,11th/Congress @ The Texas Capitol,2497,11th/Congress @ The Texas Capitol,79
25303639,Pay-as-you-ride,693,classic,2/10/2021 19:28:57,2497,11th/Congress @ The Texas Capitol,2497,11th/Congress @ The Texas Capitol,79
25305929,Pay-as-you-ride,19427,electric,3/10/2021 0:30:47,2497,11th/Congress @ The Texas Capitol,2497,11th/Congress @ The Texas Capitol,20
25308548,Single Trip (Pay-as-you-ride),693,classic,3/10/2021 12:18:10,2497,11th/Congress @ The Texas Capitol,2497,11th/Congress @ The Texas Capitol,43
25419511,Single Trip (Pay-as-you-ride),16881,electric,14/10/2021 16:31:34,2497,11th/Congress @ The Texas Capitol,2497,11th/Congress @ The Texas Capitol,33
25501005,Single Trip (Pay-as-you-ride),123,classic,23/10/2021 16:15:02,2497,11th/Congress @ The Texas Capitol,2497,11th/Congress @ The Texas Capitol,41
25308559,Single Trip (Pay-as-you-ride),663,classic,3/10/2021 12:19:22,2497,11th/Congress @ The Texas Capitol,2497,11th/Congress @ The Texas Capitol,42
25353534,Single Trip (Pay-as-you-ride),2147,classic,8/10/2021 16:16:04,2497,11th/Congress @ The Texas Capitol,2497,11th/Congress @ The Texas Capitol,38
25353577,Single Trip (Pay-as-you-ride),1639,classic,8/10/2021 16:18:42,2497,11th/Congress @ The Texas Capitol,2497,11th/Congress @ The Texas Capitol,36
25369183,Single Trip (Pay-as-you-ride),2722,classic,9/10/2021 17:42:49,2497,11th/Congress @ The Texas Capitol,2497,11th/Congress @ The Texas Capitol,3
25419522,Single Trip (Pay-as-you-ride),057G,classic,14/10/2021 16:32:36,2497,11th/Congress @ The Texas Capitol,2497,11th/Congress @ The Texas Capitol,3
25528530,24 Hour Walk Up Pass,513,classic,27/10/2021 12:07:17,2497,11th/Congress @ The Texas Capitol,2497,11th/Congress @ The Texas Capitol,59
25356946,Single Trip (Pay-as-you-ride),19251,electric,8/10/2021 21:19:40,2497,11th/Congress @ The Texas Capitol,2497,11th/Congress @ The Texas Capitol,76
25348948,Explorer,22567,electric,8/10/2021 9:42:12,2497,11th/Congress @ The Texas Capitol,2497,11th/Congress @ The Texas Capitol,5
25353419,Student Membership,21729,electric,8/10/2021 16:05:06,2497,11th/Congress @ The Texas Capitol,2497,11th/Congress @ The Texas Capitol,29
25425759,Local365,21495,electric,15/10/2021 13:28:47,2497,11th/Congress @ The Texas Capitol,2497,11th/Congress @ The Texas Capitol,2
25297132,Local365,21653,electric,2/10/2021 10:54:59,2497,11th/Congress @ The Texas Capitol,2497,11th/Congress @ The Texas Capitol,9
25391215,Single Trip (Pay-as-you-ride),18592,electric,11/10/2021 21:34:09,2497,11th/Congress @ The Texas Capitol,2497,11th/Congress @ The Texas Capitol,29
25549156,Single Trip (Pay-as-you-ride),21697,electric,30/10/2021 13:48:20,2497,11th/Congress @ The Texas Capitol,2497,11th/Congress @ The Texas Capitol,2
25440008,3-Day Weekender,16333,electric,16/10/2021 19:46:48,2497,11th/Congress @ The Texas Capitol,2497,11th/Congress @ The Texas Capitol,2
25299164,Single Trip (Pay-as-you-ride),19427,electric,2/10/2021 13:48:53,2497,11th/Congress @ The Texas Capitol,2497,11th/Congress @ The Texas Capitol,2
25484144,24 Hour Walk Up Pass,21767,electric,21/10/2021 18:09:56,2497,11th/Congress @ The Texas Capitol,2497,11th/Congress @ The Texas Capitol,94
25489039,Explorer,21659,electric,22/10/2021 13:15:33,2497,11th/Congress @ The Texas Capitol,2497,11th/Congress @ The Texas Capitol,39
25359865,Student Membership,21895,electric,9/10/2021 10:18:08,2497,11th/Congress @ The Texas Capitol,2497,11th/Congress @ The Texas Capitol,5
25363400,Pay-as-you-ride,376,classic,9/10/2021 14:16:39,2497,11th/Congress @ The Texas Capitol,2497,11th/Congress @ The Texas Capitol,45
25377120,24 Hour Walk Up Pass,19935,electric,10/10/2021 13:40:30,2497,11th/Congress @ The Texas Capitol,2497,11th/Congress @ The Texas Capitol,32
25353771,Single Trip (Pay-as-you-ride),21729,electric,8/10/2021 16:34:28,2497,11th/Congress @ The Texas Capitol,2497,11th/Congress @ The Texas Capitol,114
25391223,Single Trip (Pay-as-you-ride),19239,electric,11/10/2021 21:35:33,2497,11th/Congress @ The Texas Capitol,2497,11th/Congress @ The Texas Capitol,28
25303629,Pay-as-you-ride,309G,classic,2/10/2021 19:27:56,2497,11th/Congress @ The Texas Capitol,2497,11th/Congress @ The Texas Capitol,80
25363437,Pay-as-you-ride,18181,electric,9/10/2021 14:18:52,2497,11th/Congress @ The Texas Capitol,2497,11th/Congress @ The Texas Capitol,3
25364459,3-Day Weekender,18181,electric,9/10/2021 15:24:12,2497,11th/Congress @ The Texas Capitol,2497,11th/Congress @ The Texas Capitol,20
25364539,Explorer,2722,classic,9/10/2021 15:29:20,2497,11th/Congress @ The Texas Capitol,2497,11th/Congress @ The Texas Capitol,69
25377234,Single Trip (Pay-as-you-ride),407,classic,10/10/2021 13:50:52,2497,11th/Congress @ The Texas Capitol,2497,11th/Congress @ The Texas Capitol,21
25485701,Pay-as-you-ride,18913,electric,21/10/2021 21:38:06,2497,11th/Congress @ The Texas Capitol,2497,11th/Congress @ The Texas Capitol,47
25419581,Single Trip (Pay-as-you-ride),22573,electric,14/10/2021 16:38:11,2497,11th/Congress @ The Texas Capitol,2497,11th/Congress @ The Texas Capitol,26
25668991,Local31,712,classic,16/11/2021 20:13:41,2497,11th/Congress @ The Texas Capitol,2497,11th/Congress @ The Texas Capitol,7
25696743,Single Trip (Pay-as-you-ride),19847,electric,21/11/2021 21:10:06,2497,11th/Congress @ The Texas Capitol,2497,11th/Congress @ The Texas Capitol,28
25710646,Single Trip (Pay-as-you-ride),18704,electric,24/11/2021 18:19:44,2497,11th/Congress @ The Texas Capitol,2497,11th/Congress @ The Texas Capitol,34
25637196,Local365,309G,classic,12/11/2021 12:51:05,2497,11th/Congress @ The Texas Capitol,2497,11th/Congress @ The Texas Capitol,2
25655670,Pay-as-you-ride,1932,classic,14/11/2021 19:30:11,2497,11th/Congress @ The Texas Capitol,2497,11th/Congress @ The Texas Capitol,22
25672842,24 Hour Walk Up Pass,1386,classic,17/11/2021 14:21:53,2497,11th/Congress @ The Texas Capitol,2497,11th/Congress @ The Texas Capitol,583
25710632,Single Trip (Pay-as-you-ride),1586,classic,24/11/2021 18:17:37,2497,11th/Congress @ The Texas Capitol,2497,11th/Congress @ The Texas Capitol,37
25710614,Single Trip (Pay-as-you-ride),157G,classic,24/11/2021 18:13:42,2497,11th/Congress @ The Texas Capitol,2497,11th/Congress @ The Texas Capitol,41
25637218,Local365,16935,electric,12/11/2021 12:54:35,2497,11th/Congress @ The Texas Capitol,2497,11th/Congress @ The Texas Capitol,2
25717444,Single Trip (Pay-as-you-ride),21535,electric,26/11/2021 19:18:39,2497,11th/Congress @ The Texas Capitol,2497,11th/Congress @ The Texas Capitol,46
25650208,Local365,22581,electric,14/11/2021 8:05:55,2497,11th/Congress @ The Texas Capitol,2497,11th/Congress @ The Texas Capitol,33
25655635,Student Membership,19198,electric,14/11/2021 19:23:29,2497,11th/Congress @ The Texas Capitol,2497,11th/Congress @ The Texas Capitol,29
25660856,Single Trip (Pay-as-you-ride),3201,classic,15/11/2021 16:25:15,2497,11th/Congress @ The Texas Capitol,2497,11th/Congress @ The Texas Capitol,43
25707631,Single Trip (Pay-as-you-ride),2286,classic,24/11/2021 10:05:06,2497,11th/Congress @ The Texas Capitol,2497,11th/Congress @ The Texas Capitol,36
25710780,Explorer,203,classic,24/11/2021 18:58:33,2497,11th/Congress @ The Texas Capitol,2497,11th/Congress @ The Texas Capitol,45
25660841,Single Trip (Pay-as-you-ride),64,classic,15/11/2021 16:23:38,2497,11th/Congress @ The Texas Capitol,2497,11th/Congress @ The Texas Capitol,45
25601640,24 Hour Walk Up Pass,22521,electric,7/11/2021 11:36:14,2497,11th/Congress @ The Texas Capitol,2497,11th/Congress @ The Texas Capitol,59
25648896,Single Trip (Pay-as-you-ride),214,classic,13/11/2021 20:48:37,2497,11th/Congress @ The Texas Capitol,2497,11th/Congress @ The Texas Capitol,23
25710605,Single Trip (Pay-as-you-ride),229G,classic,24/11/2021 18:10:18,2497,11th/Congress @ The Texas Capitol,2497,11th/Congress @ The Texas Capitol,44
25717429,24 Hour Walk Up Pass,21486,electric,26/11/2021 19:13:51,2497,11th/Congress @ The Texas Capitol,2497,11th/Congress @ The Texas Capitol,47
25717440,Single Trip (Pay-as-you-ride),1531,classic,26/11/2021 19:17:54,2497,11th/Congress @ The Texas Capitol,2497,11th/Congress @ The Texas Capitol,43
25601628,24 Hour Walk Up Pass,951,classic,7/11/2021 11:34:43,2497,11th/Congress @ The Texas Capitol,2497,11th/Congress @ The Texas Capitol,61
25648890,Single Trip (Pay-as-you-ride),19198,electric,13/11/2021 20:47:08,2497,11th/Congress @ The Texas Capitol,2497,11th/Congress @ The Texas Capitol,24
25708220,Pay-as-you-ride,229G,classic,24/11/2021 11:46:40,2497,11th/Congress @ The Texas Capitol,2497,11th/Congress @ The Texas Capitol,15
25696727,Single Trip (Pay-as-you-ride),18704,electric,21/11/2021 21:04:43,2497,11th/Congress @ The Texas Capitol,2497,11th/Congress @ The Texas Capitol,34
25696730,Single Trip (Pay-as-you-ride),21718,electric,21/11/2021 21:06:03,2497,11th/Congress @ The Texas Capitol,2497,11th/Congress @ The Texas Capitol,32
25672828,24 Hour Walk Up Pass,3025,classic,17/11/2021 14:20:42,2497,11th/Congress @ The Texas Capitol,2497,11th/Congress @ The Texas Capitol,187
25564341,Local31,23271,electric,1/11/2021 15:53:34,2497,11th/Congress @ The Texas Capitol,2497,11th/Congress @ The Texas Capitol,53
25717422,Single Trip (Pay-as-you-ride),21659,electric,26/11/2021 19:10:20,2497,11th/Congress @ The Texas Capitol,2497,11th/Congress @ The Texas Capitol,50
25717425,Single Trip (Pay-as-you-ride),19254,electric,26/11/2021 19:11:02,2497,11th/Congress @ The Texas Capitol,2497,11th/Congress @ The Texas Capitol,49
25717428,Single Trip (Pay-as-you-ride),472,classic,26/11/2021 19:13:00,2497,11th/Congress @ The Texas Capitol,2497,11th/Congress @ The Texas Capitol,47
25710624,Single Trip (Pay-as-you-ride),382,classic,24/11/2021 18:15:11,2497,11th/Congress @ The Texas Capitol,2497,11th/Congress @ The Texas Capitol,39
25871535,Student Membership,298,classic,31/12/2021 21:20:40,2497,11th/Congress @ The Texas Capitol,2497,11th/Congress @ The Texas Capitol,5
25801938,Pay-as-you-ride,78,classic,12/12/2021 21:32:54,2497,11th/Congress @ The Texas Capitol,2497,11th/Congress @ The Texas Capitol,44
25823143,Explorer,422,classic,17/12/2021 23:52:09,2497,11th/Congress @ The Texas Capitol,2497,11th/Congress @ The Texas Capitol,10
25842075,Single Trip (Pay-as-you-ride),2205,classic,24/12/2021 17:53:37,2497,11th/Congress @ The Texas Capitol,2497,11th/Congress @ The Texas Capitol,27
25845759,Single Trip (Pay-as-you-ride),19148,electric,25/12/2021 17:28:25,2497,11th/Congress @ The Texas Capitol,2497,11th/Congress @ The Texas Capitol,71
25845779,Single Trip (Pay-as-you-ride),775,classic,25/12/2021 17:31:59,2497,11th/Congress @ The Texas Capitol,2497,11th/Congress @ The Texas Capitol,67
25848158,24 Hour Walk Up Pass,16410,electric,26/12/2021 13:42:36,2497,11th/Congress @ The Texas Capitol,2497,11th/Congress @ The Texas Capitol,62
25856748,24 Hour Walk Up Pass,21546,electric,28/12/2021 13:10:59,2497,11th/Congress @ The Texas Capitol,2497,11th/Congress @ The Texas Capitol,2
25867465,Pay-as-you-ride,2887,classic,30/12/2021 22:22:50,2497,11th/Congress @ The Texas Capitol,2497,11th/Congress @ The Texas Capitol,35
25867643,Single Trip (Pay-as-you-ride),17460,electric,31/12/2021 0:48:02,2497,11th/Congress @ The Texas Capitol,2497,11th/Congress @ The Texas Capitol,6
25867644,Single Trip (Pay-as-you-ride),21712,electric,31/12/2021 0:48:52,2497,11th/Congress @ The Texas Capitol,2497,11th/Congress @ The Texas Capitol,7
25867463,Pay-as-you-ride,281,classic,30/12/2021 22:22:24,2497,11th/Congress @ The Texas Capitol,2497,11th/Congress @ The Texas Capitol,10
25870248,Pay-as-you-ride,21712,electric,31/12/2021 15:29:28,2497,11th/Congress @ The Texas Capitol,2497,11th/Congress @ The Texas Capitol,58
25833374,Single Trip (Pay-as-you-ride),1434,classic,22/12/2021 1:34:57,2497,11th/Congress @ The Texas Capitol,2497,11th/Congress @ The Texas Capitol,30
25848565,Single Trip (Pay-as-you-ride),21558,electric,26/12/2021 14:37:05,2497,11th/Congress @ The Texas Capitol,2497,11th/Congress @ The Texas Capitol,4
25766430,Pay-as-you-ride,18971,electric,5/12/2021 13:22:24,2497,11th/Congress @ The Texas Capitol,2497,11th/Congress @ The Texas Capitol,18
25829547,Pay-as-you-ride,1434,classic,20/12/2021 17:29:40,2497,11th/Congress @ The Texas Capitol,2497,11th/Congress @ The Texas Capitol,76
25842087,Single Trip (Pay-as-you-ride),470,classic,24/12/2021 17:57:34,2497,11th/Congress @ The Texas Capitol,2497,11th/Congress @ The Texas Capitol,23
25845768,Single Trip (Pay-as-you-ride),387,classic,25/12/2021 17:30:38,2497,11th/Congress @ The Texas Capitol,2497,11th/Congress @ The Texas Capitol,67
25857504,Pay-as-you-ride,110,classic,28/12/2021 14:52:35,2497,11th/Congress @ The Texas Capitol,2497,11th/Congress @ The Texas Capitol,18
25829541,Pay-as-you-ride,21886,electric,20/12/2021 17:27:57,2497,11th/Congress @ The Texas Capitol,2497,11th/Congress @ The Texas Capitol,78
25870239,Pay-as-you-ride,17460,electric,31/12/2021 15:28:39,2497,11th/Congress @ The Texas Capitol,2497,11th/Congress @ The Texas Capitol,59
25870242,Pay-as-you-ride,21699,electric,31/12/2021 15:28:49,2497,11th/Congress @ The Texas Capitol,2497,11th/Congress @ The Texas Capitol,59
25830648,24 Hour Walk Up Pass,1434,classic,21/12/2021 10:03:07,2497,11th/Congress @ The Texas Capitol,2497,11th/Congress @ The Texas Capitol,91
25833373,Single Trip (Pay-as-you-ride),470,classic,22/12/2021 1:34:14,2497,11th/Congress @ The Texas Capitol,2497,11th/Congress @ The Texas Capitol,30
25857509,Pay-as-you-ride,5089,classic,28/12/2021 14:52:58,2497,11th/Congress @ The Texas Capitol,2497,11th/Congress @ The Texas Capitol,122
25867462,Pay-as-you-ride,468,classic,30/12/2021 22:22:02,2497,11th/Congress @ The Texas Capitol,2497,11th/Congress @ The Texas Capitol,35
25793476,Explorer,21571,electric,11/12/2021 6:11:39,2497,11th/Congress @ The Texas Capitol,2497,11th/Congress @ The Texas Capitol,7
25870258,Pay-as-you-ride,21654,electric,31/12/2021 15:30:51,2497,11th/Congress @ The Texas Capitol,2497,11th/Congress @ The Texas Capitol,57
25843440,Single Trip (Pay-as-you-ride),1641,classic,25/12/2021 12:31:06,2497,11th/Congress @ The Texas Capitol,2497,11th/Congress @ The Texas Capitol,69
25866531,Single Trip (Pay-as-you-ride),124,classic,30/12/2021 16:53:34,2497,11th/Congress @ The Texas Capitol,2497,11th/Congress @ The Texas Capitol,10
25870272,Pay-as-you-ride,21541,electric,31/12/2021 15:33:10,2497,11th/Congress @ The Texas Capitol,2497,11th/Congress @ The Texas Capitol,54
25829545,Pay-as-you-ride,21749,electric,20/12/2021 17:29:15,2497,11th/Congress @ The Texas Capitol,2497,11th/Congress @ The Texas Capitol,76
25830647,24 Hour Walk Up Pass,470,classic,21/12/2021 10:02:13,2497,11th/Congress @ The Texas Capitol,2497,11th/Congress @ The Texas Capitol,92
25845761,Single Trip (Pay-as-you-ride),19432,electric,25/12/2021 17:29:23,2497,11th/Congress @ The Texas Capitol,2497,11th/Congress @ The Texas Capitol,68
25849920,24 Hour Walk Up Pass,21697,electric,26/12/2021 17:31:21,2497,11th/Congress @ The Texas Capitol,2497,11th/Congress @ The Texas Capitol,31
25849923,24 Hour Walk Up Pass,16410,electric,26/12/2021 17:32:10,2497,11th/Congress @ The Texas Capitol,2497,11th/Congress @ The Texas Capitol,31
25854437,24 Hour Walk Up Pass,19935,electric,27/12/2021 17:27:48,2497,11th/Congress @ The Texas Capitol,2497,11th/Congress @ The Texas Capitol,3
25854915,Single Trip (Pay-as-you-ride),749,classic,27/12/2021 20:18:45,2497,11th/Congress @ The Texas Capitol,2497,11th/Congress @ The Texas Capitol,17
25854918,Single Trip (Pay-as-you-ride),102,classic,27/12/2021 20:19:27,2497,11th/Congress @ The Texas Capitol,2497,11th/Congress @ The Texas Capitol,15
25848142,24 Hour Walk Up Pass,057G,classic,26/12/2021 13:41:04,2497,11th/Congress @ The Texas Capitol,2497,11th/Congress @ The Texas Capitol,63
25848583,Single Trip (Pay-as-you-ride),21697,electric,26/12/2021 14:40:05,2497,11th/Congress @ The Texas Capitol,2497,11th/Congress @ The Texas Capitol,8
25780388,Explorer,19177,electric,8/12/2021 13:51:40,2497,11th/Congress @ The Texas Capitol,2497,11th/Congress @ The Texas Capitol,6
25829542,Pay-as-you-ride,470,classic,20/12/2021 17:28:23,2497,11th/Congress @ The Texas Capitol,2497,11th/Congress @ The Texas Capitol,77
25829579,Pay-as-you-ride,387,classic,20/12/2021 17:38:27,2497,11th/Congress @ The Texas Capitol,2497,11th/Congress @ The Texas Capitol,67
25842079,Single Trip (Pay-as-you-ride),057G,classic,24/12/2021 17:54:16,2497,11th/Congress @ The Texas Capitol,2497,11th/Congress @ The Texas Capitol,26
25843436,Single Trip (Pay-as-you-ride),470,classic,25/12/2021 12:30:04,2497,11th/Congress @ The Texas Capitol,2497,11th/Congress @ The Texas Capitol,70
25793964,24 Hour Walk Up Pass,21571,electric,11/12/2021 10:45:59,2497,11th/Congress @ The Texas Capitol,2497,11th/Congress @ The Texas Capitol,94
21554045,Explorer,057G,classic,8/2/2020 15:20:14,2497,11th/Congress @ The Texas Capitol,2497,11th/Congress @ The Texas Capitol,2
21605220,Explorer,17438,electric,23/2/2020 12:30:42,2497,11th/Congress @ The Texas Capitol,2497,11th/Congress @ The Texas Capitol,49
21625489,Explorer,19211,electric,29/2/2020 10:55:01,2497,11th/Congress @ The Texas Capitol,2497,11th/Congress @ The Texas Capitol,71
21600677,Single Trip (Pay-as-you-ride),17438,electric,22/2/2020 12:47:20,2497,11th/Congress @ The Texas Capitol,2497,11th/Congress @ The Texas Capitol,22
21601796,Single Trip (Pay-as-you-ride),19211,electric,22/2/2020 14:58:54,2497,11th/Congress @ The Texas Capitol,2497,11th/Congress @ The Texas Capitol,34
21606522,24 Hour Walk Up Pass,17370,electric,23/2/2020 15:30:57,2497,11th/Congress @ The Texas Capitol,2497,11th/Congress @ The Texas Capitol,46
21555599,Pay-as-you-ride,115,classic,8/2/2020 20:53:24,2497,11th/Congress @ The Texas Capitol,2497,11th/Congress @ The Texas Capitol,55
21600419,24 Hour Walk Up Pass,19285,electric,22/2/2020 12:09:22,2497,11th/Congress @ The Texas Capitol,2497,11th/Congress @ The Texas Capitol,50
21532719,Explorer,288,classic,1/2/2020 15:22:18,2497,11th/Congress @ The Texas Capitol,2497,11th/Congress @ The Texas Capitol,38
21574777,Explorer,110G,classic,15/2/2020 13:19:45,2497,11th/Congress @ The Texas Capitol,2497,11th/Congress @ The Texas Capitol,25
21601034,Single Trip (Pay-as-you-ride),19285,electric,22/2/2020 13:32:22,2497,11th/Congress @ The Texas Capitol,2497,11th/Congress @ The Texas Capitol,70
21606527,24 Hour Walk Up Pass,110,classic,23/2/2020 15:31:30,2497,11th/Congress @ The Texas Capitol,2497,11th/Congress @ The Texas Capitol,45
21600670,Single Trip (Pay-as-you-ride),19211,electric,22/2/2020 12:46:19,2497,11th/Congress @ The Texas Capitol,2497,11th/Congress @ The Texas Capitol,23
21532724,Explorer,661,classic,1/2/2020 15:22:42,2497,11th/Congress @ The Texas Capitol,2497,11th/Congress @ The Texas Capitol,38
21625419,Single Trip (Pay-as-you-ride),19211,electric,29/2/2020 10:46:45,2497,11th/Congress @ The Texas Capitol,2497,11th/Congress @ The Texas Capitol,4
21601786,Single Trip (Pay-as-you-ride),17370,electric,22/2/2020 14:57:40,2497,11th/Congress @ The Texas Capitol,2497,11th/Congress @ The Texas Capitol,35
21624534,Single Trip (Pay-as-you-ride),19211,electric,28/2/2020 22:24:38,2497,11th/Congress @ The Texas Capitol,2497,11th/Congress @ The Texas Capitol,19
21574787,Explorer,2195,classic,15/2/2020 13:21:40,2497,11th/Congress @ The Texas Capitol,2497,11th/Congress @ The Texas Capitol,23
21444833,Pay-as-you-ride,035G,classic,5/1/2020 23:17:00,2497,11th/Congress @ The Texas Capitol,2497,11th/Congress @ The Texas Capitol,663
21466225,Pay-as-you-ride,2355,classic,12/1/2020 17:51:33,2497,11th/Congress @ The Texas Capitol,2497,11th/Congress @ The Texas Capitol,39
21444830,Pay-as-you-ride,80,classic,5/1/2020 23:16:25,2497,11th/Congress @ The Texas Capitol,2497,11th/Congress @ The Texas Capitol,663
21435595,Explorer,2034,classic,3/1/2020 15:57:56,2497,11th/Congress @ The Texas Capitol,2497,11th/Congress @ The Texas Capitol,4
21484116,Explorer,035G,classic,18/1/2020 15:50:48,2497,11th/Congress @ The Texas Capitol,2497,11th/Congress @ The Texas Capitol,3
21665019,24 Hour Walk Up Pass,735,classic,8/3/2020 15:39:46,2497,11th/Congress @ The Texas Capitol,2497,11th/Congress @ The Texas Capitol,108
21689748,Pay-as-you-ride,16974,electric,13/3/2020 16:49:56,2497,11th/Congress @ The Texas Capitol,2497,11th/Congress @ The Texas Capitol,25
21715195,Single Trip (Pay-as-you-ride),18101,electric,21/3/2020 20:23:32,2497,11th/Congress @ The Texas Capitol,2497,11th/Congress @ The Texas Capitol,20
21715198,Single Trip (Pay-as-you-ride),18556,electric,21/3/2020 20:24:15,2497,11th/Congress @ The Texas Capitol,2497,11th/Congress @ The Texas Capitol,19
21746195,3-Day Weekender,19729,electric,31/3/2020 11:04:58,2497,11th/Congress @ The Texas Capitol,2497,11th/Congress @ The Texas Capitol,50
21691560,24 Hour Walk Up Pass,16974,electric,14/3/2020 11:02:18,2497,11th/Congress @ The Texas Capitol,2497,11th/Congress @ The Texas Capitol,28
21694036,24 Hour Walk Up Pass,19677,electric,14/3/2020 18:55:46,2497,11th/Congress @ The Texas Capitol,2497,11th/Congress @ The Texas Capitol,30
21710893,Single Trip (Pay-as-you-ride),321,classic,19/3/2020 20:49:29,2497,11th/Congress @ The Texas Capitol,2497,11th/Congress @ The Texas Capitol,8
21632233,Single Trip (Pay-as-you-ride),1895,classic,1/3/2020 13:34:55,2497,11th/Congress @ The Texas Capitol,2497,11th/Congress @ The Texas Capitol,319
21658207,24 Hour Walk Up Pass,1565,classic,7/3/2020 13:17:25,2497,11th/Congress @ The Texas Capitol,2497,11th/Congress @ The Texas Capitol,55
21665051,24 Hour Walk Up Pass,517,classic,8/3/2020 15:42:00,2497,11th/Congress @ The Texas Capitol,2497,11th/Congress @ The Texas Capitol,105
21684550,24 Hour Walk Up Pass,19789,electric,12/3/2020 12:58:34,2497,11th/Congress @ The Texas Capitol,2497,11th/Congress @ The Texas Capitol,72
21694416,Single Trip (Pay-as-you-ride),19104,electric,14/3/2020 21:04:57,2497,11th/Congress @ The Texas Capitol,2497,11th/Congress @ The Texas Capitol,782
21694419,Single Trip (Pay-as-you-ride),19677,electric,14/3/2020 21:05:56,2497,11th/Congress @ The Texas Capitol,2497,11th/Congress @ The Texas Capitol,781
21710924,Single Trip (Pay-as-you-ride),19631,electric,19/3/2020 21:06:46,2497,11th/Congress @ The Texas Capitol,2497,11th/Congress @ The Texas Capitol,57
21691562,24 Hour Walk Up Pass,18995,electric,14/3/2020 11:03:24,2497,11th/Congress @ The Texas Capitol,2497,11th/Congress @ The Texas Capitol,44
21704217,Single Trip (Pay-as-you-ride),19160,electric,17/3/2020 18:15:12,2497,11th/Congress @ The Texas Capitol,2497,11th/Congress @ The Texas Capitol,35
21710434,Explorer,18101,electric,19/3/2020 18:44:41,2497,11th/Congress @ The Texas Capitol,2497,11th/Congress @ The Texas Capitol,8
21710892,Single Trip (Pay-as-you-ride),19488,electric,19/3/2020 20:48:52,2497,11th/Congress @ The Texas Capitol,2497,11th/Congress @ The Texas Capitol,75
21682153,Single Trip (Pay-as-you-ride),19326,electric,11/3/2020 19:03:12,2497,11th/Congress @ The Texas Capitol,2497,11th/Congress @ The Texas Capitol,23
21631476,Explorer,19706,electric,1/3/2020 12:06:09,2497,11th/Congress @ The Texas Capitol,2497,11th/Congress @ The Texas Capitol,14
21692695,Explorer,19606,electric,14/3/2020 14:55:33,2497,11th/Congress @ The Texas Capitol,2497,11th/Congress @ The Texas Capitol,37
21693677,Explorer,19677,electric,14/3/2020 17:51:38,2497,11th/Congress @ The Texas Capitol,2497,11th/Congress @ The Texas Capitol,40
21682150,Single Trip (Pay-as-you-ride),19243,electric,11/3/2020 19:01:54,2497,11th/Congress @ The Texas Capitol,2497,11th/Congress @ The Texas Capitol,24
21710886,Single Trip (Pay-as-you-ride),18101,electric,19/3/2020 20:46:38,2497,11th/Congress @ The Texas Capitol,2497,11th/Congress @ The Texas Capitol,42
21710889,Single Trip (Pay-as-you-ride),244G,classic,19/3/2020 20:47:53,2497,11th/Congress @ The Texas Capitol,2497,11th/Congress @ The Texas Capitol,40
21632237,Single Trip (Pay-as-you-ride),285,classic,1/3/2020 13:35:31,2497,11th/Congress @ The Texas Capitol,2497,11th/Congress @ The Texas Capitol,24
21689755,Pay-as-you-ride,19195,electric,13/3/2020 16:51:41,2497,11th/Congress @ The Texas Capitol,2497,11th/Congress @ The Texas Capitol,23
21694415,Single Trip (Pay-as-you-ride),19606,electric,14/3/2020 21:04:00,2497,11th/Congress @ The Texas Capitol,2497,11th/Congress @ The Texas Capitol,782
21704222,Single Trip (Pay-as-you-ride),16290,electric,17/3/2020 18:15:58,2497,11th/Congress @ The Texas Capitol,2497,11th/Congress @ The Texas Capitol,35
21689746,Pay-as-you-ride,19326,electric,13/3/2020 16:49:36,2497,11th/Congress @ The Texas Capitol,2497,11th/Congress @ The Texas Capitol,25
21701362,Single Trip (Pay-as-you-ride),19104,electric,16/3/2020 19:09:54,2497,11th/Congress @ The Texas Capitol,2497,11th/Congress @ The Texas Capitol,11
21710888,Single Trip (Pay-as-you-ride),16290,electric,19/3/2020 20:47:19,2497,11th/Congress @ The Texas Capitol,2497,11th/Congress @ The Texas Capitol,41
21715199,Single Trip (Pay-as-you-ride),19631,electric,21/3/2020 20:25:02,2497,11th/Congress @ The Texas Capitol,2497,11th/Congress @ The Texas Capitol,18
21631644,24 Hour Walk Up Pass,142,classic,1/3/2020 12:29:10,2497,11th/Congress @ The Texas Capitol,2497,11th/Congress @ The Texas Capitol,22
21665006,24 Hour Walk Up Pass,411,classic,8/3/2020 15:39:04,2497,11th/Congress @ The Texas Capitol,2497,11th/Congress @ The Texas Capitol,109
21663291,Single Trip (Pay-as-you-ride),411,classic,8/3/2020 13:16:04,2497,11th/Congress @ The Texas Capitol,2497,11th/Congress @ The Texas Capitol,125
21692319,Pay-as-you-ride,18995,electric,14/3/2020 14:00:10,2497,11th/Congress @ The Texas Capitol,2497,11th/Congress @ The Texas Capitol,15
21692339,Pay-as-you-ride,19606,electric,14/3/2020 14:01:51,2497,11th/Congress @ The Texas Capitol,2497,11th/Congress @ The Texas Capitol,14
21693676,Explorer,19104,electric,14/3/2020 17:51:15,2497,11th/Congress @ The Texas Capitol,2497,11th/Congress @ The Texas Capitol,40
21694420,Single Trip (Pay-as-you-ride),106,classic,14/3/2020 21:06:36,2497,11th/Congress @ The Texas Capitol,2497,11th/Congress @ The Texas Capitol,780
21704227,Single Trip (Pay-as-you-ride),19631,electric,17/3/2020 18:16:41,2497,11th/Congress @ The Texas Capitol,2497,11th/Congress @ The Texas Capitol,34
21710885,Single Trip (Pay-as-you-ride),19195,electric,19/3/2020 20:45:55,2497,11th/Congress @ The Texas Capitol,2497,11th/Congress @ The Texas Capitol,43
21763493,Single Trip (Pay-as-you-ride),1830,classic,5/4/2020 17:36:04,2497,11th/Congress @ The Texas Capitol,2497,11th/Congress @ The Texas Capitol,21
21784758,Pay-as-you-ride,19356,electric,12/4/2020 15:43:38,2497,11th/Congress @ The Texas Capitol,2497,11th/Congress @ The Texas Capitol,107
21797330,Single Trip (Pay-as-you-ride),100,classic,16/4/2020 18:55:47,2497,11th/Congress @ The Texas Capitol,2497,11th/Congress @ The Texas Capitol,70
21847426,Local30,100,classic,28/4/2020 15:47:41,2497,11th/Congress @ The Texas Capitol,2497,11th/Congress @ The Texas Capitol,41
21850500,24 Hour Walk Up Pass,19582,electric,29/4/2020 12:09:01,2497,11th/Congress @ The Texas Capitol,2497,11th/Congress @ The Texas Capitol,100
21815424,Single Trip (Pay-as-you-ride),19356,electric,21/4/2020 21:57:25,2497,11th/Congress @ The Texas Capitol,2497,11th/Congress @ The Texas Capitol,20
21784504,Single Trip (Pay-as-you-ride),19443,electric,12/4/2020 14:56:08,2497,11th/Congress @ The Texas Capitol,2497,11th/Congress @ The Texas Capitol,25
21797305,Single Trip (Pay-as-you-ride),3201,classic,16/4/2020 18:51:38,2497,11th/Congress @ The Texas Capitol,2497,11th/Congress @ The Texas Capitol,74
21797325,Single Trip (Pay-as-you-ride),265,classic,16/4/2020 18:54:07,2497,11th/Congress @ The Texas Capitol,2497,11th/Congress @ The Texas Capitol,71
21763485,Single Trip (Pay-as-you-ride),911,classic,5/4/2020 17:34:45,2497,11th/Congress @ The Texas Capitol,2497,11th/Congress @ The Texas Capitol,23
21826917,Single Trip (Pay-as-you-ride),2277,classic,25/4/2020 8:50:09,2497,11th/Congress @ The Texas Capitol,2497,11th/Congress @ The Texas Capitol,25
21833160,Local365,19582,electric,26/4/2020 10:03:56,2497,11th/Congress @ The Texas Capitol,2497,11th/Congress @ The Texas Capitol,2
21846622,Single Trip (Pay-as-you-ride),19328,electric,28/4/2020 12:33:31,2497,11th/Congress @ The Texas Capitol,2497,11th/Congress @ The Texas Capitol,25
21815423,Single Trip (Pay-as-you-ride),17438,electric,21/4/2020 21:56:30,2497,11th/Congress @ The Texas Capitol,2497,11th/Congress @ The Texas Capitol,21
21847431,Local30,227G,classic,28/4/2020 15:49:01,2497,11th/Congress @ The Texas Capitol,2497,11th/Congress @ The Texas Capitol,37
21826907,Single Trip (Pay-as-you-ride),1486,classic,25/4/2020 8:44:27,2497,11th/Congress @ The Texas Capitol,2497,11th/Congress @ The Texas Capitol,32
21810608,Local30,19199,electric,20/4/2020 17:38:42,2497,11th/Congress @ The Texas Capitol,2497,11th/Congress @ The Texas Capitol,18
21834389,24 Hour Walk Up Pass,2277,classic,26/4/2020 12:47:50,2497,11th/Congress @ The Texas Capitol,2497,11th/Congress @ The Texas Capitol,65
21838173,24 Hour Walk Up Pass,19214,electric,26/4/2020 17:17:04,2497,11th/Congress @ The Texas Capitol,2497,11th/Congress @ The Texas Capitol,146
21784508,Single Trip (Pay-as-you-ride),19356,electric,12/4/2020 14:57:03,2497,11th/Congress @ The Texas Capitol,2497,11th/Congress @ The Texas Capitol,24
21807367,24 Hour Walk Up Pass,16845,electric,19/4/2020 17:58:15,2497,11th/Congress @ The Texas Capitol,2497,11th/Congress @ The Texas Capitol,5
21815425,Single Trip (Pay-as-you-ride),393,classic,21/4/2020 21:58:02,2497,11th/Congress @ The Texas Capitol,2497,11th/Congress @ The Texas Capitol,19
21846614,Single Trip (Pay-as-you-ride),19582,electric,28/4/2020 12:32:29,2497,11th/Congress @ The Texas Capitol,2497,11th/Congress @ The Texas Capitol,25
21855671,24 Hour Walk Up Pass,2277,classic,30/4/2020 15:41:25,2497,11th/Congress @ The Texas Capitol,2497,11th/Congress @ The Texas Capitol,62
21784759,Pay-as-you-ride,19443,electric,12/4/2020 15:43:46,2497,11th/Congress @ The Texas Capitol,2497,11th/Congress @ The Texas Capitol,107
25875032,Single Trip (Pay-as-you-ride),17460,electric,1/1/2022 17:51:14,2497,11th/Congress @ The Texas Capitol,2497,11th/Congress @ The Texas Capitol,35
25875052,Single Trip (Pay-as-you-ride),21816,electric,1/1/2022 17:54:57,2497,11th/Congress @ The Texas Capitol,2497,11th/Congress @ The Texas Capitol,32
25893500,Single Trip (Pay-as-you-ride),873,classic,9/1/2022 12:31:12,2497,11th/Congress @ The Texas Capitol,2497,11th/Congress @ The Texas Capitol,32
25907031,24 Hour Walk Up Pass,21828,electric,14/1/2022 9:16:57,2497,11th/Congress @ The Texas Capitol,2497,11th/Congress @ The Texas Capitol,213
26032013,Local31,19355,electric,16/2/2022 11:41:15,2497,11th/Congress @ The Texas Capitol,2497,11th/Congress @ The Texas Capitol,20
26025012,Pay-as-you-ride,270G,classic,14/2/2022 19:08:43,2497,11th/Congress @ The Texas Capitol,2497,11th/Congress @ The Texas Capitol,30
26047133,Explorer,95,classic,19/2/2022 15:14:07,2497,11th/Congress @ The Texas Capitol,2497,11th/Congress @ The Texas Capitol,106
26047141,Explorer,2095,classic,19/2/2022 15:14:41,2497,11th/Congress @ The Texas Capitol,2497,11th/Congress @ The Texas Capitol,106
26054755,Pay-as-you-ride,2095,classic,20/2/2022 17:24:38,2497,11th/Congress @ The Texas Capitol,2497,11th/Congress @ The Texas Capitol,29
26032688,Explorer,19355,electric,16/2/2022 13:22:04,2497,11th/Congress @ The Texas Capitol,2497,11th/Congress @ The Texas Capitol,33
26047298,Explorer,21695,electric,19/2/2022 15:27:01,2497,11th/Congress @ The Texas Capitol,2497,11th/Congress @ The Texas Capitol,92
26053604,3-Day Weekender,19185,electric,20/2/2022 15:30:43,2497,11th/Congress @ The Texas Capitol,2497,11th/Congress @ The Texas Capitol,173
26019409,Pay-as-you-ride,18331,electric,13/2/2022 16:41:19,2497,11th/Congress @ The Texas Capitol,2497,11th/Congress @ The Texas Capitol,45
26018298,Explorer,21829,electric,13/2/2022 14:23:42,2497,11th/Congress @ The Texas Capitol,2497,11th/Congress @ The Texas Capitol,106
26032679,Explorer,17370,electric,16/2/2022 13:20:32,2497,11th/Congress @ The Texas Capitol,2497,11th/Congress @ The Texas Capitol,35
26893520,Student Membership,21427,electric,11/6/2022 22:01:47,2497,11th/Congress @ The Texas Capitol,2497,11th/Congress @ The Texas Capitol,3
26833838,Single Trip (Pay-as-you-ride),21561,electric,4/6/2022 14:00:34,2497,11th/Congress @ The Texas Capitol,2497,11th/Congress @ The Texas Capitol,43
26833861,Single Trip (Pay-as-you-ride),21698,electric,4/6/2022 14:02:48,2497,11th/Congress @ The Texas Capitol,2497,11th/Congress @ The Texas Capitol,42
26846579,Single Trip (Pay-as-you-ride),203,classic,5/6/2022 20:07:15,2497,11th/Congress @ The Texas Capitol,2497,11th/Congress @ The Texas Capitol,190
26846848,Single Trip (Pay-as-you-ride),1574,classic,5/6/2022 20:39:38,2497,11th/Congress @ The Texas Capitol,2497,11th/Congress @ The Texas Capitol,23
26846851,Single Trip (Pay-as-you-ride),428,classic,5/6/2022 20:39:54,2497,11th/Congress @ The Texas Capitol,2497,11th/Congress @ The Texas Capitol,867
26852491,24 Hour Walk Up Pass,203,classic,6/6/2022 18:21:23,2497,11th/Congress @ The Texas Capitol,2497,11th/Congress @ The Texas Capitol,182
26948857,Single Trip (Pay-as-you-ride),3025,classic,18/6/2022 14:10:33,2497,11th/Congress @ The Texas Capitol,2497,11th/Congress @ The Texas Capitol,32
26961727,Explorer,19730,electric,19/6/2022 17:24:20,2497,11th/Congress @ The Texas Capitol,2497,11th/Congress @ The Texas Capitol,30
26872842,Local365,21792,electric,9/6/2022 15:33:10,2497,11th/Congress @ The Texas Capitol,2497,11th/Congress @ The Texas Capitol,2
26833904,Single Trip (Pay-as-you-ride),21702,electric,4/6/2022 14:07:37,2497,11th/Congress @ The Texas Capitol,2497,11th/Congress @ The Texas Capitol,37
26846831,Single Trip (Pay-as-you-ride),2130,classic,5/6/2022 20:36:43,2497,11th/Congress @ The Texas Capitol,2497,11th/Congress @ The Texas Capitol,27
26809741,Single Trip (Pay-as-you-ride),16322,electric,1/6/2022 13:57:00,2497,11th/Congress @ The Texas Capitol,2497,11th/Congress @ The Texas Capitol,36
26994146,3-Day Weekender,21487,electric,23/6/2022 13:13:49,2497,11th/Congress @ The Texas Capitol,2497,11th/Congress @ The Texas Capitol,2
26846827,Single Trip (Pay-as-you-ride),855,classic,5/6/2022 20:36:39,2497,11th/Congress @ The Texas Capitol,2497,11th/Congress @ The Texas Capitol,27
26901385,Pay-as-you-ride,19918,electric,12/6/2022 20:16:55,2497,11th/Congress @ The Texas Capitol,2497,11th/Congress @ The Texas Capitol,43
26808739,Local365,1574,classic,1/6/2022 11:41:28,2497,11th/Congress @ The Texas Capitol,2497,11th/Congress @ The Texas Capitol,4
26830233,Single Trip (Pay-as-you-ride),855,classic,3/6/2022 23:52:08,2497,11th/Congress @ The Texas Capitol,2497,11th/Congress @ The Texas Capitol,14
26948836,Single Trip (Pay-as-you-ride),166,classic,18/6/2022 14:08:47,2497,11th/Congress @ The Texas Capitol,2497,11th/Congress @ The Texas Capitol,35
26961780,Explorer,18947,electric,19/6/2022 17:29:20,2497,11th/Congress @ The Texas Capitol,2497,11th/Congress @ The Texas Capitol,26
26972368,Local365,21477,electric,20/6/2022 20:23:52,2497,11th/Congress @ The Texas Capitol,2497,11th/Congress @ The Texas Capitol,26
26848667,Local365,21698,electric,6/6/2022 9:39:58,2497,11th/Congress @ The Texas Capitol,2497,11th/Congress @ The Texas Capitol,2
26833885,Single Trip (Pay-as-you-ride),19165,electric,4/6/2022 14:05:06,2497,11th/Congress @ The Texas Capitol,2497,11th/Congress @ The Texas Capitol,39
26840371,Local365,547,classic,5/6/2022 9:54:28,2497,11th/Congress @ The Texas Capitol,2497,11th/Congress @ The Texas Capitol,5
26872877,Local365,21792,electric,9/6/2022 15:37:12,2497,11th/Congress @ The Texas Capitol,2497,11th/Congress @ The Texas Capitol,3
27009588,Explorer,16456,electric,24/6/2022 22:50:00,2497,11th/Congress @ The Texas Capitol,2497,11th/Congress @ The Texas Capitol,15
26809740,Single Trip (Pay-as-you-ride),263G,classic,1/6/2022 13:56:41,2497,11th/Congress @ The Texas Capitol,2497,11th/Congress @ The Texas Capitol,37
26961745,Pay-as-you-ride,16337,electric,19/6/2022 17:26:17,2497,11th/Congress @ The Texas Capitol,2497,11th/Congress @ The Texas Capitol,28
26925234,24 Hour Walk Up Pass,21676,electric,15/6/2022 19:36:40,2497,11th/Congress @ The Texas Capitol,2497,11th/Congress @ The Texas Capitol,43
26830212,Single Trip (Pay-as-you-ride),547,classic,3/6/2022 23:47:25,2497,11th/Congress @ The Texas Capitol,2497,11th/Congress @ The Texas Capitol,20
26570293,Single Trip (Pay-as-you-ride),19401,electric,2/5/2022 13:38:50,2497,11th/Congress @ The Texas Capitol,2497,11th/Congress @ The Texas Capitol,54
26571921,24 Hour Walk Up Pass,209,classic,2/5/2022 16:45:02,2497,11th/Congress @ The Texas Capitol,2497,11th/Congress @ The Texas Capitol,75
26631131,3-Day Weekender,353G,classic,10/5/2022 11:34:19,2497,11th/Congress @ The Texas Capitol,2497,11th/Congress @ The Texas Capitol,2
26692009,Single Trip (Pay-as-you-ride),19285,electric,16/5/2022 18:20:34,2497,11th/Congress @ The Texas Capitol,2497,11th/Congress @ The Texas Capitol,4
26750546,Local31,17019,electric,24/5/2022 19:46:26,2497,11th/Congress @ The Texas Capitol,2497,11th/Congress @ The Texas Capitol,46
26714322,Single Trip (Pay-as-you-ride),2034,classic,19/5/2022 18:06:32,2497,11th/Congress @ The Texas Capitol,2497,11th/Congress @ The Texas Capitol,71
26780296,Single Trip (Pay-as-you-ride),553,classic,28/5/2022 22:44:53,2497,11th/Congress @ The Texas Capitol,2497,11th/Congress @ The Texas Capitol,60
26781817,3-Day Weekender,19734,electric,29/5/2022 9:21:43,2497,11th/Congress @ The Texas Capitol,2497,11th/Congress @ The Texas Capitol,115
26788229,3-Day Weekender,22449,electric,29/5/2022 19:05:19,2497,11th/Congress @ The Texas Capitol,2497,11th/Congress @ The Texas Capitol,966
26786917,Single Trip (Pay-as-you-ride),21610,electric,29/5/2022 17:06:02,2497,11th/Congress @ The Texas Capitol,2497,11th/Congress @ The Texas Capitol,15
26786920,Single Trip (Pay-as-you-ride),22530,electric,29/5/2022 17:06:14,2497,11th/Congress @ The Texas Capitol,2497,11th/Congress @ The Texas Capitol,15
26683814,Single Trip (Pay-as-you-ride),124,classic,15/5/2022 18:28:58,2497,11th/Congress @ The Texas Capitol,2497,11th/Congress @ The Texas Capitol,21
26565008,24 Hour Walk Up Pass,21628,electric,1/5/2022 17:28:32,2497,11th/Congress @ The Texas Capitol,2497,11th/Congress @ The Texas Capitol,62
28648969,Local365,21426,electric,17/12/2022 14:25:49,4055,11th/Salina,2497,11th/Congress @ The Texas Capitol,8
26150346,3-Day Weekender,21668,electric,12/3/2022 20:25:09,4055,11th/Salina ,2497,11th/Congress @ The Texas Capitol,12
28006719,Explorer,21546,electric,28/9/2022 19:53:39,4055,11th/Salina ,2497,11th/Congress @ The Texas Capitol,16
27988506,3-Day Weekender,16935,electric,27/9/2022 11:46:36,4055,11th/Salina ,2497,11th/Congress @ The Texas Capitol,12
28435819,Pay-as-you-ride,1531,classic,8/11/2022 15:16:43,4055,11th/Salina ,,11th/Congress @ The Texas Capitol,24
28435853,Pay-as-you-ride,343,classic,8/11/2022 15:18:19,4055,11th/Salina ,,11th/Congress @ The Texas Capitol,22
23428415,Local365,16277,electric,18/1/2021 12:51:24,4055,11th/Salina ,2497,11th/Congress @ The Texas Capitol,35
23963822,Pay-as-you-ride,136G,classic,27/4/2021 17:34:07,4055,11th/Salina ,2497,11th/Congress @ The Texas Capitol,22
23880264,Pay-as-you-ride,16337,electric,16/4/2021 9:43:22,4055,11th/Salina ,2497,11th/Congress @ The Texas Capitol,7
24459869,Pay-as-you-ride,19330,electric,1/7/2021 9:32:55,4055,11th/Salina ,2497,11th/Congress @ The Texas Capitol,11
24790036,Pay-as-you-ride,19488,electric,9/8/2021 9:21:16,4055,11th/Salina ,2497,11th/Congress @ The Texas Capitol,9
24790041,Single Trip (Pay-as-you-ride),19745,electric,9/8/2021 9:23:11,4055,11th/Salina ,2497,11th/Congress @ The Texas Capitol,7
25371783,Single Trip (Pay-as-you-ride),19214,electric,9/10/2021 21:25:22,4055,11th/Salina ,2497,11th/Congress @ The Texas Capitol,1154
25545025,Single Trip (Pay-as-you-ride),16337,electric,29/10/2021 15:44:23,4055,11th/Salina ,2497,11th/Congress @ The Texas Capitol,18
26765436,3-Day Weekender,21514,electric,27/5/2022 12:07:49,3291,11th/San Jacinto,2497,11th/Congress @ The Texas Capitol,31
26798062,Student Membership,2130,classic,30/5/2022 18:32:15,3291,11th/San Jacinto,2497,11th/Congress @ The Texas Capitol,2
26660935,Single Trip (Pay-as-you-ride),19401,electric,13/5/2022 15:03:28,3291,11th/San Jacinto,2497,11th/Congress @ The Texas Capitol,14
26670510,Explorer,19224,electric,14/5/2022 14:13:49,3291,11th/San Jacinto,2497,11th/Congress @ The Texas Capitol,75
26615614,Local31,21849,electric,8/5/2022 11:26:17,3291,11th/San Jacinto,2497,11th/Congress @ The Texas Capitol,2
26766797,3-Day Weekender,520,classic,27/5/2022 15:01:05,3291,11th/San Jacinto,2497,11th/Congress @ The Texas Capitol,3
26165401,Local365,21457,electric,15/3/2022 11:55:46,3291,11th/San Jacinto,2497,11th/Congress @ The Texas Capitol,3
26238187,Local365,21652,electric,24/3/2022 18:49:42,3291,11th/San Jacinto,2497,11th/Congress @ The Texas Capitol,5
26250080,Local365,19955,electric,26/3/2022 14:47:40,3291,11th/San Jacinto,2497,11th/Congress @ The Texas Capitol,13
26373919,Single Trip (Pay-as-you-ride),19529,electric,10/4/2022 18:56:49,3291,11th/San Jacinto,2497,11th/Congress @ The Texas Capitol,23
26363611,Explorer,21553,electric,9/4/2022 18:43:37,3291,11th/San Jacinto,2497,11th/Congress @ The Texas Capitol,21
26363608,Explorer,19476,electric,9/4/2022 18:43:22,3291,11th/San Jacinto,2497,11th/Congress @ The Texas Capitol,21
26318497,Explorer,21714,electric,4/4/2022 10:09:20,3291,11th/San Jacinto,2497,11th/Congress @ The Texas Capitol,13
27107190,Local365,22470,electric,5/7/2022 16:14:38,3291,11th/San Jacinto,2497,11th/Congress @ The Texas Capitol,14
27577972,Single Trip (Pay-as-you-ride),21682,electric,24/8/2022 18:27:05,3291,11th/San Jacinto,2497,11th/Congress @ The Texas Capitol,8
27660645,24 Hour Walk Up Pass,21458,electric,31/8/2022 17:44:32,3291,11th/San Jacinto,2497,11th/Congress @ The Texas Capitol,25
27609255,24 Hour Walk Up Pass,19040,electric,27/8/2022 11:25:56,3291,11th/San Jacinto,2497,11th/Congress @ The Texas Capitol,155
27775963,Student Membership,21688,electric,9/9/2022 23:07:52,3291,11th/San Jacinto,2497,11th/Congress @ The Texas Capitol,3
27775968,Student Membership,035G,classic,9/9/2022 23:08:51,3291,11th/San Jacinto,2497,11th/Congress @ The Texas Capitol,2
27863978,24 Hour Walk Up Pass,877,classic,17/9/2022 9:37:19,3291,11th/San Jacinto,2497,11th/Congress @ The Texas Capitol,4
23481131,Local365,16410,electric,2/2/2021 17:01:29,3291,11th/San Jacinto,2497,11th/Congress @ The Texas Capitol,2
23525915,Local365,19675,electric,19/2/2021 16:30:28,3291,11th/San Jacinto,2497,11th/Congress @ The Texas Capitol,2
23376539,Single Trip (Pay-as-you-ride),19529,electric,2/1/2021 19:31:30,3291,11th/San Jacinto,2497,11th/Congress @ The Texas Capitol,9
23387078,Local365,19427,electric,5/1/2021 13:53:39,3291,11th/San Jacinto,2497,11th/Congress @ The Texas Capitol,2
23435269,Local31,19224,electric,20/1/2021 14:45:59,3291,11th/San Jacinto,2497,11th/Congress @ The Texas Capitol,5
23956632,3-Day Weekender,16410,electric,26/4/2021 17:57:07,3291,11th/San Jacinto,2497,11th/Congress @ The Texas Capitol,6
24031494,Local31,1439,classic,6/5/2021 23:13:30,3291,11th/San Jacinto,2497,11th/Congress @ The Texas Capitol,2
24078154,24 Hour Walk Up Pass,21727,electric,13/5/2021 15:51:11,3291,11th/San Jacinto,2497,11th/Congress @ The Texas Capitol,1190
24035194,3-Day Weekender,962,classic,7/5/2021 14:24:56,3291,11th/San Jacinto,2497,11th/Congress @ The Texas Capitol,5
24252499,Single Trip (Pay-as-you-ride),21653,electric,5/6/2021 14:44:57,3291,11th/San Jacinto,2497,11th/Congress @ The Texas Capitol,27
24624329,Local31,21714,electric,20/7/2021 12:01:57,3291,11th/San Jacinto,2497,11th/Congress @ The Texas Capitol,59
24929256,Explorer,21661,electric,25/8/2021 11:09:45,3291,11th/San Jacinto,2497,11th/Congress @ The Texas Capitol,32
24817961,24 Hour Walk Up Pass,21487,electric,13/8/2021 4:01:21,3291,11th/San Jacinto,2497,11th/Congress @ The Texas Capitol,11
25234500,Local365,19367,electric,25/9/2021 13:17:33,3291,11th/San Jacinto,2497,11th/Congress @ The Texas Capitol,7
25114113,Local365,17635,electric,12/9/2021 19:03:20,3291,11th/San Jacinto,2497,11th/Congress @ The Texas Capitol,969
25361091,Local365,19198,electric,9/10/2021 11:47:52,3291,11th/San Jacinto,2497,11th/Congress @ The Texas Capitol,2
25548255,24 Hour Walk Up Pass,548,classic,30/10/2021 11:29:44,3291,11th/San Jacinto,2497,11th/Congress @ The Texas Capitol,7
25548257,24 Hour Walk Up Pass,1586,classic,30/10/2021 11:30:04,3291,11th/San Jacinto,2497,11th/Congress @ The Texas Capitol,5
25760212,Single Trip (Pay-as-you-ride),19602,electric,4/12/2021 14:42:13,3291,11th/San Jacinto,2497,11th/Congress @ The Texas Capitol,52
25819942,Local365,22567,electric,17/12/2021 7:50:56,3291,11th/San Jacinto,2497,11th/Congress @ The Texas Capitol,6
25856870,Single Trip (Pay-as-you-ride),348,classic,28/12/2021 13:26:58,3291,11th/San Jacinto,2497,11th/Congress @ The Texas Capitol,17
25856832,Single Trip (Pay-as-you-ride),110,classic,28/12/2021 13:24:12,3291,11th/San Jacinto,2497,11th/Congress @ The Texas Capitol,17
21438737,24 Hour Walk Up Pass,854,classic,4/1/2020 14:31:07,3291,11th/San Jacinto,2497,11th/Congress @ The Texas Capitol,140
21438745,24 Hour Walk Up Pass,58,classic,4/1/2020 14:31:41,3291,11th/San Jacinto,2497,11th/Congress @ The Texas Capitol,135
21453592,Explorer,072G,classic,8/1/2020 12:56:43,3291,11th/San Jacinto,2497,11th/Congress @ The Texas Capitol,62
21704241,24 Hour Walk Up Pass,321,classic,17/3/2020 18:20:10,3291,11th/San Jacinto,2497,11th/Congress @ The Texas Capitol,2
21850666,Local30,19367,electric,29/4/2020 12:50:21,3291,11th/San Jacinto,2497,11th/Congress @ The Texas Capitol,44
21841859,Local30,16280,electric,27/4/2020 12:58:33,3291,11th/San Jacinto,2497,11th/Congress @ The Texas Capitol,46
21846450,Local30,19328,electric,28/4/2020 12:06:45,3291,11th/San Jacinto,2497,11th/Congress @ The Texas Capitol,10
25881816,Explorer,106,classic,4/1/2022 14:47:38,3291,11th/San Jacinto,2497,11th/Congress @ The Texas Capitol,4
26042127,3-Day Weekender,19285,electric,18/2/2022 16:48:51,3291,11th/San Jacinto,2497,11th/Congress @ The Texas Capitol,8
26983705,Local365,21752,electric,22/6/2022 10:45:14,3291,11th/San Jacinto,2497,11th/Congress @ The Texas Capitol,2
26938562,3-Day Weekender,19583,electric,17/6/2022 13:57:05,3291,11th/San Jacinto,2497,11th/Congress @ The Texas Capitol,2
26660946,Single Trip (Pay-as-you-ride),21859,electric,13/5/2022 15:04:07,3291,11th/San Jacinto,2497,11th/Congress @ The Texas Capitol,15
26798479,Local31,16395,electric,30/5/2022 19:08:22,3291,11th/San Jacinto,2497,11th/Congress @ The Texas Capitol,2
26660943,Single Trip (Pay-as-you-ride),16855,electric,13/5/2022 15:03:54,3291,11th/San Jacinto,2497,11th/Congress @ The Texas Capitol,14
26615633,Local365,19107,electric,8/5/2022 11:28:39,2561,12th/San Jacinto @ State Capitol Visitors Garage,2497,11th/Congress @ The Texas Capitol,6
26623161,Local365,19745,electric,9/5/2022 11:11:23,2561,12th/San Jacinto @ State Capitol Visitors Garage,2497,11th/Congress @ The Texas Capitol,2
26244187,Explorer,23277,electric,25/3/2022 16:58:34,2561,12th/San Jacinto @ State Capitol Visitors Garage,2497,11th/Congress @ The Texas Capitol,14
26153167,Pay-as-you-ride,21691,electric,13/3/2022 14:40:22,2561,12th/San Jacinto @ State Capitol Visitors Garage,2497,11th/Congress @ The Texas Capitol,11
26120835,Pay-as-you-ride,387,classic,6/3/2022 13:17:11,2561,12th/San Jacinto @ State Capitol Visitors Garage,2497,11th/Congress @ The Texas Capitol,17
26244080,Explorer,19132,electric,25/3/2022 16:46:50,2561,12th/San Jacinto @ State Capitol Visitors Garage,2497,11th/Congress @ The Texas Capitol,28
26120751,Pay-as-you-ride,21823,electric,6/3/2022 13:08:07,2561,12th/San Jacinto @ State Capitol Visitors Garage,2497,11th/Congress @ The Texas Capitol,26
26244185,Explorer,21729,electric,25/3/2022 16:58:18,2561,12th/San Jacinto @ State Capitol Visitors Garage,2497,11th/Congress @ The Texas Capitol,14
26244205,Explorer,349G,classic,25/3/2022 17:00:28,2561,12th/San Jacinto @ State Capitol Visitors Garage,2497,11th/Congress @ The Texas Capitol,12
26374495,Student Membership,19303,electric,10/4/2022 19:49:16,2561,12th/San Jacinto @ State Capitol Visitors Garage,2497,11th/Congress @ The Texas Capitol,3
26327774,3-Day Weekender,21739,electric,5/4/2022 13:27:05,2561,12th/San Jacinto @ State Capitol Visitors Garage,2497,11th/Congress @ The Texas Capitol,17
26479390,Local31,19326,electric,23/4/2022 10:45:07,2561,12th/San Jacinto @ State Capitol Visitors Garage,2497,11th/Congress @ The Texas Capitol,4
26350921,Local365,683,classic,8/4/2022 14:23:02,2561,12th/San Jacinto @ State Capitol Visitors Garage,2497,11th/Congress @ The Texas Capitol,3
26327764,3-Day Weekender,16456,electric,5/4/2022 13:25:52,2561,12th/San Jacinto @ State Capitol Visitors Garage,2497,11th/Congress @ The Texas Capitol,19
26404804,Explorer,072G,classic,14/4/2022 19:01:13,2561,12th/San Jacinto @ State Capitol Visitors Garage,2497,11th/Congress @ The Texas Capitol,3
26327772,3-Day Weekender,18995,electric,5/4/2022 13:26:49,2561,12th/San Jacinto @ State Capitol Visitors Garage,2497,11th/Congress @ The Texas Capitol,18
26327766,3-Day Weekender,19442,electric,5/4/2022 13:26:02,2561,12th/San Jacinto @ State Capitol Visitors Garage,2497,11th/Congress @ The Texas Capitol,18
26400366,Local365,16855,electric,14/4/2022 11:43:41,2561,12th/San Jacinto @ State Capitol Visitors Garage,2497,11th/Congress @ The Texas Capitol,3
27092306,Explorer,1850,classic,3/7/2022 21:29:54,2561,12th/San Jacinto @ State Capitol Visitors Garage,2497,11th/Congress @ The Texas Capitol,3
27079445,3-Day Weekender,21900,electric,2/7/2022 15:46:43,2561,12th/San Jacinto @ State Capitol Visitors Garage,2497,11th/Congress @ The Texas Capitol,13
27076783,Explorer,1834,classic,2/7/2022 12:31:45,2561,12th/San Jacinto @ State Capitol Visitors Garage,2497,11th/Congress @ The Texas Capitol,12
27076789,Explorer,430,classic,2/7/2022 12:32:04,2561,12th/San Jacinto @ State Capitol Visitors Garage,2497,11th/Congress @ The Texas Capitol,10
27079449,3-Day Weekender,22511,electric,2/7/2022 15:47:00,2561,12th/San Jacinto @ State Capitol Visitors Garage,2497,11th/Congress @ The Texas Capitol,12
27433788,Local365,21447,electric,10/8/2022 11:12:25,2561,12th/San Jacinto @ State Capitol Visitors Garage,2497,11th/Congress @ The Texas Capitol,4
27528126,Pay-as-you-ride,107,classic,20/8/2022 13:51:59,2561,12th/San Jacinto @ State Capitol Visitors Garage,2497,11th/Congress @ The Texas Capitol,12
27539095,Pay-as-you-ride,893,classic,21/8/2022 12:59:56,2561,12th/San Jacinto @ State Capitol Visitors Garage,2497,11th/Congress @ The Texas Capitol,28
27528177,Pay-as-you-ride,21457,electric,20/8/2022 13:55:34,2561,12th/San Jacinto @ State Capitol Visitors Garage,2497,11th/Congress @ The Texas Capitol,8
27528175,Pay-as-you-ride,188,classic,20/8/2022 13:55:14,2561,12th/San Jacinto @ State Capitol Visitors Garage,2497,11th/Congress @ The Texas Capitol,8
27539084,Pay-as-you-ride,18696,electric,21/8/2022 12:59:24,2561,12th/San Jacinto @ State Capitol Visitors Garage,2497,11th/Congress @ The Texas Capitol,27
27539101,Pay-as-you-ride,21621,electric,21/8/2022 13:00:18,2561,12th/San Jacinto @ State Capitol Visitors Garage,2497,11th/Congress @ The Texas Capitol,26
27680897,3-Day Weekender,21553,electric,2/9/2022 13:06:42,2561,12th/San Jacinto @ State Capitol Visitors Garage,2497,11th/Congress @ The Texas Capitol,18
27741996,Local365,553,classic,7/9/2022 12:02:53,2561,12th/San Jacinto @ State Capitol Visitors Garage,2497,11th/Congress @ The Texas Capitol,4
27806009,3-Day Weekender,17370,electric,12/9/2022 18:53:09,2561,12th/San Jacinto @ State Capitol Visitors Garage,2497,11th/Congress @ The Texas Capitol,6
27680891,3-Day Weekender,22155,electric,2/9/2022 13:06:20,2561,12th/San Jacinto @ State Capitol Visitors Garage,2497,11th/Congress @ The Texas Capitol,19
27799104,Local365,153,classic,12/9/2022 10:49:10,2561,12th/San Jacinto @ State Capitol Visitors Garage,2497,11th/Congress @ The Texas Capitol,8
28266488,Local31,21772,electric,21/10/2022 18:28:22,2561,12th/San Jacinto @ State Capitol Visitors Garage,2497,11th/Congress @ The Texas Capitol,3
28108539,Local365,22563,electric,7/10/2022 11:42:16,2561,12th/San Jacinto @ State Capitol Visitors Garage,2497,11th/Congress @ The Texas Capitol,2
28096193,Local365,21454,electric,6/10/2022 10:55:28,2561,12th/San Jacinto @ State Capitol Visitors Garage,2497,11th/Congress @ The Texas Capitol,3
28231661,Local365,21668,electric,18/10/2022 12:36:35,2561,12th/San Jacinto @ State Capitol Visitors Garage,2497,11th/Congress @ The Texas Capitol,3
28380835,Local365,21516,electric,2/11/2022 11:36:35,2561,12th/San Jacinto @ State Capitol Visitors Garage,,11th/Congress @ The Texas Capitol,2
28428082,Explorer,19110,electric,7/11/2022 16:36:32,2561,12th/San Jacinto @ State Capitol Visitors Garage,,11th/Congress @ The Texas Capitol,5
28446601,Local31,21829,electric,9/11/2022 16:52:08,2561,12th/San Jacinto @ State Capitol Visitors Garage,,11th/Congress @ The Texas Capitol,3
28412338,Student Membership,2130,classic,5/11/2022 22:24:22,2561,12th/San Jacinto @ State Capitol Visitors Garage,,11th/Congress @ The Texas Capitol,4
28378046,Local31,1551,classic,1/11/2022 22:33:47,2561,12th/San Jacinto @ State Capitol Visitors Garage,,11th/Congress @ The Texas Capitol,3
28620435,Student Membership,19739,electric,10/12/2022 18:47:53,2561,12th/San Jacinto @ State Capitol Visitors Garage,2497,11th/Congress @ The Texas Capitol,5
28619831,Explorer,21733,electric,10/12/2022 17:05:21,2561,12th/San Jacinto @ State Capitol Visitors Garage,2497,11th/Congress @ The Texas Capitol,107
28671020,Local365,230,classic,28/12/2022 11:29:31,2561,12th/San Jacinto @ State Capitol Visitors Garage,2497,11th/Congress @ The Texas Capitol,2
28620439,Student Membership,19132,electric,10/12/2022 18:48:27,2561,12th/San Jacinto @ State Capitol Visitors Garage,2497,11th/Congress @ The Texas Capitol,4
28600484,Local365,229,classic,7/12/2022 12:57:59,2561,12th/San Jacinto @ State Capitol Visitors Garage,2497,11th/Congress @ The Texas Capitol,8
23394903,Local365,19479,electric,8/1/2021 11:44:39,2561,12th/San Jacinto @ State Capitol Visitors Garage,2497,11th/Congress @ The Texas Capitol,19
23632401,Explorer,2122,classic,13/3/2021 15:43:41,2561,12th/San Jacinto @ State Capitol Visitors Garage,2497,11th/Congress @ The Texas Capitol,32
23710314,Single Trip (Pay-as-you-ride),1803,classic,25/3/2021 10:00:59,2561,12th/San Jacinto @ State Capitol Visitors Garage,2497,11th/Congress @ The Texas Capitol,10
23667108,Local31,220,classic,19/3/2021 12:37:32,2561,12th/San Jacinto @ State Capitol Visitors Garage,2497,11th/Congress @ The Texas Capitol,13
23860358,Local31,21821,electric,12/4/2021 18:32:06,2561,12th/San Jacinto @ State Capitol Visitors Garage,2497,11th/Congress @ The Texas Capitol,3
23992591,24 Hour Walk Up Pass,21473,electric,1/5/2021 18:18:59,2561,12th/San Jacinto @ State Capitol Visitors Garage,2497,11th/Congress @ The Texas Capitol,5
24121338,3-Day Weekender,21553,electric,19/5/2021 15:08:44,2561,12th/San Jacinto @ State Capitol Visitors Garage,2497,11th/Congress @ The Texas Capitol,6
24131391,24 Hour Walk Up Pass,21457,electric,20/5/2021 21:48:02,2561,12th/San Jacinto @ State Capitol Visitors Garage,2497,11th/Congress @ The Texas Capitol,60
24107271,Explorer,21586,electric,17/5/2021 7:15:43,2561,12th/San Jacinto @ State Capitol Visitors Garage,2497,11th/Congress @ The Texas Capitol,2
24067033,3-Day Weekender,21480,electric,12/5/2021 11:15:31,2561,12th/San Jacinto @ State Capitol Visitors Garage,2497,11th/Congress @ The Texas Capitol,22
24131401,24 Hour Walk Up Pass,21803,electric,20/5/2021 21:48:56,2561,12th/San Jacinto @ State Capitol Visitors Garage,2497,11th/Congress @ The Texas Capitol,62
24128203,Local31,21500,electric,20/5/2021 15:50:38,2561,12th/San Jacinto @ State Capitol Visitors Garage,2497,11th/Congress @ The Texas Capitol,38
24284902,3-Day Weekender,21647,electric,9/6/2021 12:38:26,2561,12th/San Jacinto @ State Capitol Visitors Garage,2497,11th/Congress @ The Texas Capitol,6
24321176,Local31,305G,classic,13/6/2021 12:31:12,2561,12th/San Jacinto @ State Capitol Visitors Garage,2497,11th/Congress @ The Texas Capitol,5
24321165,Pay-as-you-ride,21789,electric,13/6/2021 12:30:27,2561,12th/San Jacinto @ State Capitol Visitors Garage,2497,11th/Congress @ The Texas Capitol,6
24284906,3-Day Weekender,16845,electric,9/6/2021 12:39:06,2561,12th/San Jacinto @ State Capitol Visitors Garage,2497,11th/Congress @ The Texas Capitol,5
24321198,Pay-as-you-ride,255G,classic,13/6/2021 12:32:42,2561,12th/San Jacinto @ State Capitol Visitors Garage,2497,11th/Congress @ The Texas Capitol,4
25172834,Student Membership,21652,electric,18/9/2021 16:37:44,2561,12th/San Jacinto @ State Capitol Visitors Garage,2497,11th/Congress @ The Texas Capitol,4
25227633,Local31,19646,electric,24/9/2021 17:33:40,2561,12th/San Jacinto @ State Capitol Visitors Garage,2497,11th/Congress @ The Texas Capitol,5
25182916,Pay-as-you-ride,21900,electric,19/9/2021 15:13:17,2561,12th/San Jacinto @ State Capitol Visitors Garage,2497,11th/Congress @ The Texas Capitol,32
25128165,Local365,21628,electric,14/9/2021 11:49:14,2561,12th/San Jacinto @ State Capitol Visitors Garage,2497,11th/Congress @ The Texas Capitol,16
25005837,Pay-as-you-ride,19303,electric,2/9/2021 10:25:09,2561,12th/San Jacinto @ State Capitol Visitors Garage,2497,11th/Congress @ The Texas Capitol,15
25182905,Pay-as-you-ride,18532,electric,19/9/2021 15:12:45,2561,12th/San Jacinto @ State Capitol Visitors Garage,2497,11th/Congress @ The Texas Capitol,33
25503911,Local365,19619,electric,23/10/2021 22:29:01,2561,12th/San Jacinto @ State Capitol Visitors Garage,2497,11th/Congress @ The Texas Capitol,612
25556280,Explorer,21751,electric,31/10/2021 12:19:16,2561,12th/San Jacinto @ State Capitol Visitors Garage,2497,11th/Congress @ The Texas Capitol,50
25317921,Student Membership,16845,electric,4/10/2021 13:19:01,2561,12th/San Jacinto @ State Capitol Visitors Garage,2497,11th/Congress @ The Texas Capitol,3
25632484,3-Day Weekender,21900,electric,11/11/2021 14:45:15,2561,12th/San Jacinto @ State Capitol Visitors Garage,2497,11th/Congress @ The Texas Capitol,7
25632495,3-Day Weekender,21788,electric,11/11/2021 14:45:48,2561,12th/San Jacinto @ State Capitol Visitors Garage,2497,11th/Congress @ The Texas Capitol,7
25811303,Explorer,21744,electric,15/12/2021 3:43:38,2561,12th/San Jacinto @ State Capitol Visitors Garage,2497,11th/Congress @ The Texas Capitol,2
21605271,Single Trip (Pay-as-you-ride),996,classic,23/2/2020 12:40:49,2561,12th/San Jacinto @ State Capitol Visitors Garage,2497,11th/Congress @ The Texas Capitol,34
21605264,Single Trip (Pay-as-you-ride),551,classic,23/2/2020 12:40:15,2561,12th/San Jacinto @ State Capitol Visitors Garage,2497,11th/Congress @ The Texas Capitol,35
21605258,Single Trip (Pay-as-you-ride),827,classic,23/2/2020 12:39:33,2561,12th/San Jacinto @ State Capitol Visitors Garage,2497,11th/Congress @ The Texas Capitol,36
21453565,Explorer,246G,classic,8/1/2020 12:51:55,2561,12th/San Jacinto @ State Capitol Visitors Garage,2497,11th/Congress @ The Texas Capitol,67
21658118,Explorer,1565,classic,7/3/2020 13:08:40,2561,12th/San Jacinto @ State Capitol Visitors Garage,2497,11th/Congress @ The Texas Capitol,4
25908574,Explorer,19386,electric,14/1/2022 14:37:06,2561,12th/San Jacinto @ State Capitol Visitors Garage,2497,11th/Congress @ The Texas Capitol,5
26006544,Local365,5,classic,10/2/2022 18:22:15,2561,12th/San Jacinto @ State Capitol Visitors Garage,2497,11th/Congress @ The Texas Capitol,2
26974888,Local365,19254,electric,21/6/2022 9:53:31,2561,12th/San Jacinto @ State Capitol Visitors Garage,2497,11th/Congress @ The Texas Capitol,3
26841607,Pay-as-you-ride,21528,electric,5/6/2022 12:17:55,2561,12th/San Jacinto @ State Capitol Visitors Garage,2497,11th/Congress @ The Texas Capitol,24
27021780,Explorer,19319,electric,26/6/2022 10:46:32,2561,12th/San Jacinto @ State Capitol Visitors Garage,2497,11th/Congress @ The Texas Capitol,15
26841628,Pay-as-you-ride,16333,electric,5/6/2022 12:20:01,2561,12th/San Jacinto @ State Capitol Visitors Garage,2497,11th/Congress @ The Texas Capitol,21
27057488,Explorer,19870,electric,30/6/2022 11:38:44,2561,12th/San Jacinto @ State Capitol Visitors Garage,2497,11th/Congress @ The Texas Capitol,49
26841616,Pay-as-you-ride,21810,electric,5/6/2022 12:18:57,2561,12th/San Jacinto @ State Capitol Visitors Garage,2497,11th/Congress @ The Texas Capitol,23
27057482,Explorer,21688,electric,30/6/2022 11:37:44,2561,12th/San Jacinto @ State Capitol Visitors Garage,2497,11th/Congress @ The Texas Capitol,50
26806607,Student Membership,21458,electric,31/5/2022 21:50:52,2561,12th/San Jacinto @ State Capitol Visitors Garage,2497,11th/Congress @ The Texas Capitol,5
26623320,Pay-as-you-ride,1899,classic,9/5/2022 11:32:02,2561,12th/San Jacinto @ State Capitol Visitors Garage,2497,11th/Congress @ The Texas Capitol,15
26623324,Pay-as-you-ride,1585,classic,9/5/2022 11:32:21,2561,12th/San Jacinto @ State Capitol Visitors Garage,2497,11th/Congress @ The Texas Capitol,15
26717605,Local31,21447,electric,20/5/2022 10:02:16,2561,12th/San Jacinto @ State Capitol Visitors Garage,2497,11th/Congress @ The Texas Capitol,42
21517777,Explorer,1687,classic,27/1/2020 17:52:06,3635,13th/San Antonio,2497,11th/Congress @ The Texas Capitol,13
26244235,Explorer,19251,electric,25/3/2022 17:04:35,7131,13th/Trinity,2497,11th/Congress @ The Texas Capitol,7
25363435,Explorer,19789,electric,9/10/2021 14:18:49,7131,13th/Trinity,2497,11th/Congress @ The Texas Capitol,14
25363446,Explorer,2722,classic,9/10/2021 14:19:13,7131,13th/Trinity,2497,11th/Congress @ The Texas Capitol,13
25338468,3-Day Weekender,21500,electric,6/10/2021 18:23:12,7131,13th/Trinity,2497,11th/Congress @ The Texas Capitol,8
25445409,Explorer,21886,electric,17/10/2021 13:59:22,7131,13th/Trinity,2497,11th/Congress @ The Texas Capitol,15
25445412,Explorer,16330,electric,17/10/2021 13:59:38,7131,13th/Trinity,2497,11th/Congress @ The Texas Capitol,15
25712748,Explorer,224,classic,25/11/2021 14:15:02,7131,13th/Trinity,2497,11th/Congress @ The Texas Capitol,200
25792289,Local31,18331,electric,10/12/2021 18:46:31,7131,13th/Trinity,2497,11th/Congress @ The Texas Capitol,11
25771453,Local31,21895,electric,6/12/2021 11:57:54,7131,13th/Trinity,2497,11th/Congress @ The Texas Capitol,10
26032811,Local31,19602,electric,16/2/2022 13:42:43,7131,13th/Trinity,2497,11th/Congress @ The Texas Capitol,25
26552896,Explorer,428,classic,30/4/2022 14:30:00,7131,13th/Trinity @ Waterloo Greenway,2497,11th/Congress @ The Texas Capitol,11
26462590,Local365,21477,electric,21/4/2022 15:10:19,7131,13th/Trinity @ Waterloo Greenway,2497,11th/Congress @ The Texas Capitol,25
27269939,Local31,23318,electric,22/7/2022 23:17:02,7131,13th/Trinity @ Waterloo Greenway,2497,11th/Congress @ The Texas Capitol,5
27607355,Local31,23271,electric,27/8/2022 8:01:10,7131,13th/Trinity @ Waterloo Greenway,2497,11th/Congress @ The Texas Capitol,30
27688987,Explorer,16322,electric,3/9/2022 0:20:24,7131,13th/Trinity @ Waterloo Greenway,2497,11th/Congress @ The Texas Capitol,23
27688988,Explorer,19775,electric,3/9/2022 0:20:26,7131,13th/Trinity @ Waterloo Greenway,2497,11th/Congress @ The Texas Capitol,22
27874887,Local365,224,classic,17/9/2022 22:19:40,7131,13th/Trinity @ Waterloo Greenway,2497,11th/Congress @ The Texas Capitol,5
27874884,Local365,2130,classic,17/9/2022 22:19:21,7131,13th/Trinity @ Waterloo Greenway,2497,11th/Congress @ The Texas Capitol,5
28353968,Local365,19645,electric,30/10/2022 14:45:24,7131,13th/Trinity @ Waterloo Greenway,2497,11th/Congress @ The Texas Capitol,4
28496834,Student Membership,21485,electric,16/11/2022 21:41:09,7131,13th/Trinity @ Waterloo Greenway,,11th/Congress @ The Texas Capitol,5
28496835,Student Membership,19552,electric,16/11/2022 21:41:23,7131,13th/Trinity @ Waterloo Greenway,,11th/Congress @ The Texas Capitol,5
28647590,Local31,21821,electric,16/12/2022 21:31:35,7131,13th/Trinity @ Waterloo Greenway,2497,11th/Congress @ The Texas Capitol,2
28600450,Student Membership,19688,electric,7/12/2022 12:54:36,7131,13th/Trinity @ Waterloo Greenway,2497,11th/Congress @ The Texas Capitol,3
26887778,Local31,21752,electric,11/6/2022 12:03:29,7131,13th/Trinity @ Waterloo Greenway,2497,11th/Congress @ The Texas Capitol,5
26843665,Pay-as-you-ride,1434,classic,5/6/2022 15:15:27,7131,13th/Trinity @ Waterloo Greenway,2497,11th/Congress @ The Texas Capitol,15
26843674,Pay-as-you-ride,759,classic,5/6/2022 15:16:03,7131,13th/Trinity @ Waterloo Greenway,2497,11th/Congress @ The Texas Capitol,13
26754637,Local365,19619,electric,25/5/2022 16:14:14,7131,13th/Trinity @ Waterloo Greenway,2497,11th/Congress @ The Texas Capitol,5
26597937,Local31,1830,classic,6/5/2022 11:06:02,4879,16th/San Antonio,2497,11th/Congress @ The Texas Capitol,7
26717788,Student Membership,095G,classic,20/5/2022 10:33:27,4879,16th/San Antonio,2497,11th/Congress @ The Texas Capitol,8
26220303,Pay-as-you-ride,21714,electric,21/3/2022 16:31:33,4879,16th/San Antonio,2497,11th/Congress @ The Texas Capitol,970
26252460,Explorer,21490,electric,26/3/2022 18:25:37,4879,16th/San Antonio,2497,11th/Congress @ The Texas Capitol,37
26244344,3-Day Weekender,21895,electric,25/3/2022 17:17:32,4879,16th/San Antonio,2497,11th/Congress @ The Texas Capitol,8
26262804,U.T. Student Membership,22449,electric,28/3/2022 9:45:23,4879,16th/San Antonio,2497,11th/Congress @ The Texas Capitol,4
26107490,3-Day Weekender,18329,electric,4/3/2022 15:02:33,4879,16th/San Antonio,2497,11th/Congress @ The Texas Capitol,11
26101962,Local31,93,classic,3/3/2022 16:42:55,4879,16th/San Antonio,2497,11th/Congress @ The Texas Capitol,7
26107486,3-Day Weekender,19177,electric,4/3/2022 15:02:18,4879,16th/San Antonio,2497,11th/Congress @ The Texas Capitol,11
26108794,Pay-as-you-ride,21689,electric,4/3/2022 17:25:45,4879,16th/San Antonio,2497,11th/Congress @ The Texas Capitol,9
26235864,Local31,22196,electric,24/3/2022 14:13:28,4879,16th/San Antonio,2497,11th/Congress @ The Texas Capitol,31
26241563,Local31,19213,electric,25/3/2022 12:29:14,4879,16th/San Antonio,2497,11th/Congress @ The Texas Capitol,31
26318365,U.T. Student Membership,18266,electric,4/4/2022 9:54:24,4879,16th/San Antonio,2497,11th/Congress @ The Texas Capitol,4
26527218,Explorer,21680,electric,27/4/2022 17:40:50,4879,16th/San Antonio,2497,11th/Congress @ The Texas Capitol,12
26544301,Explorer,21457,electric,29/4/2022 15:34:38,4879,16th/San Antonio,2497,11th/Congress @ The Texas Capitol,8
26432118,Local31,19849,electric,17/4/2022 20:28:47,4879,16th/San Antonio,2497,11th/Congress @ The Texas Capitol,31
26537731,Student Membership,18909,electric,28/4/2022 19:39:53,4879,16th/San Antonio,2497,11th/Congress @ The Texas Capitol,46
26544303,Explorer,21541,electric,29/4/2022 15:34:47,4879,16th/San Antonio,2497,11th/Congress @ The Texas Capitol,8
26353512,Local31,21689,electric,8/4/2022 18:34:50,4879,16th/San Antonio,2497,11th/Congress @ The Texas Capitol,7
26418664,Explorer,19211,electric,16/4/2022 12:53:25,4879,16th/San Antonio,2497,11th/Congress @ The Texas Capitol,10
26348510,Local31,21430,electric,8/4/2022 10:15:04,4879,16th/San Antonio,2497,11th/Congress @ The Texas Capitol,7
26418663,Explorer,19247,electric,16/4/2022 12:53:22,4879,16th/San Antonio,2497,11th/Congress @ The Texas Capitol,11
27250958,Local31,16279,electric,20/7/2022 22:04:15,4879,16th/San Antonio,2497,11th/Congress @ The Texas Capitol,31
27210008,Pay-as-you-ride,21455,electric,16/7/2022 15:04:03,4879,16th/San Antonio,2497,11th/Congress @ The Texas Capitol,35
27380114,Explorer,1423,classic,4/8/2022 10:01:47,4879,16th/San Antonio,2497,11th/Congress @ The Texas Capitol,8
27460898,3-Day Weekender,956,classic,13/8/2022 12:08:08,4879,16th/San Antonio,2497,11th/Congress @ The Texas Capitol,7
27589093,Explorer,1277,classic,25/8/2022 17:19:22,4879,16th/San Antonio,2497,11th/Congress @ The Texas Capitol,12
27371968,Local31,478,classic,3/8/2022 10:05:56,4879,16th/San Antonio,2497,11th/Congress @ The Texas Capitol,6
27460900,3-Day Weekender,197,classic,13/8/2022 12:08:22,4879,16th/San Antonio,2497,11th/Congress @ The Texas Capitol,7
27802752,Local365,21430,electric,12/9/2022 15:09:36,4879,16th/San Antonio,2497,11th/Congress @ The Texas Capitol,4
27993405,Student Membership,18532,electric,27/9/2022 17:47:16,4879,16th/San Antonio,2497,11th/Congress @ The Texas Capitol,8
28030070,Local31,300G,classic,30/9/2022 19:13:46,4879,16th/San Antonio,2497,11th/Congress @ The Texas Capitol,11
27951315,Local365,21742,electric,24/9/2022 8:23:57,4879,16th/San Antonio,2497,11th/Congress @ The Texas Capitol,45
27706014,Student Membership,21438,electric,4/9/2022 15:11:06,4879,16th/San Antonio,2497,11th/Congress @ The Texas Capitol,4
27907857,Local31,19645,electric,20/9/2022 16:42:16,4879,16th/San Antonio,2497,11th/Congress @ The Texas Capitol,7
28144166,3-Day Weekender,21514,electric,10/10/2022 12:25:08,4879,16th/San Antonio,2497,11th/Congress @ The Texas Capitol,11
28260976,Student Membership,262,classic,21/10/2022 12:23:36,4879,16th/San Antonio,2497,11th/Congress @ The Texas Capitol,13
28135612,Pay-as-you-ride,19326,electric,9/10/2022 16:33:05,4879,16th/San Antonio,2497,11th/Congress @ The Texas Capitol,11
28135615,Pay-as-you-ride,540,classic,9/10/2022 16:33:18,4879,16th/San Antonio,2497,11th/Congress @ The Texas Capitol,11
28157415,3-Day Weekender,21744,electric,11/10/2022 13:55:54,4879,16th/San Antonio,2497,11th/Congress @ The Texas Capitol,6
28144165,3-Day Weekender,18673,electric,10/10/2022 12:24:57,4879,16th/San Antonio,2497,11th/Congress @ The Texas Capitol,12
28195822,Student Membership,21497,electric,14/10/2022 19:09:59,4879,16th/San Antonio,2497,11th/Congress @ The Texas Capitol,6
28461147,Explorer,17850,electric,11/11/2022 10:45:50,4879,16th/San Antonio,,11th/Congress @ The Texas Capitol,7
28461149,Explorer,21707,electric,11/11/2022 10:46:05,4879,16th/San Antonio,,11th/Congress @ The Texas Capitol,6
28372075,Local365,21676,electric,1/11/2022 12:47:47,4879,16th/San Antonio,,11th/Congress @ The Texas Capitol,8
28454369,3-Day Weekender,21744,electric,10/11/2022 13:32:13,4879,16th/San Antonio,,11th/Congress @ The Texas Capitol,33
28454378,3-Day Weekender,21528,electric,10/11/2022 13:32:31,4879,16th/San Antonio,,11th/Congress @ The Texas Capitol,33
28394158,Explorer,21666,electric,3/11/2022 15:18:48,4879,16th/San Antonio,,11th/Congress @ The Texas Capitol,12
28394225,Explorer,21767,electric,3/11/2022 15:22:38,4879,16th/San Antonio,,11th/Congress @ The Texas Capitol,7
28663246,3-Day Weekender,19739,electric,24/12/2022 17:09:44,4879,16th/San Antonio,2497,11th/Congress @ The Texas Capitol,8
28663248,3-Day Weekender,19085,electric,24/12/2022 17:10:19,4879,16th/San Antonio,2497,11th/Congress @ The Texas Capitol,7
28615765,Student Membership,21709,electric,9/12/2022 22:20:20,4879,16th/San Antonio,2497,11th/Congress @ The Texas Capitol,14
28627303,Local31,21828,electric,12/12/2022 9:17:16,4879,16th/San Antonio,2497,11th/Congress @ The Texas Capitol,5
28578186,Student Membership,21457,electric,3/12/2022 20:19:51,4879,16th/San Antonio,2497,11th/Congress @ The Texas Capitol,8
28615767,Student Membership,21535,electric,9/12/2022 22:20:27,4879,16th/San Antonio,2497,11th/Congress @ The Texas Capitol,14
23532513,Local31,12811,classic,21/2/2021 14:56:51,4879,16th/San Antonio,2497,11th/Congress @ The Texas Capitol,7
23464721,Local31,19163,electric,29/1/2021 16:33:41,4879,16th/San Antonio,2497,11th/Congress @ The Texas Capitol,7
23599350,Local31,625,classic,7/3/2021 16:56:44,4879,16th/San Antonio,2497,11th/Congress @ The Texas Capitol,63
23728072,Explorer,21486,electric,27/3/2021 16:55:42,4879,16th/San Antonio,2497,11th/Congress @ The Texas Capitol,34
23665945,Explorer,442,classic,19/3/2021 9:48:25,4879,16th/San Antonio,2497,11th/Congress @ The Texas Capitol,14
23599433,Explorer,18684,electric,7/3/2021 17:02:11,4879,16th/San Antonio,2497,11th/Congress @ The Texas Capitol,56
23728123,Explorer,16333,electric,27/3/2021 16:58:59,4879,16th/San Antonio,2497,11th/Congress @ The Texas Capitol,44
23665941,Explorer,451,classic,19/3/2021 9:47:57,4879,16th/San Antonio,2497,11th/Congress @ The Texas Capitol,20
23728056,Explorer,21682,electric,27/3/2021 16:54:06,4879,16th/San Antonio,2497,11th/Congress @ The Texas Capitol,34
23665949,Explorer,453,classic,19/3/2021 9:48:55,4879,16th/San Antonio,2497,11th/Congress @ The Texas Capitol,14
23728130,Explorer,21498,electric,27/3/2021 16:59:25,4879,16th/San Antonio,2497,11th/Congress @ The Texas Capitol,43
23909365,Local365,21585,electric,20/4/2021 0:41:11,4879,16th/San Antonio,2497,11th/Congress @ The Texas Capitol,4
23966425,Local365,19461,electric,28/4/2021 5:01:48,4879,16th/San Antonio,2497,11th/Congress @ The Texas Capitol,5
23907376,Local31,17347,electric,19/4/2021 16:32:21,4879,16th/San Antonio,2497,11th/Congress @ The Texas Capitol,6
23907372,Local31,21689,electric,19/4/2021 16:31:44,4879,16th/San Antonio,2497,11th/Congress @ The Texas Capitol,7
24031788,Local365,21712,electric,7/5/2021 1:10:29,4879,16th/San Antonio,2497,11th/Congress @ The Texas Capitol,10
24078806,24 Hour Walk Up Pass,18913,electric,13/5/2021 16:51:52,4879,16th/San Antonio,2497,11th/Congress @ The Texas Capitol,20
24423603,Local31,21886,electric,26/6/2021 11:41:25,4879,16th/San Antonio,2497,11th/Congress @ The Texas Capitol,4
24364952,Local31,21821,electric,18/6/2021 23:27:27,4879,16th/San Antonio,2497,11th/Congress @ The Texas Capitol,29
24682436,Local31,21755,electric,26/7/2021 23:52:46,4879,16th/San Antonio,2497,11th/Congress @ The Texas Capitol,620
24515601,Local31,21455,electric,7/7/2021 12:34:03,4879,16th/San Antonio,2497,11th/Congress @ The Texas Capitol,31
24522896,Local365,18101,electric,8/7/2021 8:01:32,4879,16th/San Antonio,2497,11th/Congress @ The Texas Capitol,4
24524315,Local365,963,classic,8/7/2021 12:04:45,4879,16th/San Antonio,2497,11th/Congress @ The Texas Capitol,6
24664847,Local365,21685,electric,24/7/2021 20:37:20,4879,16th/San Antonio,2497,11th/Congress @ The Texas Capitol,7
24909556,Explorer,21524,electric,23/8/2021 13:25:29,4879,16th/San Antonio,2497,11th/Congress @ The Texas Capitol,31
24980714,Local365,229G,classic,30/8/2021 13:23:27,4879,16th/San Antonio,2497,11th/Congress @ The Texas Capitol,5
24871474,Local31,19675,electric,19/8/2021 18:01:13,4879,16th/San Antonio,2497,11th/Congress @ The Texas Capitol,48
24805571,Local31,21561,electric,11/8/2021 15:18:45,4879,16th/San Antonio,2497,11th/Congress @ The Texas Capitol,57
24876062,Local31,18564,electric,20/8/2021 10:36:56,4879,16th/San Antonio,2497,11th/Congress @ The Texas Capitol,35
24807795,Local31,16831,electric,11/8/2021 18:23:27,4879,16th/San Antonio,2497,11th/Congress @ The Texas Capitol,43
24995305,Local31,19254,electric,1/9/2021 5:52:42,4879,16th/San Antonio,2497,11th/Congress @ The Texas Capitol,46
25061602,Local365,21480,electric,7/9/2021 16:43:54,4879,16th/San Antonio,2497,11th/Congress @ The Texas Capitol,6
25191855,Local31,19280,electric,20/9/2021 15:34:40,4879,16th/San Antonio,2497,11th/Congress @ The Texas Capitol,8
25129011,Student Membership,354G,classic,14/9/2021 13:24:35,4879,16th/San Antonio,2497,11th/Congress @ The Texas Capitol,7
25360196,Explorer,21698,electric,9/10/2021 10:43:34,4879,16th/San Antonio,2497,11th/Congress @ The Texas Capitol,13
25461762,Local31,21658,electric,19/10/2021 11:29:23,4879,16th/San Antonio,2497,11th/Congress @ The Texas Capitol,9
25343156,Student Membership,21895,electric,7/10/2021 13:08:35,4879,16th/San Antonio,2497,11th/Congress @ The Texas Capitol,6
25322460,Local31,21895,electric,4/10/2021 20:59:10,4879,16th/San Antonio,2497,11th/Congress @ The Texas Capitol,54
25443682,Pay-as-you-ride,21829,electric,17/10/2021 11:41:01,4879,16th/San Antonio,2497,11th/Congress @ The Texas Capitol,9
25327775,Student Membership,12764,classic,5/10/2021 15:28:56,4879,16th/San Antonio,2497,11th/Congress @ The Texas Capitol,8
25441592,Student Membership,21886,electric,17/10/2021 0:25:45,4879,16th/San Antonio,2497,11th/Congress @ The Texas Capitol,15
25460398,Local31,21712,electric,19/10/2021 8:24:55,4879,16th/San Antonio,2497,11th/Congress @ The Texas Capitol,19
25407998,Local31,19085,electric,13/10/2021 13:13:37,4879,16th/San Antonio,2497,11th/Congress @ The Texas Capitol,7
25352526,Student Membership,21487,electric,8/10/2021 14:54:59,4879,16th/San Antonio,2497,11th/Congress @ The Texas Capitol,5
25494372,Student Membership,19821,electric,22/10/2021 23:45:50,4879,16th/San Antonio,2497,11th/Congress @ The Texas Capitol,6
25360188,Explorer,21799,electric,9/10/2021 10:43:12,4879,16th/San Antonio,2497,11th/Congress @ The Texas Capitol,13
25319756,Local31,21790,electric,4/10/2021 16:22:28,4879,16th/San Antonio,2497,11th/Congress @ The Texas Capitol,56
25350699,Local31,19280,electric,8/10/2021 12:32:53,4879,16th/San Antonio,2497,11th/Congress @ The Texas Capitol,5
25566636,Student Membership,21586,electric,1/11/2021 23:17:02,4879,16th/San Antonio,2497,11th/Congress @ The Texas Capitol,4
25734516,Explorer,126G,classic,30/11/2021 13:24:59,4879,16th/San Antonio,2497,11th/Congress @ The Texas Capitol,11
25566500,Local31,21558,electric,1/11/2021 22:13:11,4879,16th/San Antonio,2497,11th/Congress @ The Texas Capitol,11
25674546,Student Membership,18564,electric,17/11/2021 22:51:07,4879,16th/San Antonio,2497,11th/Congress @ The Texas Capitol,9
25827425,Explorer,22431,electric,19/12/2021 23:19:05,4879,16th/San Antonio,2497,11th/Congress @ The Texas Capitol,69
25869496,Local31,21427,electric,31/12/2021 13:50:48,4879,16th/San Antonio,2497,11th/Congress @ The Texas Capitol,11
25852008,Explorer,19935,electric,27/12/2021 11:33:11,4879,16th/San Antonio,2497,11th/Congress @ The Texas Capitol,9
25851999,Explorer,16855,electric,27/12/2021 11:32:03,4879,16th/San Antonio,2497,11th/Congress @ The Texas Capitol,10
26001847,Student Membership,1627,classic,9/2/2022 19:02:21,4879,16th/San Antonio,2497,11th/Congress @ The Texas Capitol,9
26999212,Pay-as-you-ride,21427,electric,23/6/2022 20:55:54,4879,16th/San Antonio,2497,11th/Congress @ The Texas Capitol,5
27009230,Explorer,685,classic,24/6/2022 21:55:14,4879,16th/San Antonio,2497,11th/Congress @ The Texas Capitol,52
26707528,Local31,21492,electric,18/5/2022 19:32:44,4879,16th/San Antonio,2497,11th/Congress @ The Texas Capitol,26
26650292,Local31,21792,electric,12/5/2022 12:50:50,4879,16th/San Antonio,2497,11th/Congress @ The Texas Capitol,25
21599140,Local365,30,classic,21/2/2020 20:56:25,2540,17th/Guadalupe,2497,11th/Congress @ The Texas Capitol,28
21492107,Pay-as-you-ride,095G,classic,21/1/2020 7:55:31,2540,17th/Guadalupe,2497,11th/Congress @ The Texas Capitol,395
21503610,Single Trip (Pay-as-you-ride),183,classic,24/1/2020 12:19:51,2540,17th/Guadalupe,2497,11th/Congress @ The Texas Capitol,8445
21435833,Pay-as-you-ride,1703,classic,3/1/2020 16:44:38,2540,17th/Guadalupe,2497,11th/Congress @ The Texas Capitol,8770
21483546,24 Hour Walk Up Pass,453,classic,18/1/2020 14:02:17,2540,17th/Guadalupe,2497,11th/Congress @ The Texas Capitol,8
26689404,Local365,19386,electric,16/5/2022 13:54:40,2547,21st/Guadalupe,2497,11th/Congress @ The Texas Capitol,16
26779634,Student Membership,19285,electric,28/5/2022 21:06:56,2547,21st/Guadalupe,2497,11th/Congress @ The Texas Capitol,8
26706636,Student Membership,22174,electric,18/5/2022 18:01:18,2547,21st/Guadalupe,2497,11th/Congress @ The Texas Capitol,8
26787735,Annual Membership,21647,electric,29/5/2022 17:18:55,2547,21st/Guadalupe,2497,11th/Congress @ The Texas Capitol,20
26623616,24 Hour Walk Up Pass,21486,electric,9/5/2022 12:05:54,2547,21st/Guadalupe,2497,11th/Congress @ The Texas Capitol,17
26629418,Student Membership,1830,classic,10/5/2022 6:45:22,2547,21st/Guadalupe,2497,11th/Congress @ The Texas Capitol,70
26692581,Student Membership,21496,electric,16/5/2022 19:06:52,2547,21st/Guadalupe,2497,11th/Congress @ The Texas Capitol,12
26692274,Student Membership,19221,electric,16/5/2022 18:42:22,2547,21st/Guadalupe,2497,11th/Congress @ The Texas Capitol,6
26692574,Student Membership,19274,electric,16/5/2022 19:06:25,2547,21st/Guadalupe,2497,11th/Congress @ The Texas Capitol,12
26689402,Local365,19251,electric,16/5/2022 13:54:23,2547,21st/Guadalupe,2497,11th/Congress @ The Texas Capitol,17
26651947,Local31,18329,electric,12/5/2022 15:23:17,2547,21st/Guadalupe,2497,11th/Congress @ The Texas Capitol,25
26234972,Explorer,19552,electric,24/3/2022 12:26:29,2547,21st/Guadalupe,2497,11th/Congress @ The Texas Capitol,9
26110083,Local31,19918,electric,4/3/2022 20:59:58,2547,21st/Guadalupe,2497,11th/Congress @ The Texas Capitol,8
26208219,Student Membership,1830,classic,20/3/2022 9:10:51,2547,21st/Guadalupe,2497,11th/Congress @ The Texas Capitol,7
26304786,Local31,21630,electric,2/4/2022 17:47:50,2547,21st/Guadalupe,2497,11th/Congress @ The Texas Capitol,15
26538973,Local31,21514,electric,28/4/2022 23:06:10,2547,21st/Guadalupe,2497,11th/Congress @ The Texas Capitol,38
26358519,Student Membership,21728,electric,9/4/2022 12:53:29,2547,21st/Guadalupe,2497,11th/Congress @ The Texas Capitol,8
26542119,Explorer,21691,electric,29/4/2022 12:31:18,2547,21st/Guadalupe,2497,11th/Congress @ The Texas Capitol,18
26358524,Student Membership,21647,electric,9/4/2022 12:53:43,2547,21st/Guadalupe,2497,11th/Congress @ The Texas Capitol,8
26396308,Explorer,19250,electric,13/4/2022 17:22:36,2547,21st/Guadalupe,2497,11th/Congress @ The Texas Capitol,7
27335504,Student Membership,774,classic,30/7/2022 10:21:31,2547,21st/Guadalupe,2497,11th/Congress @ The Texas Capitol,10
27335507,Explorer,860,classic,30/7/2022 10:21:47,2547,21st/Guadalupe,2497,11th/Congress @ The Texas Capitol,10
27312011,3-Day Weekender,21712,electric,27/7/2022 16:51:37,2547,21st/Guadalupe,2497,11th/Congress @ The Texas Capitol,15
27219007,Student Membership,19148,electric,17/7/2022 13:33:01,2547,21st/Guadalupe,2497,11th/Congress @ The Texas Capitol,9
27159917,Student Membership,21457,electric,11/7/2022 11:01:02,2547,21st/Guadalupe,2497,11th/Congress @ The Texas Capitol,8
27087169,Pay-as-you-ride,661,classic,3/7/2022 14:04:03,2547,21st/Guadalupe,2497,11th/Congress @ The Texas Capitol,40
27625165,Student Membership,19271,electric,28/8/2022 15:18:19,2547,21st/Guadalupe,2497,11th/Congress @ The Texas Capitol,5
27437479,3-Day Weekender,21486,electric,10/8/2022 16:38:10,2547,21st/Guadalupe,2497,11th/Congress @ The Texas Capitol,13
27619199,Explorer,21680,electric,28/8/2022 0:05:05,2547,21st/Guadalupe,2497,11th/Congress @ The Texas Capitol,14
27370715,Local365,21810,electric,3/8/2022 7:22:15,2547,21st/Guadalupe,2497,11th/Congress @ The Texas Capitol,8
27795158,Student Membership,21666,electric,11/9/2022 19:17:23,2547,21st/Guadalupe,2497,11th/Congress @ The Texas Capitol,12
27724046,Local31,16936,electric,5/9/2022 19:52:47,2547,21st/Guadalupe,2497,11th/Congress @ The Texas Capitol,7
27699317,Local365,21480,electric,3/9/2022 22:20:11,2547,21st/Guadalupe,2497,11th/Congress @ The Texas Capitol,10
27795249,Student Membership,21691,electric,11/9/2022 19:24:42,2547,21st/Guadalupe,2497,11th/Congress @ The Texas Capitol,9
27795257,Student Membership,19476,electric,11/9/2022 19:25:08,2547,21st/Guadalupe,2497,11th/Congress @ The Texas Capitol,8
28317974,Student Membership,21438,electric,26/10/2022 17:43:39,2547,21st/Guadalupe,2497,11th/Congress @ The Texas Capitol,11
28046919,Student Membership,19251,electric,2/10/2022 0:15:10,2547,21st/Guadalupe,2497,11th/Congress @ The Texas Capitol,7
28345401,Student Membership,19367,electric,29/10/2022 16:27:36,2547,21st/Guadalupe,2497,11th/Congress @ The Texas Capitol,10
28345372,Student Membership,19583,electric,29/10/2022 16:26:17,2547,21st/Guadalupe,2497,11th/Congress @ The Texas Capitol,11
28503871,3-Day Weekender,21816,electric,18/11/2022 12:42:40,2547,21st/Guadalupe,,11th/Congress @ The Texas Capitol,16
28503875,3-Day Weekender,21639,electric,18/11/2022 12:43:16,2547,21st/Guadalupe,,11th/Congress @ The Texas Capitol,15
28503899,3-Day Weekender,21689,electric,18/11/2022 12:48:07,2547,21st/Guadalupe,,11th/Congress @ The Texas Capitol,10
28642032,Local31,23318,electric,15/12/2022 12:02:39,2547,21st/Guadalupe,2497,11th/Congress @ The Texas Capitol,23
28617012,Student Membership,18684,electric,10/12/2022 10:50:51,2547,21st/Guadalupe,2497,11th/Congress @ The Texas Capitol,7
23507654,Local365,17850,electric,9/2/2021 23:56:11,2547,21st/Guadalupe,2497,11th/Congress @ The Texas Capitol,236
23491576,Local31,19250,electric,6/2/2021 9:17:49,2547,21st/Guadalupe,2497,11th/Congress @ The Texas Capitol,8
23542114,Local365,18266,electric,23/2/2021 18:35:23,2547,21st/Guadalupe,2497,11th/Congress @ The Texas Capitol,46
23457171,Local365,21408,electric,27/1/2021 10:52:57,2547,21st/Guadalupe,2497,11th/Congress @ The Texas Capitol,8
23715102,Local365,17438,electric,25/3/2021 23:37:45,2547,21st/Guadalupe,2497,11th/Congress @ The Texas Capitol,11
23671716,Local31,16276,electric,19/3/2021 20:47:13,2547,21st/Guadalupe,2497,11th/Congress @ The Texas Capitol,20
23645336,Local31,18331,electric,15/3/2021 20:29:03,2547,21st/Guadalupe,2497,11th/Congress @ The Texas Capitol,84
23832012,Local365,19645,electric,9/4/2021 15:47:33,2547,21st/Guadalupe,2497,11th/Congress @ The Texas Capitol,11
23885000,Explorer,19418,electric,17/4/2021 0:12:12,2547,21st/Guadalupe,2497,11th/Congress @ The Texas Capitol,23
24063225,Local365,16936,electric,11/5/2021 14:39:37,2547,21st/Guadalupe,2497,11th/Congress @ The Texas Capitol,33
24084240,Local31,18329,electric,14/5/2021 12:52:07,2547,21st/Guadalupe,2497,11th/Congress @ The Texas Capitol,6
24086554,Pay-as-you-ride,19678,electric,14/5/2021 16:28:51,2547,21st/Guadalupe,2497,11th/Congress @ The Texas Capitol,15
24158493,Local365,18101,electric,24/5/2021 15:05:27,2547,21st/Guadalupe,2497,11th/Congress @ The Texas Capitol,12
24086578,Pay-as-you-ride,303G,classic,14/5/2021 16:30:45,2547,21st/Guadalupe,2497,11th/Congress @ The Texas Capitol,12
24211567,Single Trip (Pay-as-you-ride),21704,electric,31/5/2021 12:18:30,2547,21st/Guadalupe,2497,11th/Congress @ The Texas Capitol,20
24022436,Local31,21422,electric,5/5/2021 17:22:41,2547,21st/Guadalupe,2497,11th/Congress @ The Texas Capitol,10
24086563,Pay-as-you-ride,349G,classic,14/5/2021 16:29:22,2547,21st/Guadalupe,2497,11th/Congress @ The Texas Capitol,12
24211592,Single Trip (Pay-as-you-ride),815,classic,31/5/2021 12:20:35,2547,21st/Guadalupe,2497,11th/Congress @ The Texas Capitol,18
24462256,24 Hour Walk Up Pass,21704,electric,1/7/2021 14:41:09,2547,21st/Guadalupe,2497,11th/Congress @ The Texas Capitol,34
24615110,Single Trip (Pay-as-you-ride),21800,electric,19/7/2021 1:21:46,2547,21st/Guadalupe,2497,11th/Congress @ The Texas Capitol,36
24720224,Local31,1524,classic,31/7/2021 17:01:52,2547,21st/Guadalupe,2497,11th/Congress @ The Texas Capitol,8
24715074,Pay-as-you-ride,21458,electric,31/7/2021 9:38:03,2547,21st/Guadalupe,2497,11th/Congress @ The Texas Capitol,11
24709317,Single Trip (Pay-as-you-ride),663,classic,30/7/2021 15:07:00,2547,21st/Guadalupe,2497,11th/Congress @ The Texas Capitol,14
24715082,Pay-as-you-ride,21900,electric,31/7/2021 9:39:10,2547,21st/Guadalupe,2497,11th/Congress @ The Texas Capitol,10
24847153,Local31,21628,electric,16/8/2021 14:36:40,2547,21st/Guadalupe,2497,11th/Congress @ The Texas Capitol,7
24847154,Local31,21561,electric,16/8/2021 14:36:46,2547,21st/Guadalupe,2497,11th/Congress @ The Texas Capitol,8
25048034,Local31,16946,electric,6/9/2021 7:32:06,2547,21st/Guadalupe,2497,11th/Congress @ The Texas Capitol,78
25235983,Pay-as-you-ride,21703,electric,25/9/2021 14:55:41,2547,21st/Guadalupe,2497,11th/Congress @ The Texas Capitol,11
25235976,Pay-as-you-ride,21790,electric,25/9/2021 14:55:12,2547,21st/Guadalupe,2497,11th/Congress @ The Texas Capitol,11
25160842,Local365,19250,electric,17/9/2021 17:04:20,2547,21st/Guadalupe,2497,11th/Congress @ The Texas Capitol,39
25040181,Explorer,21499,electric,5/9/2021 15:08:21,2547,21st/Guadalupe,2497,11th/Congress @ The Texas Capitol,13
25544827,Pay-as-you-ride,21702,electric,29/10/2021 15:25:22,2547,21st/Guadalupe,2497,11th/Congress @ The Texas Capitol,12
25545196,Explorer,22563,electric,29/10/2021 15:59:55,2547,21st/Guadalupe,2497,11th/Congress @ The Texas Capitol,10
25544872,Pay-as-you-ride,16279,electric,29/10/2021 15:28:34,2547,21st/Guadalupe,2497,11th/Congress @ The Texas Capitol,9
25417201,Student Membership,21650,electric,14/10/2021 12:32:39,2547,21st/Guadalupe,2497,11th/Congress @ The Texas Capitol,6
25480676,3-Day Weekender,18913,electric,21/10/2021 12:47:24,2547,21st/Guadalupe,2497,11th/Congress @ The Texas Capitol,10
25544817,Student Membership,17019,electric,29/10/2021 15:24:50,2547,21st/Guadalupe,2497,11th/Congress @ The Texas Capitol,12
25566842,Student Membership,968,classic,2/11/2021 6:04:48,2547,21st/Guadalupe,2497,11th/Congress @ The Texas Capitol,10
25618872,Local31,19775,electric,9/11/2021 14:40:28,2547,21st/Guadalupe,2497,11th/Congress @ The Texas Capitol,43
25717397,3-Day Weekender,21486,electric,26/11/2021 18:57:05,2547,21st/Guadalupe,2497,11th/Congress @ The Texas Capitol,8
25695642,Local31,19847,electric,21/11/2021 16:50:33,2547,21st/Guadalupe,2497,11th/Congress @ The Texas Capitol,12
25717394,3-Day Weekender,19254,electric,26/11/2021 18:56:38,2547,21st/Guadalupe,2497,11th/Congress @ The Texas Capitol,10
25854252,Student Membership,21752,electric,27/12/2021 16:56:58,2547,21st/Guadalupe,2497,11th/Congress @ The Texas Capitol,24
25829998,Student Membership,21487,electric,20/12/2021 20:44:48,2547,21st/Guadalupe,2497,11th/Congress @ The Texas Capitol,8
25763832,Student Membership,19847,electric,4/12/2021 23:19:52,2547,21st/Guadalupe,2497,11th/Congress @ The Texas Capitol,12
21545471,Local365,115,classic,5/2/2020 9:23:15,2547,21st/Guadalupe,2497,11th/Congress @ The Texas Capitol,5
21431239,Explorer,206,classic,2/1/2020 11:57:15,2547,21st/Guadalupe,2497,11th/Congress @ The Texas Capitol,14
21431236,Explorer,1000,classic,2/1/2020 11:56:12,2547,21st/Guadalupe,2497,11th/Congress @ The Texas Capitol,15
21459986,Local365,135,classic,10/1/2020 12:27:41,2547,21st/Guadalupe,2497,11th/Congress @ The Texas Capitol,8
21499985,Local365,5,classic,23/1/2020 10:00:46,2547,21st/Guadalupe,2497,11th/Congress @ The Texas Capitol,7
21809645,Local30,16277,electric,20/4/2020 14:35:49,2547,21st/Guadalupe,2497,11th/Congress @ The Texas Capitol,40
25941461,Student Membership,17751,electric,24/1/2022 16:43:48,2547,21st/Guadalupe,2497,11th/Congress @ The Texas Capitol,10
27045511,Student Membership,21697,electric,28/6/2022 20:47:29,2547,21st/Guadalupe,2497,11th/Congress @ The Texas Capitol,45
26967199,Local365,21733,electric,20/6/2022 11:45:11,2547,21st/Guadalupe,2497,11th/Congress @ The Texas Capitol,46
26879610,Local31,21774,electric,10/6/2022 12:56:06,2547,21st/Guadalupe,2497,11th/Congress @ The Texas Capitol,13
27045205,Student Membership,1524,classic,28/6/2022 20:14:47,2547,21st/Guadalupe,2497,11th/Congress @ The Texas Capitol,10
26709922,Student Membership,19132,electric,19/5/2022 9:31:03,3798,21st/Speedway @ PCL,2497,11th/Congress @ The Texas Capitol,8
26713045,3-Day Weekender,16828,electric,19/5/2022 16:03:29,3798,21st/Speedway @ PCL,2497,11th/Congress @ The Texas Capitol,12
26590978,Local365,23318,electric,5/5/2022 11:10:32,3798,21st/Speedway @ PCL,2497,11th/Congress @ The Texas Capitol,18
26579182,Single Trip (Pay-as-you-ride),95,classic,3/5/2022 17:27:03,3798,21st/Speedway @ PCL,2497,11th/Congress @ The Texas Capitol,11
26681769,3-Day Weekender,19869,electric,15/5/2022 15:34:06,3798,21st/Speedway @ PCL,2497,11th/Congress @ The Texas Capitol,30
26746237,Student Membership,1434,classic,24/5/2022 9:43:59,3798,21st/Speedway @ PCL,2497,11th/Congress @ The Texas Capitol,12
26681780,3-Day Weekender,21440,electric,15/5/2022 15:34:53,3798,21st/Speedway @ PCL,2497,11th/Congress @ The Texas Capitol,30
26764350,Student Membership,553,classic,27/5/2022 9:35:55,3798,21st/Speedway @ PCL,2497,11th/Congress @ The Texas Capitol,15
26619427,3-Day Weekender,18909,electric,8/5/2022 17:39:19,3798,21st/Speedway @ PCL,2497,11th/Congress @ The Texas Capitol,17
26717523,Student Membership,272G,classic,20/5/2022 9:49:29,3798,21st/Speedway @ PCL,2497,11th/Congress @ The Texas Capitol,15
26241734,3-Day Weekender,19730,electric,25/3/2022 12:44:17,3798,21st/Speedway @ PCL,2497,11th/Congress @ The Texas Capitol,49
26241728,3-Day Weekender,21464,electric,25/3/2022 12:44:03,3798,21st/Speedway @ PCL,2497,11th/Congress @ The Texas Capitol,51
26241736,3-Day Weekender,21553,electric,25/3/2022 12:44:19,3798,21st/Speedway @ PCL,2497,11th/Congress @ The Texas Capitol,49
26176972,Student Membership,263G,classic,16/3/2022 16:36:01,3798,21st/Speedway @ PCL,2497,11th/Congress @ The Texas Capitol,10
26241735,3-Day Weekender,16456,electric,25/3/2022 12:44:18,3798,21st/Speedway @ PCL,2497,11th/Congress @ The Texas Capitol,50
26530258,Student Membership,043G,classic,28/4/2022 7:02:01,3798,21st/Speedway @ PCL,2497,11th/Congress @ The Texas Capitol,11
26516826,Local31,22470,electric,26/4/2022 14:52:28,3798,21st/Speedway @ PCL,2497,11th/Congress @ The Texas Capitol,20
26503170,Student Membership,18592,electric,24/4/2022 18:01:31,3798,21st/Speedway @ PCL,2497,11th/Congress @ The Texas Capitol,22
26503178,Student Membership,19165,electric,24/4/2022 18:01:59,3798,21st/Speedway @ PCL,2497,11th/Congress @ The Texas Capitol,22
26516828,Student Membership,21752,electric,26/4/2022 14:52:36,3798,21st/Speedway @ PCL,2497,11th/Congress @ The Texas Capitol,19
26496384,Student Membership,19706,electric,24/4/2022 11:04:48,3798,21st/Speedway @ PCL,2497,11th/Congress @ The Texas Capitol,98
27614571,Explorer,17460,electric,27/8/2022 17:25:58,3798,21st/Speedway @ PCL,2497,11th/Congress @ The Texas Capitol,23
27614582,Explorer,21561,electric,27/8/2022 17:26:27,3798,21st/Speedway @ PCL,2497,11th/Congress @ The Texas Capitol,22
27986204,Student Membership,19213,electric,27/9/2022 8:35:28,3798,21st/Speedway @ PCL,2497,11th/Congress @ The Texas Capitol,13
27717637,3-Day Weekender,21571,electric,5/9/2022 13:20:08,3798,21st/Speedway @ PCL,2497,11th/Congress @ The Texas Capitol,14
27717657,3-Day Weekender,191,classic,5/9/2022 13:21:29,3798,21st/Speedway @ PCL,2497,11th/Congress @ The Texas Capitol,13
27939414,Student Membership,19442,electric,23/9/2022 9:40:28,3798,21st/Speedway @ PCL,2497,11th/Congress @ The Texas Capitol,16
27986798,Student Membership,16946,electric,27/9/2022 9:32:38,3798,21st/Speedway @ PCL,2497,11th/Congress @ The Texas Capitol,11
27939441,Pay-as-you-ride,19330,electric,23/9/2022 9:42:47,3798,21st/Speedway @ PCL,2497,11th/Congress @ The Texas Capitol,14
27706054,Explorer,19376,electric,4/9/2022 15:13:11,3798,21st/Speedway @ PCL,2497,11th/Congress @ The Texas Capitol,61
27834818,Student Membership,19213,electric,15/9/2022 6:39:37,3798,21st/Speedway @ PCL,2497,11th/Congress @ The Texas Capitol,10
27939418,Pay-as-you-ride,16288,electric,23/9/2022 9:40:45,3798,21st/Speedway @ PCL,2497,11th/Congress @ The Texas Capitol,16
28326953,Student Membership,19730,electric,27/10/2022 17:12:30,3798,21st/Speedway @ PCL,2497,11th/Congress @ The Texas Capitol,15
28122657,Student Membership,263,classic,8/10/2022 15:13:36,3798,21st/Speedway @ PCL,2497,11th/Congress @ The Texas Capitol,12
28112387,Student Membership,19869,electric,7/10/2022 16:01:13,3798,21st/Speedway @ PCL,2497,11th/Congress @ The Texas Capitol,13
28281429,Local31,16855,electric,22/10/2022 23:58:01,3798,21st/Speedway @ PCL,2497,11th/Congress @ The Texas Capitol,16
28281434,Pay-as-you-ride,21476,electric,22/10/2022 23:58:35,3798,21st/Speedway @ PCL,2497,11th/Congress @ The Texas Capitol,16
28136972,Student Membership,19247,electric,9/10/2022 17:59:52,3798,21st/Speedway @ PCL,2497,11th/Congress @ The Texas Capitol,54
28198517,Explorer,1439,classic,15/10/2022 1:02:05,3798,21st/Speedway @ PCL,2497,11th/Congress @ The Texas Capitol,28
28198514,Student Membership,46,classic,15/10/2022 1:01:40,3798,21st/Speedway @ PCL,2497,11th/Congress @ The Texas Capitol,29
28341313,Explorer,18696,electric,29/10/2022 11:50:18,3798,21st/Speedway @ PCL,2497,11th/Congress @ The Texas Capitol,15
28244098,Student Membership,19775,electric,19/10/2022 17:17:24,3798,21st/Speedway @ PCL,2497,11th/Congress @ The Texas Capitol,11
28244089,Student Membership,19148,electric,19/10/2022 17:16:49,3798,21st/Speedway @ PCL,2497,11th/Congress @ The Texas Capitol,8
28341315,Explorer,18929,electric,29/10/2022 11:50:20,3798,21st/Speedway @ PCL,2497,11th/Congress @ The Texas Capitol,15
28356071,Student Membership,19185,electric,30/10/2022 17:21:14,3798,21st/Speedway @ PCL,2497,11th/Congress @ The Texas Capitol,8
28136910,Student Membership,19748,electric,9/10/2022 17:56:26,3798,21st/Speedway @ PCL,2497,11th/Congress @ The Texas Capitol,57
28281461,Pay-as-you-ride,21514,electric,23/10/2022 0:05:02,3798,21st/Speedway @ PCL,2497,11th/Congress @ The Texas Capitol,9
28475994,Pay-as-you-ride,21699,electric,13/11/2022 14:12:43,3798,21st/Speedway @ PCL,,11th/Congress @ The Texas Capitol,25
28493879,Student Membership,19552,electric,16/11/2022 14:24:07,3798,21st/Speedway @ PCL,,11th/Congress @ The Texas Capitol,22
28572746,Student Membership,19251,electric,3/12/2022 0:15:22,3798,21st/Speedway @ PCL,2497,11th/Congress @ The Texas Capitol,63
28602958,Student Membership,2143,classic,7/12/2022 18:01:09,3798,21st/Speedway @ PCL,2497,11th/Congress @ The Texas Capitol,13
28638295,Local31,21720,electric,14/12/2022 13:30:30,3798,21st/Speedway @ PCL,2497,11th/Congress @ The Texas Capitol,15
28637994,Student Membership,16322,electric,14/12/2022 12:26:43,3798,21st/Speedway @ PCL,2497,11th/Congress @ The Texas Capitol,13
23506497,Explorer,21886,electric,9/2/2021 16:07:20,3798,21st/Speedway @ PCL,2497,11th/Congress @ The Texas Capitol,15
23494595,U.T. Student Membership,19148,electric,6/2/2021 16:54:37,3798,21st/Speedway @ PCL,2497,11th/Congress @ The Texas Capitol,5
23980417,Student Membership,21799,electric,30/4/2021 11:50:45,3798,21st/Speedway @ PCL,2497,11th/Congress @ The Texas Capitol,21
23819409,U.T. Student Membership,19427,electric,7/4/2021 18:51:24,3798,21st/Speedway @ PCL,2497,11th/Congress @ The Texas Capitol,38
23980416,Student Membership,16881,electric,30/4/2021 11:50:11,3798,21st/Speedway @ PCL,2497,11th/Congress @ The Texas Capitol,21
23873926,U.T. Student Membership,19583,electric,14/4/2021 18:51:27,3798,21st/Speedway @ PCL,2497,11th/Congress @ The Texas Capitol,44
24093003,Single Trip (Pay-as-you-ride),16831,electric,15/5/2021 12:48:30,3798,21st/Speedway @ PCL,2497,11th/Congress @ The Texas Capitol,31
24609690,3-Day Weekender,19171,electric,18/7/2021 14:20:23,3798,21st/Speedway @ PCL,2497,11th/Congress @ The Texas Capitol,46
24678684,Local31,21720,electric,26/7/2021 15:17:57,3798,21st/Speedway @ PCL,2497,11th/Congress @ The Texas Capitol,44
25222961,Student Membership,21698,electric,24/9/2021 10:53:20,3798,21st/Speedway @ PCL,2497,11th/Congress @ The Texas Capitol,8
25254625,24 Hour Walk Up Pass,282,classic,27/9/2021 12:05:00,3798,21st/Speedway @ PCL,2497,11th/Congress @ The Texas Capitol,35
25157127,Student Membership,21704,electric,17/9/2021 11:49:41,3798,21st/Speedway @ PCL,2497,11th/Congress @ The Texas Capitol,12
25011242,Student Membership,035G,classic,2/9/2021 19:25:38,3798,21st/Speedway @ PCL,2497,11th/Congress @ The Texas Capitol,13
25209501,Single Trip (Pay-as-you-ride),230,classic,22/9/2021 17:53:07,3798,21st/Speedway @ PCL,2497,11th/Congress @ The Texas Capitol,8
25069063,Student Membership,16845,electric,8/9/2021 13:59:04,3798,21st/Speedway @ PCL,2497,11th/Congress @ The Texas Capitol,12
25000739,Single Trip (Pay-as-you-ride),1958,classic,1/9/2021 16:54:59,3798,21st/Speedway @ PCL,2497,11th/Congress @ The Texas Capitol,20
25437892,Local365,19303,electric,16/10/2021 16:52:21,3798,21st/Speedway @ PCL,2497,11th/Congress @ The Texas Capitol,8
25435977,Local31,21481,electric,16/10/2021 14:51:45,3798,21st/Speedway @ PCL,2497,11th/Congress @ The Texas Capitol,18
25473991,Student Membership,17850,electric,20/10/2021 17:41:13,3798,21st/Speedway @ PCL,2497,11th/Congress @ The Texas Capitol,10
25542309,Student Membership,16333,electric,29/10/2021 10:58:52,3798,21st/Speedway @ PCL,2497,11th/Congress @ The Texas Capitol,8
25727818,Single Trip (Pay-as-you-ride),1517,classic,29/11/2021 11:45:49,3798,21st/Speedway @ PCL,2497,11th/Congress @ The Texas Capitol,12
25734122,Local31,21585,electric,30/11/2021 12:30:31,3798,21st/Speedway @ PCL,2497,11th/Congress @ The Texas Capitol,11
25727813,Single Trip (Pay-as-you-ride),545,classic,29/11/2021 11:45:17,3798,21st/Speedway @ PCL,2497,11th/Congress @ The Texas Capitol,12
25843621,Student Membership,19646,electric,25/12/2021 12:55:47,3798,21st/Speedway @ PCL,2497,11th/Congress @ The Texas Capitol,47
25831588,Explorer,21561,electric,21/12/2021 13:50:18,3798,21st/Speedway @ PCL,2497,11th/Congress @ The Texas Capitol,37
25835328,Pay-as-you-ride,22431,electric,22/12/2021 15:37:27,3798,21st/Speedway @ PCL,2497,11th/Congress @ The Texas Capitol,15
25856473,Pay-as-you-ride,21652,electric,28/12/2021 12:25:44,3798,21st/Speedway @ PCL,2497,11th/Congress @ The Texas Capitol,43
25835287,Student Membership,19704,electric,22/12/2021 15:29:59,3798,21st/Speedway @ PCL,2497,11th/Congress @ The Texas Capitol,23
21554512,Local365,142,classic,8/2/2020 16:29:00,3798,21st/Speedway @ PCL,2497,11th/Congress @ The Texas Capitol,44
21481450,Pay-as-you-ride,288,classic,17/1/2020 16:53:50,3798,21st/Speedway @ PCL,2497,11th/Congress @ The Texas Capitol,16
21507112,Local365,452,classic,25/1/2020 12:06:55,3798,21st/Speedway @ PCL,2497,11th/Congress @ The Texas Capitol,31
21481446,Pay-as-you-ride,14190,classic,17/1/2020 16:53:25,3798,21st/Speedway @ PCL,2497,11th/Congress @ The Texas Capitol,16
21481449,Pay-as-you-ride,72,classic,17/1/2020 16:53:37,3798,21st/Speedway @ PCL,2497,11th/Congress @ The Texas Capitol,16
21481452,Pay-as-you-ride,375G,classic,17/1/2020 16:54:21,3798,21st/Speedway @ PCL,2497,11th/Congress @ The Texas Capitol,15
21481448,Pay-as-you-ride,382,classic,17/1/2020 16:53:36,3798,21st/Speedway @ PCL,2497,11th/Congress @ The Texas Capitol,16
21748136,Local365,16280,electric,31/3/2020 18:19:54,3798,21st/Speedway @ PCL,2497,11th/Congress @ The Texas Capitol,20
21710288,Explorer,19488,electric,19/3/2020 18:08:45,3798,21st/Speedway @ PCL,2497,11th/Congress @ The Texas Capitol,35
21710291,Explorer,18556,electric,19/3/2020 18:08:59,3798,21st/Speedway @ PCL,2497,11th/Congress @ The Texas Capitol,35
21748126,Local365,16276,electric,31/3/2020 18:18:36,3798,21st/Speedway @ PCL,2497,11th/Congress @ The Texas Capitol,21
25893778,Single Trip (Pay-as-you-ride),273,classic,9/1/2022 13:29:50,3798,21st/Speedway @ PCL,2497,11th/Congress @ The Texas Capitol,12
26052852,Local365,21695,electric,20/2/2022 14:05:35,3798,21st/Speedway @ PCL,2497,11th/Congress @ The Texas Capitol,10
26082489,Explorer,21742,electric,28/2/2022 13:18:45,3798,21st/Speedway @ PCL,2497,11th/Congress @ The Texas Capitol,16
26082439,Student Membership,19602,electric,28/2/2022 13:10:28,3798,21st/Speedway @ PCL,2497,11th/Congress @ The Texas Capitol,23
26036135,Pay-as-you-ride,18939,electric,17/2/2022 11:49:46,3798,21st/Speedway @ PCL,2497,11th/Congress @ The Texas Capitol,18
26907131,U.T. Student Membership,21467,electric,13/6/2022 18:18:29,3798,21st/Speedway @ PCL,2497,11th/Congress @ The Texas Capitol,11
26971204,Local31,281G,classic,20/6/2022 18:40:59,3798,21st/Speedway @ PCL,2497,11th/Congress @ The Texas Capitol,19
26974338,Student Membership,288,classic,21/6/2022 8:45:03,3798,21st/Speedway @ PCL,2497,11th/Congress @ The Texas Capitol,13
27044906,U.T. Student Membership,19704,electric,28/6/2022 19:47:55,3798,21st/Speedway @ PCL,2497,11th/Congress @ The Texas Capitol,9
26921338,Student Membership,21742,electric,15/6/2022 15:48:11,3798,21st/Speedway @ PCL,2497,11th/Congress @ The Texas Capitol,171
26579180,Single Trip (Pay-as-you-ride),1386,classic,3/5/2022 17:26:52,3798,21st/Speedway @ PCL,2497,11th/Congress @ The Texas Capitol,12
26628549,3-Day Weekender,16410,electric,9/5/2022 21:11:00,3798,21st/Speedway @ PCL,2497,11th/Congress @ The Texas Capitol,19
26639818,Student Membership,593,classic,11/5/2022 12:52:50,3798,21st/Speedway @ PCL,2497,11th/Congress @ The Texas Capitol,15
26716068,Student Membership,428,classic,19/5/2022 22:02:48,3797,21st/University,2497,11th/Congress @ The Texas Capitol,11
26650669,3-Day Weekender,19602,electric,12/5/2022 13:23:17,3797,21st/University,2497,11th/Congress @ The Texas Capitol,13
26623563,24 Hour Walk Up Pass,21752,electric,9/5/2022 12:00:19,3797,21st/University,2497,11th/Congress @ The Texas Capitol,21
26651054,24 Hour Walk Up Pass,19418,electric,12/5/2022 13:55:39,3797,21st/University,2497,11th/Congress @ The Texas Capitol,21
26716066,Student Membership,385,classic,19/5/2022 22:02:30,3797,21st/University,2497,11th/Congress @ The Texas Capitol,11
26255484,Student Membership,774,classic,27/3/2022 10:51:33,3797,21st/University,2497,11th/Congress @ The Texas Capitol,12
26256592,Explorer,21698,electric,27/3/2022 12:48:27,3797,21st/University,2497,11th/Congress @ The Texas Capitol,21
26231633,3-Day Weekender,18923,electric,23/3/2022 18:07:59,3797,21st/University,2497,11th/Congress @ The Texas Capitol,10
26549888,Explorer,188,classic,30/4/2022 10:35:02,3797,21st/University,2497,11th/Congress @ The Texas Capitol,19
26471799,Explorer,21895,electric,22/4/2022 14:35:30,3797,21st/University,2497,11th/Congress @ The Texas Capitol,14
26482576,Explorer,867,classic,23/4/2022 13:49:00,3797,21st/University,2497,11th/Congress @ The Texas Capitol,8
26549878,Explorer,22174,electric,30/4/2022 10:33:50,3797,21st/University,2497,11th/Congress @ The Texas Capitol,17
26471810,Pay-as-you-ride,17019,electric,22/4/2022 14:36:36,3797,21st/University,2497,11th/Congress @ The Texas Capitol,12
26303684,Student Membership,19376,electric,2/4/2022 16:15:11,3797,21st/University,2497,11th/Congress @ The Texas Capitol,8
27293821,Student Membership,21650,electric,25/7/2022 15:50:16,3797,21st/University,2497,11th/Congress @ The Texas Capitol,13
27086584,Explorer,19314,electric,3/7/2022 13:19:51,3797,21st/University,2497,11th/Congress @ The Texas Capitol,18
27086586,Explorer,21900,electric,3/7/2022 13:20:05,3797,21st/University,2497,11th/Congress @ The Texas Capitol,18
27586170,Explorer,21739,electric,25/8/2022 14:01:24,3797,21st/University,2497,11th/Congress @ The Texas Capitol,48
27528880,Student Membership,21816,electric,20/8/2022 14:43:55,3797,21st/University,2497,11th/Congress @ The Texas Capitol,9
27994730,Student Membership,21427,electric,27/9/2022 19:27:43,3797,21st/University,2497,11th/Congress @ The Texas Capitol,12
27837664,Student Membership,16277,electric,15/9/2022 11:37:28,3797,21st/University,2497,11th/Congress @ The Texas Capitol,23
28027771,Student Membership,21698,electric,30/9/2022 16:17:56,3797,21st/University,2497,11th/Congress @ The Texas Capitol,7
27994735,Student Membership,21709,electric,27/9/2022 19:28:10,3797,21st/University,2497,11th/Congress @ The Texas Capitol,12
27992422,Student Membership,19367,electric,27/9/2022 16:37:01,3797,21st/University,2497,11th/Congress @ The Texas Capitol,7
27965160,3-Day Weekender,472,classic,25/9/2022 11:08:36,3797,21st/University,2497,11th/Congress @ The Texas Capitol,20
28037705,Explorer,18564,electric,1/10/2022 14:11:51,3797,21st/University,2497,11th/Congress @ The Texas Capitol,16
28075917,Local31,22461,electric,4/10/2022 14:45:01,3797,21st/University,2497,11th/Congress @ The Texas Capitol,51
28550538,Explorer,21653,electric,29/11/2022 11:11:29,3797,21st/University,,11th/Congress @ The Texas Capitol,13
28407752,3-Day Weekender,16456,electric,5/11/2022 12:55:14,3797,21st/University,,11th/Congress @ The Texas Capitol,15
28407753,3-Day Weekender,21576,electric,5/11/2022 12:55:17,3797,21st/University,,11th/Congress @ The Texas Capitol,15
28476081,Pay-as-you-ride,16288,electric,13/11/2022 14:21:36,3797,21st/University,,11th/Congress @ The Texas Capitol,12
28410088,Explorer,16936,electric,5/11/2022 16:52:07,3797,21st/University,,11th/Congress @ The Texas Capitol,15
28553100,Student Membership,19085,electric,29/11/2022 16:54:08,3797,21st/University,,11th/Congress @ The Texas Capitol,7
28489613,Student Membership,17370,electric,15/11/2022 17:37:13,3797,21st/University,,11th/Congress @ The Texas Capitol,10
28649471,3-Day Weekender,468,classic,17/12/2022 16:24:08,3797,21st/University,2497,11th/Congress @ The Texas Capitol,14
23371675,24 Hour Walk Up Pass,19706,electric,1/1/2021 17:17:37,3797,21st/University,2497,11th/Congress @ The Texas Capitol,13
23650834,Local365,19821,electric,16/3/2021 20:05:19,3797,21st/University,2497,11th/Congress @ The Texas Capitol,12
23650835,Local365,19682,electric,16/3/2021 20:05:24,3797,21st/University,2497,11th/Congress @ The Texas Capitol,12
23672332,Local365,21480,electric,19/3/2021 23:20:38,3797,21st/University,2497,11th/Congress @ The Texas Capitol,25
23829286,3-Day Weekender,19247,electric,9/4/2021 10:56:19,3797,21st/University,2497,11th/Congress @ The Texas Capitol,16
23829274,3-Day Weekender,21523,electric,9/4/2021 10:55:46,3797,21st/University,2497,11th/Congress @ The Texas Capitol,17
23930111,U.T. Student Membership,135,classic,23/4/2021 17:55:53,3797,21st/University,2497,11th/Congress @ The Texas Capitol,8
23895154,U.T. Student Membership,21662,electric,18/4/2021 10:08:30,3797,21st/University,2497,11th/Congress @ The Texas Capitol,33
24000081,24 Hour Walk Up Pass,589,classic,2/5/2021 14:33:24,3797,21st/University,2497,11th/Congress @ The Texas Capitol,9
24135506,3-Day Weekender,19403,electric,21/5/2021 14:59:06,3797,21st/University,2497,11th/Congress @ The Texas Capitol,11
24353005,Explorer,066G,classic,17/6/2021 16:32:41,3797,21st/University,2497,11th/Congress @ The Texas Capitol,28
24360066,Single Trip (Pay-as-you-ride),21568,electric,18/6/2021 14:17:56,3797,21st/University,2497,11th/Congress @ The Texas Capitol,28
24653250,Single Trip (Pay-as-you-ride),19160,electric,23/7/2021 17:56:22,3797,21st/University,2497,11th/Congress @ The Texas Capitol,12
24653258,Single Trip (Pay-as-you-ride),272G,classic,23/7/2021 17:57:00,3797,21st/University,2497,11th/Congress @ The Texas Capitol,11
24862892,Local31,16279,electric,18/8/2021 16:43:27,3797,21st/University,2497,11th/Congress @ The Texas Capitol,12
25211326,Local31,19254,electric,22/9/2021 20:58:07,3797,21st/University,2497,11th/Congress @ The Texas Capitol,12
25245866,Student Membership,21447,electric,26/9/2021 13:37:38,3797,21st/University,2497,11th/Congress @ The Texas Capitol,13
25042466,Explorer,21650,electric,5/9/2021 17:24:06,3797,21st/University,2497,11th/Congress @ The Texas Capitol,52
25042459,Explorer,19403,electric,5/9/2021 17:23:39,3797,21st/University,2497,11th/Congress @ The Texas Capitol,53
25480462,Student Membership,17370,electric,21/10/2021 12:21:58,3797,21st/University,2497,11th/Congress @ The Texas Capitol,7
25406081,Local31,371,classic,13/10/2021 8:51:02,3797,21st/University,2497,11th/Congress @ The Texas Capitol,5
25425632,Local365,19214,electric,15/10/2021 13:16:34,3797,21st/University,2497,11th/Congress @ The Texas Capitol,12
25425635,Local365,21508,electric,15/10/2021 13:16:52,3797,21st/University,2497,11th/Congress @ The Texas Capitol,12
25343179,Pay-as-you-ride,19677,electric,7/10/2021 13:10:50,3797,21st/University,2497,11th/Congress @ The Texas Capitol,48
25439474,3-Day Weekender,19198,electric,16/10/2021 18:48:45,3797,21st/University,2497,11th/Congress @ The Texas Capitol,21
25439480,3-Day Weekender,19631,electric,16/10/2021 18:49:29,3797,21st/University,2497,11th/Congress @ The Texas Capitol,20
25439471,3-Day Weekender,21508,electric,16/10/2021 18:48:20,3797,21st/University,2497,11th/Congress @ The Texas Capitol,21
25476524,Pay-as-you-ride,21666,electric,21/10/2021 5:13:41,3797,21st/University,2497,11th/Congress @ The Texas Capitol,7
25700662,Pay-as-you-ride,19171,electric,22/11/2021 17:02:56,3797,21st/University,2497,11th/Congress @ The Texas Capitol,11
25700661,Student Membership,21800,electric,22/11/2021 17:02:54,3797,21st/University,2497,11th/Congress @ The Texas Capitol,11
25584831,Student Membership,19870,electric,5/11/2021 11:26:08,3797,21st/University,2497,11th/Congress @ The Texas Capitol,6
25854541,Pay-as-you-ride,382,classic,27/12/2021 17:52:03,3797,21st/University,2497,11th/Congress @ The Texas Capitol,8
25854544,Pay-as-you-ride,298,classic,27/12/2021 17:52:19,3797,21st/University,2497,11th/Congress @ The Texas Capitol,8
25750104,3-Day Weekender,19734,electric,2/12/2021 21:39:56,3797,21st/University,2497,11th/Congress @ The Texas Capitol,11
25856529,Pay-as-you-ride,17438,electric,28/12/2021 12:35:14,3797,21st/University,2497,11th/Congress @ The Texas Capitol,33
21526688,24 Hour Walk Up Pass,3471,classic,30/1/2020 16:49:12,3797,21st/University,2497,11th/Congress @ The Texas Capitol,558
21516402,Local365,683,classic,27/1/2020 13:30:19,3797,21st/University,2497,11th/Congress @ The Texas Capitol,10
21526686,24 Hour Walk Up Pass,430,classic,30/1/2020 16:48:22,3797,21st/University,2497,11th/Congress @ The Texas Capitol,21
21743030,3-Day Weekender,3201,classic,30/3/2020 6:18:25,3797,21st/University,2497,11th/Congress @ The Texas Capitol,10
21642290,Pay-as-you-ride,244G,classic,3/3/2020 20:12:11,3797,21st/University,2497,11th/Congress @ The Texas Capitol,8
21643959,Explorer,066G,classic,4/3/2020 12:46:54,3797,21st/University,2497,11th/Congress @ The Texas Capitol,8
26004075,Annual Membership,21543,electric,10/2/2022 11:30:12,3797,21st/University,2497,11th/Congress @ The Texas Capitol,10
26012539,Student Membership,270G,classic,11/2/2022 23:40:03,3797,21st/University,2497,11th/Congress @ The Texas Capitol,40
25992275,Student Membership,19328,electric,8/2/2022 11:19:11,3797,21st/University,2497,11th/Congress @ The Texas Capitol,13
26945714,3-Day Weekender,16456,electric,18/6/2022 9:41:51,3797,21st/University,2497,11th/Congress @ The Texas Capitol,12
26997603,Local31,1277,classic,23/6/2022 18:41:09,3797,21st/University,2497,11th/Congress @ The Texas Capitol,14
27021870,Explorer,19270,electric,26/6/2022 10:55:35,3797,21st/University,2497,11th/Congress @ The Texas Capitol,14
26945710,3-Day Weekender,19955,electric,18/6/2022 9:41:38,3797,21st/University,2497,11th/Congress @ The Texas Capitol,12
26836730,Student Membership,21558,electric,4/6/2022 18:22:42,3797,21st/University,2497,11th/Congress @ The Texas Capitol,19
27021842,Local31,19745,electric,26/6/2022 10:52:47,3797,21st/University,2497,11th/Congress @ The Texas Capitol,17
26651056,24 Hour Walk Up Pass,21514,electric,12/5/2022 13:55:50,3797,21st/University,2497,11th/Congress @ The Texas Capitol,21
26754114,Explorer,2097,classic,25/5/2022 15:07:21,4938,22.5/Rio Grande,2497,11th/Congress @ The Texas Capitol,16
26475466,Local31,19328,electric,22/4/2022 19:37:44,4938,22.5/Rio Grande,2497,11th/Congress @ The Texas Capitol,33
27204940,Student Membership,19303,electric,16/7/2022 7:15:32,4938,22.5/Rio Grande,2497,11th/Congress @ The Texas Capitol,8
27187403,Local31,16288,electric,14/7/2022 8:10:29,4938,22.5/Rio Grande,2497,11th/Congress @ The Texas Capitol,36
27624334,Local31,21586,electric,28/8/2022 14:09:14,4938,22.5/Rio Grande,2497,11th/Congress @ The Texas Capitol,52
27571396,Local31,21821,electric,24/8/2022 10:33:56,4938,22.5/Rio Grande,2497,11th/Congress @ The Texas Capitol,30
28303051,Student Membership,18673,electric,25/10/2022 9:45:33,4938,22.5/Rio Grande,2497,11th/Congress @ The Texas Capitol,10
28188607,Pay-as-you-ride,19678,electric,14/10/2022 10:24:31,4938,22.5/Rio Grande,2497,11th/Congress @ The Texas Capitol,21
28235591,Student Membership,18673,electric,18/10/2022 18:06:53,4938,22.5/Rio Grande,2497,11th/Congress @ The Texas Capitol,44
28370034,Student Membership,18331,electric,1/11/2022 9:33:47,4938,22.5/Rio Grande,,11th/Congress @ The Texas Capitol,10
24499733,Local31,18266,electric,5/7/2021 12:08:48,4938,22.5/Rio Grande,2497,11th/Congress @ The Texas Capitol,54
24642521,Local365,21546,electric,22/7/2021 14:02:08,4938,22.5/Rio Grande,2497,11th/Congress @ The Texas Capitol,45
24791694,Local31,17460,electric,9/8/2021 13:41:44,4938,22.5/Rio Grande,2497,11th/Congress @ The Texas Capitol,51
25350300,Local31,21816,electric,8/10/2021 11:59:05,4938,22.5/Rio Grande,2497,11th/Congress @ The Texas Capitol,45
25564423,Local31,17019,electric,1/11/2021 16:03:26,4938,22.5/Rio Grande,2497,11th/Congress @ The Texas Capitol,19
25781064,Local365,16279,electric,8/12/2021 15:22:35,4938,22.5/Rio Grande,2497,11th/Congress @ The Texas Capitol,7
25974713,Local31,19239,electric,2/2/2022 14:10:03,4938,22.5/Rio Grande,2497,11th/Congress @ The Texas Capitol,28
27059901,Student Membership,22567,electric,30/6/2022 16:08:39,4938,22.5/Rio Grande,2497,11th/Congress @ The Texas Capitol,9
27059908,Student Membership,18266,electric,30/6/2022 16:08:55,4938,22.5/Rio Grande,2497,11th/Congress @ The Texas Capitol,9
27030491,Explorer,16277,electric,27/6/2022 9:42:14,4938,22.5/Rio Grande,2497,11th/Congress @ The Texas Capitol,11
26867162,Student Membership,21810,electric,8/6/2022 19:28:09,4938,22.5/Rio Grande,2497,11th/Congress @ The Texas Capitol,20
26750276,Local31,17019,electric,24/5/2022 19:04:46,4938,22.5/Rio Grande,2497,11th/Congress @ The Texas Capitol,40
26669481,Local365,18726,electric,14/5/2022 13:03:41,7188,22nd/Pearl,2497,11th/Congress @ The Texas Capitol,11
26716024,Student Membership,19148,electric,19/5/2022 21:54:48,7188,22nd/Pearl,2497,11th/Congress @ The Texas Capitol,19
26243998,3-Day Weekender,21735,electric,25/3/2022 16:38:23,7188,22nd/Pearl,2497,11th/Congress @ The Texas Capitol,148
26481244,Student Membership,21714,electric,23/4/2022 12:36:12,7188,22nd/Pearl,2497,11th/Congress @ The Texas Capitol,16
26420094,Pay-as-you-ride,21666,electric,16/4/2022 14:40:23,7188,22nd/Pearl,2497,11th/Congress @ The Texas Capitol,99
27791145,Student Membership,21689,electric,11/9/2022 13:51:10,7188,22nd/Pearl,2497,11th/Congress @ The Texas Capitol,13
27926634,Student Membership,1949,classic,22/9/2022 8:29:33,7188,22nd/Pearl,2497,11th/Congress @ The Texas Capitol,11
27819787,3-Day Weekender,074G,classic,13/9/2022 20:34:16,7188,22nd/Pearl,2497,11th/Congress @ The Texas Capitol,14
27791127,Student Membership,22567,electric,11/9/2022 13:49:42,7188,22nd/Pearl,2497,11th/Congress @ The Texas Capitol,15
27819786,3-Day Weekender,242,classic,13/9/2022 20:34:04,7188,22nd/Pearl,2497,11th/Congress @ The Texas Capitol,14
27844740,Student Membership,21647,electric,15/9/2022 18:59:50,7188,22nd/Pearl,2497,11th/Congress @ The Texas Capitol,9
28020191,Student Membership,22449,electric,29/9/2022 23:21:17,7188,22nd/Pearl,2497,11th/Congress @ The Texas Capitol,10
28188634,Pay-as-you-ride,407,classic,14/10/2022 10:27:56,7188,22nd/Pearl,2497,11th/Congress @ The Texas Capitol,18
28235489,Pay-as-you-ride,21541,electric,18/10/2022 17:56:54,7188,22nd/Pearl,2497,11th/Congress @ The Texas Capitol,8
28243388,3-Day Weekender,18684,electric,19/10/2022 16:23:57,7188,22nd/Pearl,2497,11th/Congress @ The Texas Capitol,13
28188643,Pay-as-you-ride,19085,electric,14/10/2022 10:29:01,7188,22nd/Pearl,2497,11th/Congress @ The Texas Capitol,17
28320018,Local31,16288,electric,26/10/2022 21:22:35,7188,22nd/Pearl,2497,11th/Congress @ The Texas Capitol,27
28481823,Student Membership,19194,electric,14/11/2022 12:59:27,7188,22nd/Pearl,,11th/Congress @ The Texas Capitol,15
28506080,Student Membership,16410,electric,18/11/2022 18:48:21,7188,22nd/Pearl,,11th/Congress @ The Texas Capitol,16
28587882,Local31,21729,electric,5/12/2022 14:14:41,7188,22nd/Pearl,2497,11th/Congress @ The Texas Capitol,69
23391142,Local365,16410,electric,6/1/2021 17:47:51,3792,22nd/Pearl,2497,11th/Congress @ The Texas Capitol,13
23848223,Local365,19682,electric,11/4/2021 12:06:18,3792,22nd/Pearl,2497,11th/Congress @ The Texas Capitol,45
23882882,Local365,21773,electric,16/4/2021 16:33:24,3792,22nd/Pearl,2497,11th/Congress @ The Texas Capitol,27
23848225,U.T. Student Membership,19386,electric,11/4/2021 12:06:26,3792,22nd/Pearl,2497,11th/Congress @ The Texas Capitol,46
23907477,Pay-as-you-ride,1527,classic,19/4/2021 16:44:49,3792,22nd/Pearl,2497,11th/Congress @ The Texas Capitol,14
24058138,Local365,21662,electric,10/5/2021 15:29:53,3792,22nd/Pearl,2497,11th/Congress @ The Texas Capitol,15
24058137,Local365,19211,electric,10/5/2021 15:29:39,3792,22nd/Pearl,2497,11th/Congress @ The Texas Capitol,15
24303148,3-Day Weekender,19205,electric,11/6/2021 15:01:36,3792,22nd/Pearl,2497,11th/Congress @ The Texas Capitol,14
24636189,Local31,19199,electric,21/7/2021 17:17:19,3792,22nd/Pearl,2497,11th/Congress @ The Texas Capitol,19
24636180,Student Membership,21709,electric,21/7/2021 17:16:52,3792,22nd/Pearl,2497,11th/Congress @ The Texas Capitol,19
25158951,Student Membership,21427,electric,17/9/2021 14:17:22,3792,22nd/Pearl,2497,11th/Congress @ The Texas Capitol,22
25006376,Explorer,21442,electric,2/9/2021 11:30:29,3792,22nd/Pearl,2497,11th/Congress @ The Texas Capitol,50
25350424,Student Membership,19258,electric,8/10/2021 12:08:52,3792,22nd/Pearl,2497,11th/Congress @ The Texas Capitol,15
25653162,Local31,21695,electric,14/11/2021 14:44:30,3792,22nd/Pearl,2497,11th/Congress @ The Texas Capitol,21
25631991,Local365,21868,electric,11/11/2021 13:50:16,3792,22nd/Pearl,2497,11th/Congress @ The Texas Capitol,8
25627605,Local31,1782,classic,10/11/2021 17:56:21,3792,22nd/Pearl,2497,11th/Congress @ The Texas Capitol,9
25809114,Student Membership,21680,electric,14/12/2021 14:28:41,3792,22nd/Pearl,2497,11th/Congress @ The Texas Capitol,13
21456275,Local365,2326,classic,9/1/2020 9:37:30,3792,22nd/Pearl,2497,11th/Congress @ The Texas Capitol,9
21785728,Local365,227G,classic,12/4/2020 19:28:24,3792,22nd/Pearl,2497,11th/Congress @ The Texas Capitol,37
21785733,Local365,1851,classic,12/4/2020 19:29:40,3792,22nd/Pearl,2497,11th/Congress @ The Texas Capitol,38
25984992,Student Membership,21653,electric,6/2/2022 15:10:32,7188,22nd/Pearl,2497,11th/Congress @ The Texas Capitol,12
27060666,Student Membership,244G,classic,30/6/2022 17:15:05,7188,22nd/Pearl,2497,11th/Congress @ The Texas Capitol,7
27002526,Local31,21487,electric,24/6/2022 11:19:52,7188,22nd/Pearl,2497,11th/Congress @ The Texas Capitol,39
27382149,Student Membership,21859,electric,4/8/2022 13:36:52,7125,23rd/Pearl,2497,11th/Congress @ The Texas Capitol,17
27961335,Student Membership,16935,electric,24/9/2022 21:21:04,7125,23rd/Pearl,2497,11th/Congress @ The Texas Capitol,613
27961329,Student Membership,21666,electric,24/9/2022 21:20:43,7125,23rd/Pearl,2497,11th/Congress @ The Texas Capitol,614
27680464,Student Membership,21828,electric,2/9/2022 12:39:05,7125,23rd/Pearl,2497,11th/Congress @ The Texas Capitol,12
27982847,Student Membership,21568,electric,26/9/2022 18:36:57,7125,23rd/Pearl,2497,11th/Congress @ The Texas Capitol,13
27966428,Student Membership,21859,electric,25/9/2022 12:46:53,7125,23rd/Pearl,2497,11th/Congress @ The Texas Capitol,15
28188608,Pay-as-you-ride,19250,electric,14/10/2022 10:24:43,7125,23rd/Pearl,2497,11th/Congress @ The Texas Capitol,21
28243334,Local31,21884,electric,19/10/2022 16:20:06,7125,23rd/Pearl,2497,11th/Congress @ The Texas Capitol,16
28195734,Student Membership,21829,electric,14/10/2022 19:02:11,7125,23rd/Pearl,2497,11th/Congress @ The Texas Capitol,14
28258547,Student Membership,19401,electric,21/10/2022 8:54:54,7125,23rd/Pearl,2497,11th/Congress @ The Texas Capitol,10
28473839,Student Membership,21535,electric,13/11/2022 9:49:15,7125,23rd/Pearl,,11th/Congress @ The Texas Capitol,14
28601819,Local31,19646,electric,7/12/2022 15:41:03,7125,23rd/Pearl,2497,11th/Congress @ The Texas Capitol,18
27021584,Local31,21659,electric,26/6/2022 10:25:18,7125,23rd/Pearl,2497,11th/Congress @ The Texas Capitol,16
23512066,Local365,19148,electric,11/2/2021 21:38:04,3841,23rd/Rio Grande,2497,11th/Congress @ The Texas Capitol,27
23458449,Local365,21508,electric,27/1/2021 15:47:36,3841,23rd/Rio Grande,2497,11th/Congress @ The Texas Capitol,11
23458448,Local365,16828,electric,27/1/2021 15:47:27,3841,23rd/Rio Grande,2497,11th/Congress @ The Texas Capitol,11
23609362,Local31,19198,electric,9/3/2021 13:50:17,3841,23rd/Rio Grande,2497,11th/Congress @ The Texas Capitol,50
23925266,Student Membership,19185,electric,22/4/2021 20:08:56,3841,23rd/Rio Grande,2497,11th/Congress @ The Texas Capitol,17
23919303,Student Membership,19645,electric,21/4/2021 19:59:03,3841,23rd/Rio Grande,2497,11th/Congress @ The Texas Capitol,24
24408632,Explorer,19442,electric,24/6/2021 10:37:40,3841,23rd/Rio Grande,2497,11th/Congress @ The Texas Capitol,16
24639542,Local365,19177,electric,22/7/2021 7:58:41,3841,23rd/Rio Grande,2497,11th/Congress @ The Texas Capitol,81
24688953,Local31,19780,electric,27/7/2021 20:59:56,3841,23rd/Rio Grande,2497,11th/Congress @ The Texas Capitol,21
24866721,Local365,21773,electric,19/8/2021 8:27:30,3841,23rd/Rio Grande,2497,11th/Congress @ The Texas Capitol,11
21567868,Local365,3212,classic,13/2/2020 9:14:57,3841,23rd/Rio Grande,2497,11th/Congress @ The Texas Capitol,11
21452612,Local365,907,classic,8/1/2020 8:53:41,3841,23rd/Rio Grande,2497,11th/Congress @ The Texas Capitol,9
26652681,Student Membership,21691,electric,12/5/2022 16:32:33,7125,23rd/San Gabriel,2497,11th/Congress @ The Texas Capitol,9
25620330,Student Membership,309G,classic,9/11/2021 17:01:35,7125,23rd/San Gabriel,2497,11th/Congress @ The Texas Capitol,14
25584028,Pay-as-you-ride,23271,electric,5/11/2021 9:25:27,7125,23rd/San Gabriel,2497,11th/Congress @ The Texas Capitol,17
25584024,Pay-as-you-ride,21647,electric,5/11/2021 9:24:55,7125,23rd/San Gabriel,2497,11th/Congress @ The Texas Capitol,18
26639598,Student Membership,19418,electric,11/5/2022 12:32:22,7125,23rd/San Gabriel,2497,11th/Congress @ The Texas Capitol,12
26667458,Student Membership,21682,electric,14/5/2022 10:32:01,7125,23rd/San Gabriel,2497,11th/Congress @ The Texas Capitol,16
26671820,Student Membership,16277,electric,14/5/2022 15:47:16,3799,23rd/San Jacinto @ DKR Stadium,2497,11th/Congress @ The Texas Capitol,56
26148375,Explorer,19418,electric,12/3/2022 15:29:59,3799,23rd/San Jacinto @ DKR Stadium,2497,11th/Congress @ The Texas Capitol,11
26121022,3-Day Weekender,21490,electric,6/3/2022 13:34:56,3799,23rd/San Jacinto @ DKR Stadium,2497,11th/Congress @ The Texas Capitol,18
26148369,Explorer,21699,electric,12/3/2022 15:29:25,3799,23rd/San Jacinto @ DKR Stadium,2497,11th/Congress @ The Texas Capitol,11
26112926,Student Membership,19211,electric,5/3/2022 12:43:04,3799,23rd/San Jacinto @ DKR Stadium,2497,11th/Congress @ The Texas Capitol,8
26121021,3-Day Weekender,19704,electric,6/3/2022 13:34:50,3799,23rd/San Jacinto @ DKR Stadium,2497,11th/Congress @ The Texas Capitol,18
26210863,Student Membership,21829,electric,20/3/2022 14:01:00,3799,23rd/San Jacinto @ DKR Stadium,2497,11th/Congress @ The Texas Capitol,8
26540430,Student Membership,21561,electric,29/4/2022 9:36:07,3799,23rd/San Jacinto @ DKR Stadium,2497,11th/Congress @ The Texas Capitol,110
26341506,3-Day Weekender,4399,classic,7/4/2022 11:33:42,3799,23rd/San Jacinto @ DKR Stadium,2497,11th/Congress @ The Texas Capitol,10
26341480,3-Day Weekender,21428,electric,7/4/2022 11:31:24,3799,23rd/San Jacinto @ DKR Stadium,2497,11th/Congress @ The Texas Capitol,12
27607306,Local31,867,classic,27/8/2022 7:48:17,3799,23rd/San Jacinto @ DKR Stadium,2497,11th/Congress @ The Texas Capitol,43
27718410,Explorer,19107,electric,5/9/2022 14:04:57,3799,23rd/San Jacinto @ DKR Stadium,2497,11th/Congress @ The Texas Capitol,21
27979723,Student Membership,22196,electric,26/9/2022 14:59:02,3799,23rd/San Jacinto @ DKR Stadium,2497,11th/Congress @ The Texas Capitol,12
27995509,Student Membership,19418,electric,27/9/2022 20:46:02,3799,23rd/San Jacinto @ DKR Stadium,2497,11th/Congress @ The Texas Capitol,10
27983878,Student Membership,21585,electric,26/9/2022 19:57:57,3799,23rd/San Jacinto @ DKR Stadium,2497,11th/Congress @ The Texas Capitol,11
28115607,Student Membership,230,classic,7/10/2022 20:51:30,3799,23rd/San Jacinto @ DKR Stadium,2497,11th/Congress @ The Texas Capitol,21
28260839,Explorer,21682,electric,21/10/2022 12:15:03,3799,23rd/San Jacinto @ DKR Stadium,2497,11th/Congress @ The Texas Capitol,13
28260847,Explorer,22599,electric,21/10/2022 12:15:15,3799,23rd/San Jacinto @ DKR Stadium,2497,11th/Congress @ The Texas Capitol,13
28537009,Pay-as-you-ride,19271,electric,27/11/2022 8:26:57,3799,23rd/San Jacinto @ DKR Stadium,,11th/Congress @ The Texas Capitol,18
28537010,Pay-as-you-ride,21497,electric,27/11/2022 8:27:20,3799,23rd/San Jacinto @ DKR Stadium,,11th/Congress @ The Texas Capitol,17
28407194,Pay-as-you-ride,19918,electric,5/11/2022 11:53:02,3799,23rd/San Jacinto @ DKR Stadium,,11th/Congress @ The Texas Capitol,26
28426092,Local31,19935,electric,7/11/2022 14:04:40,3799,23rd/San Jacinto @ DKR Stadium,,11th/Congress @ The Texas Capitol,12
28410528,Student Membership,19165,electric,5/11/2022 17:40:38,3799,23rd/San Jacinto @ DKR Stadium,,11th/Congress @ The Texas Capitol,16
28410529,Student Membership,19265,electric,5/11/2022 17:41:00,3799,23rd/San Jacinto @ DKR Stadium,,11th/Congress @ The Texas Capitol,15
23538634,Local31,21788,electric,22/2/2021 23:10:30,3799,23rd/San Jacinto @ DKR Stadium,2497,11th/Congress @ The Texas Capitol,21
23497869,Local365,21639,electric,7/2/2021 13:41:03,3799,23rd/San Jacinto @ DKR Stadium,2497,11th/Congress @ The Texas Capitol,45
23526479,Local31,21751,electric,19/2/2021 21:46:43,3799,23rd/San Jacinto @ DKR Stadium,2497,11th/Congress @ The Texas Capitol,36
23676982,24 Hour Walk Up Pass,21458,electric,20/3/2021 14:53:23,3799,23rd/San Jacinto @ DKR Stadium,2497,11th/Congress @ The Texas Capitol,76
23613226,Local31,21767,electric,10/3/2021 9:05:26,3799,23rd/San Jacinto @ DKR Stadium,2497,11th/Congress @ The Texas Capitol,30
24114729,Explorer,21788,electric,18/5/2021 12:01:48,3799,23rd/San Jacinto @ DKR Stadium,2497,11th/Congress @ The Texas Capitol,36
24114740,Explorer,18329,electric,18/5/2021 12:03:33,3799,23rd/San Jacinto @ DKR Stadium,2497,11th/Congress @ The Texas Capitol,34
24190824,Explorer,21458,electric,29/5/2021 12:15:58,3799,23rd/San Jacinto @ DKR Stadium,2497,11th/Congress @ The Texas Capitol,33
24092882,Pay-as-you-ride,21685,electric,15/5/2021 12:36:33,3799,23rd/San Jacinto @ DKR Stadium,2497,11th/Congress @ The Texas Capitol,43
24190818,Explorer,21508,electric,29/5/2021 12:15:44,3799,23rd/San Jacinto @ DKR Stadium,2497,11th/Congress @ The Texas Capitol,33
24092899,Pay-as-you-ride,21755,electric,15/5/2021 12:37:37,3799,23rd/San Jacinto @ DKR Stadium,2497,11th/Congress @ The Texas Capitol,42
24190800,Explorer,21829,electric,29/5/2021 12:14:23,3799,23rd/San Jacinto @ DKR Stadium,2497,11th/Congress @ The Texas Capitol,34
24190814,Explorer,21699,electric,29/5/2021 12:15:33,3799,23rd/San Jacinto @ DKR Stadium,2497,11th/Congress @ The Texas Capitol,33
24190811,Explorer,21704,electric,29/5/2021 12:15:14,3799,23rd/San Jacinto @ DKR Stadium,2497,11th/Congress @ The Texas Capitol,33
24114735,Explorer,16418,electric,18/5/2021 12:02:46,3799,23rd/San Jacinto @ DKR Stadium,2497,11th/Congress @ The Texas Capitol,35
24303805,Local31,19401,electric,11/6/2021 16:29:25,3799,23rd/San Jacinto @ DKR Stadium,2497,11th/Congress @ The Texas Capitol,61
24303804,Local31,16418,electric,11/6/2021 16:29:24,3799,23rd/San Jacinto @ DKR Stadium,2497,11th/Congress @ The Texas Capitol,61
24872162,Student Membership,21798,electric,19/8/2021 19:00:47,3799,23rd/San Jacinto @ DKR Stadium,2497,11th/Congress @ The Texas Capitol,8
24771062,Local31,21575,electric,6/8/2021 22:40:04,3799,23rd/San Jacinto @ DKR Stadium,2497,11th/Congress @ The Texas Capitol,56
25117096,Local31,21703,electric,13/9/2021 9:34:34,3799,23rd/San Jacinto @ DKR Stadium,2497,11th/Congress @ The Texas Capitol,38
25078487,Student Membership,18592,electric,9/9/2021 14:13:01,3799,23rd/San Jacinto @ DKR Stadium,2497,11th/Congress @ The Texas Capitol,22
25700760,Student Membership,17370,electric,22/11/2021 17:15:56,3799,23rd/San Jacinto @ DKR Stadium,2497,11th/Congress @ The Texas Capitol,10
25829486,Single Trip (Pay-as-you-ride),1641,classic,20/12/2021 17:13:16,3799,23rd/San Jacinto @ DKR Stadium,2497,11th/Congress @ The Texas Capitol,19
25829506,Single Trip (Pay-as-you-ride),749,classic,20/12/2021 17:15:53,3799,23rd/San Jacinto @ DKR Stadium,2497,11th/Congress @ The Texas Capitol,17
25829498,Single Trip (Pay-as-you-ride),869,classic,20/12/2021 17:14:29,3799,23rd/San Jacinto @ DKR Stadium,2497,11th/Congress @ The Texas Capitol,18
25866033,Pay-as-you-ride,2887,classic,30/12/2021 15:29:58,3799,23rd/San Jacinto @ DKR Stadium,2497,11th/Congress @ The Texas Capitol,24
25866036,Pay-as-you-ride,153,classic,30/12/2021 15:30:19,3799,23rd/San Jacinto @ DKR Stadium,2497,11th/Congress @ The Texas Capitol,23
25829476,Single Trip (Pay-as-you-ride),1378,classic,20/12/2021 17:12:28,3799,23rd/San Jacinto @ DKR Stadium,2497,11th/Congress @ The Texas Capitol,20
25829493,Single Trip (Pay-as-you-ride),21652,electric,20/12/2021 17:13:54,3799,23rd/San Jacinto @ DKR Stadium,2497,11th/Congress @ The Texas Capitol,19
21600511,24 Hour Walk Up Pass,517,classic,22/2/2020 12:24:44,3799,23rd/San Jacinto @ DKR Stadium,2497,11th/Congress @ The Texas Capitol,35
21569492,Local365,198,classic,13/2/2020 17:32:46,3799,23rd/San Jacinto @ DKR Stadium,2497,11th/Congress @ The Texas Capitol,12
21442307,Explorer,507,classic,5/1/2020 14:00:08,3799,23rd/San Jacinto @ DKR Stadium,2497,11th/Congress @ The Texas Capitol,19
21442327,Explorer,610,classic,5/1/2020 14:02:21,3799,23rd/San Jacinto @ DKR Stadium,2497,11th/Congress @ The Texas Capitol,17
21505069,Local365,242,classic,24/1/2020 17:10:03,3799,23rd/San Jacinto @ DKR Stadium,2497,11th/Congress @ The Texas Capitol,17
21442304,Explorer,035G,classic,5/1/2020 13:59:09,3799,23rd/San Jacinto @ DKR Stadium,2497,11th/Congress @ The Texas Capitol,20
21442321,Explorer,2077,classic,5/1/2020 14:01:26,3799,23rd/San Jacinto @ DKR Stadium,2497,11th/Congress @ The Texas Capitol,18
21693306,Explorer,18101,electric,14/3/2020 16:49:35,3799,23rd/San Jacinto @ DKR Stadium,2497,11th/Congress @ The Texas Capitol,19
26617611,Pay-as-you-ride,22599,electric,8/5/2022 14:36:50,3799,23rd/San Jacinto @ DKR Stadium,2497,11th/Congress @ The Texas Capitol,459
26576088,U.T. Student Membership,21735,electric,3/5/2022 11:12:28,3838,26th/Nueces,2497,11th/Congress @ The Texas Capitol,16
26686842,Local31,21699,electric,16/5/2022 8:54:55,3838,26th/Nueces,2497,11th/Congress @ The Texas Capitol,27
26773251,3-Day Weekender,21800,electric,28/5/2022 11:49:35,3838,26th/Nueces,2497,11th/Congress @ The Texas Capitol,55
26773249,3-Day Weekender,22449,electric,28/5/2022 11:49:31,3838,26th/Nueces,2497,11th/Congress @ The Texas Capitol,55
26110542,Local365,281,classic,4/3/2022 23:56:44,3838,26th/Nueces,2497,11th/Congress @ The Texas Capitol,12
26276630,U.T. Student Membership,19221,electric,30/3/2022 9:39:15,3838,26th/Nueces,2497,11th/Congress @ The Texas Capitol,10
26111555,Student Membership,18331,electric,5/3/2022 10:18:35,3838,26th/Nueces,2497,11th/Congress @ The Texas Capitol,18
26240019,U.T. Student Membership,16322,electric,25/3/2022 9:12:10,3838,26th/Nueces,2497,11th/Congress @ The Texas Capitol,10
26102678,Local365,19918,electric,3/3/2022 18:07:56,3838,26th/Nueces,2497,11th/Congress @ The Texas Capitol,25
26110541,Student Membership,153,classic,4/3/2022 23:56:41,3838,26th/Nueces,2497,11th/Congress @ The Texas Capitol,12
26095890,U.T. Student Membership,19247,electric,2/3/2022 16:47:06,3838,26th/Nueces,2497,11th/Congress @ The Texas Capitol,10
26528180,Student Membership,183,classic,27/4/2022 19:04:07,3838,26th/Nueces,2497,11th/Congress @ The Texas Capitol,14
26337718,Local31,19734,electric,6/4/2022 18:08:43,3838,26th/Nueces,2497,11th/Congress @ The Texas Capitol,21
26346772,3-Day Weekender,19720,electric,7/4/2022 21:15:41,3838,26th/Nueces,2497,11th/Congress @ The Texas Capitol,16
26407287,U.T. Student Membership,21650,electric,15/4/2022 9:35:15,3838,26th/Nueces,2497,11th/Congress @ The Texas Capitol,8
26526894,Pay-as-you-ride,21702,electric,27/4/2022 17:12:26,3838,26th/Nueces,2497,11th/Congress @ The Texas Capitol,24
26346768,3-Day Weekender,21438,electric,7/4/2022 21:15:28,3838,26th/Nueces,2497,11th/Congress @ The Texas Capitol,15
26450389,U.T. Student Membership,19163,electric,20/4/2022 9:40:47,3838,26th/Nueces,2497,11th/Congress @ The Texas Capitol,11
26291039,U.T. Student Membership,19745,electric,1/4/2022 9:18:03,3838,26th/Nueces,2497,11th/Congress @ The Texas Capitol,12
26526882,Pay-as-you-ride,21788,electric,27/4/2022 17:11:42,3838,26th/Nueces,2497,11th/Congress @ The Texas Capitol,24
26528169,Student Membership,19677,electric,27/4/2022 19:03:26,3838,26th/Nueces,2497,11th/Congress @ The Texas Capitol,14
26528175,Student Membership,19251,electric,27/4/2022 19:03:51,3838,26th/Nueces,2497,11th/Congress @ The Texas Capitol,13
27342675,Student Membership,21729,electric,30/7/2022 19:53:58,3838,26th/Nueces,2497,11th/Congress @ The Texas Capitol,24
27342677,Student Membership,21497,electric,30/7/2022 19:54:06,3838,26th/Nueces,2497,11th/Congress @ The Texas Capitol,23
27272781,Explorer,095G,classic,23/7/2022 11:19:26,3838,26th/Nueces,2497,11th/Congress @ The Texas Capitol,37
27272767,Explorer,19748,electric,23/7/2022 11:17:54,3838,26th/Nueces,2497,11th/Congress @ The Texas Capitol,40
27108387,Local31,21458,electric,5/7/2022 18:08:35,3838,26th/Nueces,2497,11th/Congress @ The Texas Capitol,39
27443826,Student Membership,19224,electric,11/8/2022 12:17:26,3838,26th/Nueces,2497,11th/Congress @ The Texas Capitol,11
28115091,Local31,21457,electric,7/10/2022 19:49:18,3838,26th/Nueces,2497,11th/Congress @ The Texas Capitol,25
28078743,Student Membership,19678,electric,4/10/2022 17:58:21,3838,26th/Nueces,2497,11th/Congress @ The Texas Capitol,10
23483876,Local365,16974,electric,3/2/2021 15:41:52,3838,26th/Nueces,2497,11th/Congress @ The Texas Capitol,12
23500512,Local365,21849,electric,7/2/2021 23:35:30,3838,26th/Nueces,2497,11th/Congress @ The Texas Capitol,45
23483880,Local365,19224,electric,3/2/2021 15:42:55,3838,26th/Nueces,2497,11th/Congress @ The Texas Capitol,11
23451596,Local365,19418,electric,25/1/2021 15:40:30,3838,26th/Nueces,2497,11th/Congress @ The Texas Capitol,12
23441720,Local365,19418,electric,22/1/2021 15:43:37,3838,26th/Nueces,2497,11th/Congress @ The Texas Capitol,14
23371195,Local365,19040,electric,1/1/2021 16:06:40,3838,26th/Nueces,2497,11th/Congress @ The Texas Capitol,31
23441719,Local365,16831,electric,22/1/2021 15:43:32,3838,26th/Nueces,2497,11th/Congress @ The Texas Capitol,14
23451597,Local365,19935,electric,25/1/2021 15:40:48,3838,26th/Nueces,2497,11th/Congress @ The Texas Capitol,12
23637896,Local31,21472,electric,14/3/2021 14:35:55,3838,26th/Nueces,2497,11th/Congress @ The Texas Capitol,14
23882769,Student Membership,21747,electric,16/4/2021 16:21:59,3838,26th/Nueces,2497,11th/Congress @ The Texas Capitol,39
24035785,Student Membership,19461,electric,7/5/2021 15:30:28,3838,26th/Nueces,2497,11th/Congress @ The Texas Capitol,20
24080398,Local31,520,classic,13/5/2021 19:34:40,3838,26th/Nueces,2497,11th/Congress @ The Texas Capitol,11
24082020,Local31,503,classic,14/5/2021 7:39:41,3838,26th/Nueces,2497,11th/Congress @ The Texas Capitol,10
24082023,Local31,183,classic,14/5/2021 7:40:09,3838,26th/Nueces,2497,11th/Congress @ The Texas Capitol,9
24080399,Local31,849,classic,13/5/2021 19:35:00,3838,26th/Nueces,2497,11th/Congress @ The Texas Capitol,10
24035782,Local365,16936,electric,7/5/2021 15:29:54,3838,26th/Nueces,2497,11th/Congress @ The Texas Capitol,21
24281018,24 Hour Walk Up Pass,21553,electric,8/6/2021 19:52:04,3838,26th/Nueces,2497,11th/Congress @ The Texas Capitol,15
25331772,Local31,19739,electric,6/10/2021 0:43:47,3838,26th/Nueces,2497,11th/Congress @ The Texas Capitol,42
25316705,Student Membership,18181,electric,4/10/2021 11:10:06,3838,26th/Nueces,2497,11th/Congress @ The Texas Capitol,16
25486832,Local365,21799,electric,22/10/2021 8:43:54,3838,26th/Nueces,2497,11th/Congress @ The Texas Capitol,59
25633746,Explorer,22318,electric,11/11/2021 17:06:58,3838,26th/Nueces,2497,11th/Congress @ The Texas Capitol,17
25636751,Explorer,19247,electric,12/11/2021 11:28:50,3838,26th/Nueces,2497,11th/Congress @ The Texas Capitol,55
25633742,Explorer,19748,electric,11/11/2021 17:06:32,3838,26th/Nueces,2497,11th/Congress @ The Texas Capitol,17
25636756,Explorer,16279,electric,12/11/2021 11:29:03,3838,26th/Nueces,2497,11th/Congress @ The Texas Capitol,54
25769693,Local365,19207,electric,5/12/2021 20:49:53,3838,26th/Nueces,2497,11th/Congress @ The Texas Capitol,20
21729590,Local365,19706,electric,26/3/2020 17:14:33,3838,26th/Nueces,2497,11th/Congress @ The Texas Capitol,9
21791641,Explorer,16946,electric,15/4/2020 15:42:45,3838,26th/Nueces,2497,11th/Congress @ The Texas Capitol,45
25987428,U.T. Student Membership,16288,electric,7/2/2022 9:31:40,3838,26th/Nueces,2497,11th/Congress @ The Texas Capitol,11
25993229,Explorer,285,classic,8/2/2022 13:49:49,3838,26th/Nueces,2497,11th/Congress @ The Texas Capitol,25
26039251,U.T. Student Membership,19233,electric,18/2/2022 9:35:40,3838,26th/Nueces,2497,11th/Congress @ The Texas Capitol,11
25996291,U.T. Student Membership,019G,classic,9/2/2022 9:33:13,3838,26th/Nueces,2497,11th/Congress @ The Texas Capitol,12
27017685,Local365,21792,electric,25/6/2022 19:37:15,3838,26th/Nueces,2497,11th/Congress @ The Texas Capitol,49
26833491,3-Day Weekender,19165,electric,4/6/2022 13:30:51,3838,26th/Nueces,2497,11th/Congress @ The Texas Capitol,16
27015250,Local365,19434,electric,25/6/2022 15:58:13,3838,26th/Nueces,2497,11th/Congress @ The Texas Capitol,60
26634096,Local365,21476,electric,10/5/2022 16:57:18,3838,26th/Nueces,2497,11th/Congress @ The Texas Capitol,7
26734856,Student Membership,21744,electric,22/5/2022 15:31:41,7189,28th/Rio,2497,11th/Congress @ The Texas Capitol,11
26764382,U.T. Student Membership,21477,electric,27/5/2022 9:40:11,7189,28th/Rio,2497,11th/Congress @ The Texas Capitol,11
26716115,Pay-as-you-ride,17751,electric,19/5/2022 22:14:52,7189,28th/Rio,2497,11th/Congress @ The Texas Capitol,87
26687055,U.T. Student Membership,21541,electric,16/5/2022 9:36:07,7189,28th/Rio,2497,11th/Congress @ The Texas Capitol,10
26734855,Student Membership,21735,electric,22/5/2022 15:31:41,7189,28th/Rio,2497,11th/Congress @ The Texas Capitol,11
26348262,U.T. Student Membership,19177,electric,8/4/2022 9:36:36,7189,28th/Rio,2497,11th/Congress @ The Texas Capitol,12
26376554,U.T. Student Membership,21742,electric,11/4/2022 9:37:31,7189,28th/Rio,2497,11th/Congress @ The Texas Capitol,10
26430339,Student Membership,1834,classic,17/4/2022 17:18:21,7189,28th/Rio,2497,11th/Congress @ The Texas Capitol,12
27109487,Local31,21458,electric,5/7/2022 20:03:55,7189,28th/Rio,2497,11th/Congress @ The Texas Capitol,35
27080845,Local31,21772,electric,2/7/2022 17:41:10,7189,28th/Rio,2497,11th/Congress @ The Texas Capitol,36
27460394,Student Membership,19326,electric,13/8/2022 11:24:56,7189,28th/Rio,2497,11th/Congress @ The Texas Capitol,19
27460413,Student Membership,19739,electric,13/8/2022 11:25:50,7189,28th/Rio,2497,11th/Congress @ The Texas Capitol,18
27831589,Student Membership,19677,electric,14/9/2022 18:48:15,7189,28th/Rio,2497,11th/Congress @ The Texas Capitol,53
27963810,Student Membership,21747,electric,25/9/2022 7:53:44,7189,28th/Rio,2497,11th/Congress @ The Texas Capitol,15
28031049,Student Membership,22458,electric,30/9/2022 20:47:29,7189,28th/Rio,2497,11th/Congress @ The Texas Capitol,17
28157141,Explorer,19194,electric,11/10/2022 13:33:38,7189,28th/Rio,2497,11th/Congress @ The Texas Capitol,20
28335333,Student Membership,21427,electric,28/10/2022 15:46:40,7189,28th/Rio,2497,11th/Congress @ The Texas Capitol,11
28096095,Local365,19303,electric,6/10/2022 10:49:55,7189,28th/Rio,2497,11th/Congress @ The Texas Capitol,18
28132548,Local31,21695,electric,9/10/2022 13:25:14,7189,28th/Rio,2497,11th/Congress @ The Texas Capitol,53
28537697,Explorer,16845,electric,27/11/2022 11:33:39,7189,28th/Rio,,11th/Congress @ The Texas Capitol,44
28537703,Explorer,19274,electric,27/11/2022 11:34:00,7189,28th/Rio,,11th/Congress @ The Texas Capitol,44
28537717,Explorer,19403,electric,27/11/2022 11:35:30,7189,28th/Rio,,11th/Congress @ The Texas Capitol,43
26838238,3-Day Weekender,18532,electric,4/6/2022 21:15:00,7189,28th/Rio,2497,11th/Congress @ The Texas Capitol,16
26942782,3-Day Weekender,16337,electric,17/6/2022 20:24:32,7189,28th/Rio,2497,11th/Congress @ The Texas Capitol,30
27007364,Student Membership,19745,electric,24/6/2022 19:08:20,7189,28th/Rio,2497,11th/Congress @ The Texas Capitol,24
26942773,3-Day Weekender,21695,electric,17/6/2022 20:24:01,7189,28th/Rio,2497,11th/Congress @ The Texas Capitol,31
26596727,3-Day Weekender,19734,electric,6/5/2022 8:11:31,7189,28th/Rio,2497,11th/Congress @ The Texas Capitol,49
26758055,U.T. Student Membership,19645,electric,26/5/2022 9:39:32,7189,28th/Rio,2497,11th/Congress @ The Texas Capitol,12
26720913,Local31,18592,electric,20/5/2022 18:00:58,7189,28th/Rio,2497,11th/Congress @ The Texas Capitol,36
26706499,Student Membership,21514,electric,18/5/2022 17:48:09,7189,28th/Rio,2497,11th/Congress @ The Texas Capitol,21
28651870,Local31,19110,electric,18/12/2022 16:21:56,7189,28th/Rio Grande,2497,11th/Congress @ The Texas Capitol,12
23521748,Local31,21707,electric,17/2/2021 12:14:33,3793,28th/Rio Grande,2497,11th/Congress @ The Texas Capitol,40
23371384,3-Day Weekender,1574,classic,1/1/2021 16:31:49,3793,28th/Rio Grande,2497,11th/Congress @ The Texas Capitol,13
23419741,Local31,19619,electric,16/1/2021 14:33:10,3793,28th/Rio Grande,2497,11th/Congress @ The Texas Capitol,39
23371377,3-Day Weekender,627,classic,1/1/2021 16:30:43,3793,28th/Rio Grande,2497,11th/Congress @ The Texas Capitol,14
23635401,Local365,19476,electric,13/3/2021 23:33:22,3793,28th/Rio Grande,2497,11th/Congress @ The Texas Capitol,10
23934293,Local365,19783,electric,24/4/2021 12:05:36,3793,28th/Rio Grande,2497,11th/Congress @ The Texas Capitol,25
23880746,Local31,21661,electric,16/4/2021 11:40:08,3793,28th/Rio Grande,2497,11th/Congress @ The Texas Capitol,162
23933426,3-Day Weekender,1830,classic,24/4/2021 10:44:07,3793,28th/Rio Grande,2497,11th/Congress @ The Texas Capitol,21
24389838,Local31,19270,electric,21/6/2021 20:30:32,3793,28th/Rio Grande,2497,11th/Congress @ The Texas Capitol,32
24455564,Local31,21704,electric,30/6/2021 16:11:21,3793,28th/Rio Grande,2497,11th/Congress @ The Texas Capitol,15
24434392,Local31,21828,electric,27/6/2021 15:03:34,3793,28th/Rio Grande,2497,11th/Congress @ The Texas Capitol,48
24434387,Local31,19418,electric,27/6/2021 15:03:14,3793,28th/Rio Grande,2497,11th/Congress @ The Texas Capitol,48
24314948,Pay-as-you-ride,21886,electric,12/6/2021 17:58:43,3793,28th/Rio Grande,2497,11th/Congress @ The Texas Capitol,37
24508110,Local31,21767,electric,6/7/2021 13:05:31,3793,28th/Rio Grande,2497,11th/Congress @ The Texas Capitol,18
24553667,Local31,21495,electric,11/7/2021 18:53:13,3793,28th/Rio Grande,2497,11th/Congress @ The Texas Capitol,39
24922564,Single Trip (Pay-as-you-ride),21575,electric,24/8/2021 16:11:23,3793,28th/Rio Grande,2497,11th/Congress @ The Texas Capitol,17
24922571,Single Trip (Pay-as-you-ride),19476,electric,24/8/2021 16:12:04,3793,28th/Rio Grande,2497,11th/Congress @ The Texas Capitol,15
25130522,Local365,17019,electric,14/9/2021 15:54:00,3793,28th/Rio Grande,2497,11th/Congress @ The Texas Capitol,55
25309327,Student Membership,19274,electric,3/10/2021 13:30:12,3793,28th/Rio Grande,2497,11th/Congress @ The Texas Capitol,14
25309329,Student Membership,21498,electric,3/10/2021 13:30:14,3793,28th/Rio Grande,2497,11th/Congress @ The Texas Capitol,14
25377065,Local31,18923,electric,10/10/2021 13:34:55,3793,28th/Rio Grande,2497,11th/Congress @ The Texas Capitol,40
25717603,Student Membership,21468,electric,26/11/2021 20:06:16,3793,28th/Rio Grande,2497,11th/Congress @ The Texas Capitol,28
25835045,Local365,21720,electric,22/12/2021 14:40:49,3793,28th/Rio Grande,2497,11th/Congress @ The Texas Capitol,19
25842680,Student Membership,17438,electric,25/12/2021 7:50:50,3793,28th/Rio Grande,2497,11th/Congress @ The Texas Capitol,12
25816932,U.T. Student Membership,22567,electric,16/12/2021 9:20:19,3793,28th/Rio Grande,2497,11th/Congress @ The Texas Capitol,10
25760218,Explorer,18792,electric,4/12/2021 14:42:37,3793,28th/Rio Grande,2497,11th/Congress @ The Texas Capitol,59
25833614,U.T. Student Membership,21485,electric,22/12/2021 9:17:31,3793,28th/Rio Grande,2497,11th/Congress @ The Texas Capitol,13
25832248,Student Membership,17374,electric,21/12/2021 15:46:33,3793,28th/Rio Grande,2497,11th/Congress @ The Texas Capitol,19
25860529,Student Membership,1378,classic,29/12/2021 11:52:42,3793,28th/Rio Grande,2497,11th/Congress @ The Texas Capitol,14
25862873,Explorer,19679,electric,29/12/2021 17:56:39,3793,28th/Rio Grande,2497,11th/Congress @ The Texas Capitol,23
25811669,U.T. Student Membership,21576,electric,15/12/2021 9:22:39,3793,28th/Rio Grande,2497,11th/Congress @ The Texas Capitol,11
25830527,U.T. Student Membership,17019,electric,21/12/2021 9:19:59,3793,28th/Rio Grande,2497,11th/Congress @ The Texas Capitol,13
25835041,Local365,18331,electric,22/12/2021 14:40:29,3793,28th/Rio Grande,2497,11th/Congress @ The Texas Capitol,19
25862878,Explorer,21751,electric,29/12/2021 17:58:01,3793,28th/Rio Grande,2497,11th/Congress @ The Texas Capitol,21
25820093,U.T. Student Membership,21550,electric,17/12/2021 9:02:45,3793,28th/Rio Grande,2497,11th/Congress @ The Texas Capitol,11
21599935,Explorer,18132,electric,22/2/2020 10:53:22,3793,28th/Rio Grande,2497,11th/Congress @ The Texas Capitol,38
21599937,Explorer,19285,electric,22/2/2020 10:53:36,3793,28th/Rio Grande,2497,11th/Congress @ The Texas Capitol,37
21740474,Explorer,19729,electric,29/3/2020 15:44:20,3793,28th/Rio Grande,2497,11th/Congress @ The Texas Capitol,11
21787615,3-Day Weekender,19199,electric,13/4/2020 18:02:49,3793,28th/Rio Grande,2497,11th/Congress @ The Texas Capitol,58
21787614,3-Day Weekender,19274,electric,13/4/2020 18:02:48,3793,28th/Rio Grande,2497,11th/Congress @ The Texas Capitol,58
25939583,U.T. Student Membership,23251,electric,24/1/2022 9:27:03,3793,28th/Rio Grande,2497,11th/Congress @ The Texas Capitol,11
25945497,U.T. Student Membership,21476,electric,26/1/2022 9:26:06,3793,28th/Rio Grande,2497,11th/Congress @ The Texas Capitol,11
25883333,U.T. Student Membership,19645,electric,5/1/2022 9:31:45,3793,28th/Rio Grande,2497,11th/Congress @ The Texas Capitol,11
25952733,U.T. Student Membership,22581,electric,28/1/2022 9:22:35,3793,28th/Rio Grande,2497,11th/Congress @ The Texas Capitol,11
25973688,U.T. Student Membership,2274,classic,2/2/2022 9:30:32,3793,28th/Rio Grande,2497,11th/Congress @ The Texas Capitol,13
26008119,U.T. Student Membership,21553,electric,11/2/2022 9:29:30,3793,28th/Rio Grande,2497,11th/Congress @ The Texas Capitol,11
26021332,U.T. Student Membership,18696,electric,14/2/2022 9:29:37,3793,28th/Rio Grande,2497,11th/Congress @ The Texas Capitol,11
26004904,U.T. Student Membership,19734,electric,10/2/2022 14:29:43,3793,28th/Rio Grande,2497,11th/Congress @ The Texas Capitol,11
26645219,Explorer,21535,electric,11/5/2022 18:45:49,2494,2nd/Congress,2497,11th/Congress @ The Texas Capitol,20
26786149,Explorer,610,classic,29/5/2022 15:58:21,2494,2nd/Congress,2497,11th/Congress @ The Texas Capitol,14
26733583,3-Day Weekender,21707,electric,22/5/2022 13:53:58,2494,2nd/Congress,2497,11th/Congress @ The Texas Capitol,11
26741961,Explorer,17347,electric,23/5/2022 14:34:34,2494,2nd/Congress,2497,11th/Congress @ The Texas Capitol,6
26759943,Single Trip (Pay-as-you-ride),074G,classic,26/5/2022 14:30:31,2494,2nd/Congress,2497,11th/Congress @ The Texas Capitol,14
26759948,Single Trip (Pay-as-you-ride),19319,electric,26/5/2022 14:30:46,2494,2nd/Congress,2497,11th/Congress @ The Texas Capitol,14
26783280,24 Hour Walk Up Pass,19078,electric,29/5/2022 11:51:42,2494,2nd/Congress,2497,11th/Congress @ The Texas Capitol,21
26786151,Explorer,2122B,electric,29/5/2022 15:58:38,2494,2nd/Congress,2497,11th/Congress @ The Texas Capitol,14
26733613,3-Day Weekender,21676,electric,22/5/2022 13:56:46,2494,2nd/Congress,2497,11th/Congress @ The Texas Capitol,8
26783408,24 Hour Walk Up Pass,1830,classic,29/5/2022 12:02:12,2494,2nd/Congress,2497,11th/Congress @ The Texas Capitol,10
26206128,Explorer,547,classic,19/3/2022 19:01:42,2494,2nd/Congress,2497,11th/Congress @ The Texas Capitol,11
26159161,Explorer,19704,electric,14/3/2022 13:29:29,2494,2nd/Congress,2497,11th/Congress @ The Texas Capitol,74
26177292,Local365,17347,electric,16/3/2022 17:01:58,2494,2nd/Congress,2497,11th/Congress @ The Texas Capitol,8
26206122,Explorer,593,classic,19/3/2022 19:01:31,2494,2nd/Congress,2497,11th/Congress @ The Texas Capitol,11
26223654,3-Day Weekender,21413,electric,22/3/2022 11:53:16,2494,2nd/Congress,2497,11th/Congress @ The Texas Capitol,18
26223708,3-Day Weekender,22196,electric,22/3/2022 12:01:09,2494,2nd/Congress,2497,11th/Congress @ The Texas Capitol,10
26159194,Explorer,349G,classic,14/3/2022 13:33:58,2494,2nd/Congress,2497,11th/Congress @ The Texas Capitol,70
26231705,24 Hour Walk Up Pass,21749,electric,23/3/2022 18:19:26,2494,2nd/Congress,2497,11th/Congress @ The Texas Capitol,10
26159190,Explorer,21568,electric,14/3/2022 13:33:42,2494,2nd/Congress,2497,11th/Congress @ The Texas Capitol,70
26306360,Pay-as-you-ride,110G,classic,2/4/2022 20:06:05,2494,2nd/Congress,2497,11th/Congress @ The Texas Capitol,13
26494205,Student Membership,22174,electric,24/4/2022 0:25:47,2494,2nd/Congress,2497,11th/Congress @ The Texas Capitol,15
26327467,3-Day Weekender,920,classic,5/4/2022 12:47:01,2494,2nd/Congress,2497,11th/Congress @ The Texas Capitol,10
26306373,Pay-as-you-ride,272G,classic,2/4/2022 20:07:08,2494,2nd/Congress,2497,11th/Congress @ The Texas Capitol,12
26327457,3-Day Weekender,21698,electric,5/4/2022 12:45:54,2494,2nd/Congress,2497,11th/Congress @ The Texas Capitol,13
26483412,3-Day Weekender,18939,electric,23/4/2022 14:22:21,2494,2nd/Congress,2497,11th/Congress @ The Texas Capitol,6
26488404,24 Hour Walk Up Pass,21718,electric,23/4/2022 16:59:43,2494,2nd/Congress,2497,11th/Congress @ The Texas Capitol,14
26488395,24 Hour Walk Up Pass,593,classic,23/4/2022 16:59:27,2494,2nd/Congress,2497,11th/Congress @ The Texas Capitol,14
26516075,Explorer,21703,electric,26/4/2022 13:46:32,2494,2nd/Congress,2497,11th/Congress @ The Texas Capitol,24
27208053,24 Hour Walk Up Pass,035G,classic,16/7/2022 12:50:21,2494,2nd/Congress,2497,11th/Congress @ The Texas Capitol,14
27084981,Explorer,513,classic,3/7/2022 11:04:50,2494,2nd/Congress,2497,11th/Congress @ The Texas Capitol,36
27084778,Explorer,21419,electric,3/7/2022 10:47:39,2494,2nd/Congress,2497,11th/Congress @ The Texas Capitol,52
27084974,Explorer,097G,classic,3/7/2022 11:04:11,2494,2nd/Congress,2497,11th/Congress @ The Texas Capitol,36
27085000,Explorer,1612,classic,3/7/2022 11:06:46,2494,2nd/Congress,2497,11th/Congress @ The Texas Capitol,33
27608120,24 Hour Walk Up Pass,21900,electric,27/8/2022 9:58:32,2494,2nd/Congress,2497,11th/Congress @ The Texas Capitol,10
27622350,Single Trip (Pay-as-you-ride),1524,classic,28/8/2022 11:45:39,2494,2nd/Congress,2497,11th/Congress @ The Texas Capitol,80
27622353,Single Trip (Pay-as-you-ride),759,classic,28/8/2022 11:45:55,2494,2nd/Congress,2497,11th/Congress @ The Texas Capitol,80
27679698,3-Day Weekender,21492,electric,2/9/2022 11:46:11,2494,2nd/Congress,2497,11th/Congress @ The Texas Capitol,32
27863822,24 Hour Walk Up Pass,409,classic,17/9/2022 9:19:54,2494,2nd/Congress,2497,11th/Congress @ The Texas Capitol,21
27865607,Explorer,19386,electric,17/9/2022 11:41:47,2494,2nd/Congress,2497,11th/Congress @ The Texas Capitol,19
28245089,Local31,21702,electric,19/10/2022 18:37:58,2494,2nd/Congress,2497,11th/Congress @ The Texas Capitol,62
28273214,Local31,21789,electric,22/10/2022 12:54:59,2494,2nd/Congress,2497,11th/Congress @ The Texas Capitol,13
28078217,Pay-as-you-ride,21659,electric,4/10/2022 17:24:15,2494,2nd/Congress,2497,11th/Congress @ The Texas Capitol,14
28154470,3-Day Weekender,18971,electric,11/10/2022 10:08:26,2494,2nd/Congress,2497,11th/Congress @ The Texas Capitol,7
28262542,Pay-as-you-ride,19583,electric,21/10/2022 14:09:33,2494,2nd/Congress,2497,11th/Congress @ The Texas Capitol,18
28223618,Explorer,995,classic,17/10/2022 13:29:35,2494,2nd/Congress,2497,11th/Congress @ The Texas Capitol,12
28273281,Explorer,57,classic,22/10/2022 12:58:36,2494,2nd/Congress,2497,11th/Congress @ The Texas Capitol,9
28262564,Pay-as-you-ride,16935,electric,21/10/2022 14:10:53,2494,2nd/Congress,2497,11th/Congress @ The Texas Capitol,132
28262394,Pay-as-you-ride,21496,electric,21/10/2022 14:00:30,2494,2nd/Congress,2497,11th/Congress @ The Texas Capitol,27
28432812,24 Hour Walk Up Pass,23318,electric,8/11/2022 10:59:23,2494,2nd/Congress,,11th/Congress @ The Texas Capitol,17
28432900,24 Hour Walk Up Pass,19943,electric,8/11/2022 11:05:36,2494,2nd/Congress,,11th/Congress @ The Texas Capitol,10
28424793,Local31,18564,electric,7/11/2022 12:21:57,2494,2nd/Congress,,11th/Congress @ The Texas Capitol,63
23541195,3-Day Weekender,21546,electric,23/2/2021 16:01:24,2494,2nd/Congress,2497,11th/Congress @ The Texas Capitol,15
23541257,Local31,19678,electric,23/2/2021 16:10:39,2494,2nd/Congress,2497,11th/Congress @ The Texas Capitol,6
23534141,Local31,19418,electric,21/2/2021 18:35:28,2494,2nd/Congress,2497,11th/Congress @ The Texas Capitol,39
23386404,24 Hour Walk Up Pass,14151,classic,5/1/2021 10:46:12,2494,2nd/Congress,2497,11th/Congress @ The Texas Capitol,30
23699911,Local365,21752,electric,23/3/2021 13:56:13,2494,2nd/Congress,2497,11th/Congress @ The Texas Capitol,8
23602871,Single Trip (Pay-as-you-ride),17374,electric,8/3/2021 12:04:41,2494,2nd/Congress,2497,11th/Congress @ The Texas Capitol,47
23626539,Local31,19163,electric,12/3/2021 17:22:14,2494,2nd/Congress,2497,11th/Congress @ The Texas Capitol,76
23665587,Explorer,19682,electric,19/3/2021 8:06:26,2494,2nd/Congress,2497,11th/Congress @ The Texas Capitol,9
23602896,Single Trip (Pay-as-you-ride),18923,electric,8/3/2021 12:09:37,2494,2nd/Congress,2497,11th/Congress @ The Texas Capitol,24
23602890,Single Trip (Pay-as-you-ride),21491,electric,8/3/2021 12:08:29,2494,2nd/Congress,2497,11th/Congress @ The Texas Capitol,43
23665586,Explorer,21751,electric,19/3/2021 8:06:19,2494,2nd/Congress,2497,11th/Congress @ The Texas Capitol,10
23642374,Pay-as-you-ride,19869,electric,15/3/2021 13:00:07,2494,2nd/Congress,2497,11th/Congress @ The Texas Capitol,29
23642431,Pay-as-you-ride,19040,electric,15/3/2021 13:07:41,2494,2nd/Congress,2497,11th/Congress @ The Texas Capitol,22
23750245,24 Hour Walk Up Pass,19427,electric,30/3/2021 15:08:38,2494,2nd/Congress,2497,11th/Congress @ The Texas Capitol,4
23636860,24 Hour Walk Up Pass,21903,electric,14/3/2021 12:04:08,2494,2nd/Congress,2497,11th/Congress @ The Texas Capitol,8
23636866,24 Hour Walk Up Pass,21826,electric,14/3/2021 12:04:45,2494,2nd/Congress,2497,11th/Congress @ The Texas Capitol,8
23643879,Explorer,19221,electric,15/3/2021 16:46:34,2494,2nd/Congress,2497,11th/Congress @ The Texas Capitol,56
23792497,Explorer,21497,electric,4/4/2021 16:23:48,2494,2nd/Congress,2497,11th/Congress @ The Texas Capitol,10
23887322,Explorer,19869,electric,17/4/2021 12:25:45,2494,2nd/Congress,2497,11th/Congress @ The Texas Capitol,8
23887315,Explorer,371,classic,17/4/2021 12:25:01,2494,2nd/Congress,2497,11th/Congress @ The Texas Capitol,8
23881149,Pay-as-you-ride,21428,electric,16/4/2021 12:45:29,2494,2nd/Congress,2497,11th/Congress @ The Texas Capitol,9
23768502,24 Hour Walk Up Pass,18792,electric,2/4/2021 11:44:12,2494,2nd/Congress,2497,11th/Congress @ The Texas Capitol,199
23881156,Pay-as-you-ride,240,classic,16/4/2021 12:46:33,2494,2nd/Congress,2497,11th/Congress @ The Texas Capitol,8
23768493,24 Hour Walk Up Pass,16279,electric,2/4/2021 11:42:54,2494,2nd/Congress,2497,11th/Congress @ The Texas Capitol,196
24171981,Local365,21691,electric,26/5/2021 14:02:24,2494,2nd/Congress,2497,11th/Congress @ The Texas Capitol,5
24208377,Local365,21788,electric,30/5/2021 22:34:37,2494,2nd/Congress,2497,11th/Congress @ The Texas Capitol,90
24042249,Pay-as-you-ride,21740,electric,8/5/2021 12:43:47,2494,2nd/Congress,2497,11th/Congress @ The Texas Capitol,10
24219847,Local31,311,classic,1/6/2021 9:53:16,2494,2nd/Congress,2497,11th/Congress @ The Texas Capitol,11
24360497,Local31,19734,electric,18/6/2021 15:11:55,2494,2nd/Congress,2497,11th/Congress @ The Texas Capitol,9
24343250,Pay-as-you-ride,19040,electric,16/6/2021 11:19:59,2494,2nd/Congress,2497,11th/Congress @ The Texas Capitol,11
24360496,Local31,21744,electric,18/6/2021 15:11:55,2494,2nd/Congress,2497,11th/Congress @ The Texas Capitol,10
24440186,Single Trip (Pay-as-you-ride),21749,electric,28/6/2021 10:26:05,2494,2nd/Congress,2497,11th/Congress @ The Texas Capitol,24
24313582,24 Hour Walk Up Pass,21718,electric,12/6/2021 15:56:04,2494,2nd/Congress,2497,11th/Congress @ The Texas Capitol,61
24284222,Explorer,21774,electric,9/6/2021 11:03:01,2494,2nd/Congress,2497,11th/Congress @ The Texas Capitol,50
24287811,Explorer,21774,electric,9/6/2021 16:39:58,2494,2nd/Congress,2497,11th/Congress @ The Texas Capitol,29
24277025,24 Hour Walk Up Pass,19160,electric,8/6/2021 12:20:17,2494,2nd/Congress,2497,11th/Congress @ The Texas Capitol,9
24284210,Explorer,16279,electric,9/6/2021 11:02:05,2494,2nd/Congress,2497,11th/Congress @ The Texas Capitol,22
24287805,Explorer,16279,electric,9/6/2021 16:39:26,2494,2nd/Congress,2497,11th/Congress @ The Texas Capitol,29
24440196,Single Trip (Pay-as-you-ride),21639,electric,28/6/2021 10:27:51,2494,2nd/Congress,2497,11th/Congress @ The Texas Capitol,23
24343196,Pay-as-you-ride,21728,electric,16/6/2021 11:15:34,2494,2nd/Congress,2497,11th/Congress @ The Texas Capitol,14
24460754,Single Trip (Pay-as-you-ride),21428,electric,1/7/2021 11:47:24,2494,2nd/Congress,2497,11th/Congress @ The Texas Capitol,20
24469132,24 Hour Walk Up Pass,19453,electric,2/7/2021 12:34:32,2494,2nd/Congress,2497,11th/Congress @ The Texas Capitol,10
24460764,Single Trip (Pay-as-you-ride),12802,classic,1/7/2021 11:48:34,2494,2nd/Congress,2497,11th/Congress @ The Texas Capitol,19
24599590,24 Hour Walk Up Pass,19606,electric,17/7/2021 14:36:40,2494,2nd/Congress,2497,11th/Congress @ The Texas Capitol,11
24599598,Single Trip (Pay-as-you-ride),21528,electric,17/7/2021 14:37:16,2494,2nd/Congress,2497,11th/Congress @ The Texas Capitol,10
24460786,Single Trip (Pay-as-you-ride),1565,classic,1/7/2021 11:51:09,2494,2nd/Congress,2497,11th/Congress @ The Texas Capitol,16
24501075,Single Trip (Pay-as-you-ride),21639,electric,5/7/2021 14:26:10,2494,2nd/Congress,2497,11th/Congress @ The Texas Capitol,60
24930038,Explorer,21575,electric,25/8/2021 12:29:54,2494,2nd/Congress,2497,11th/Congress @ The Texas Capitol,43
24938909,Explorer,19328,electric,26/8/2021 11:58:13,2494,2nd/Congress,2497,11th/Congress @ The Texas Capitol,23
25053161,24 Hour Walk Up Pass,18929,electric,6/9/2021 14:59:36,2494,2nd/Congress,2497,11th/Congress @ The Texas Capitol,18
24997629,Local365,19619,electric,1/9/2021 11:57:40,2494,2nd/Congress,2497,11th/Congress @ The Texas Capitol,31
25053180,24 Hour Walk Up Pass,16845,electric,6/9/2021 15:00:43,2494,2nd/Congress,2497,11th/Congress @ The Texas Capitol,17
25151070,Student Membership,19148,electric,16/9/2021 17:04:29,2494,2nd/Congress,2497,11th/Congress @ The Texas Capitol,9
25053273,24 Hour Walk Up Pass,19682,electric,6/9/2021 15:07:25,2494,2nd/Congress,2497,11th/Congress @ The Texas Capitol,10
25408722,Local365,21486,electric,13/10/2021 14:24:37,2494,2nd/Congress,2497,11th/Congress @ The Texas Capitol,5
25417804,3-Day Weekender,21790,electric,14/10/2021 13:38:07,2494,2nd/Congress,2497,11th/Congress @ The Texas Capitol,31
25675970,Explorer,16410,electric,18/11/2021 11:36:26,2494,2nd/Congress,2497,11th/Congress @ The Texas Capitol,10
25593013,24 Hour Walk Up Pass,21653,electric,6/11/2021 12:45:19,2494,2nd/Congress,2497,11th/Congress @ The Texas Capitol,26
25593122,24 Hour Walk Up Pass,16881,electric,6/11/2021 12:53:15,2494,2nd/Congress,2497,11th/Congress @ The Texas Capitol,18
25608977,3-Day Weekender,19608,electric,8/11/2021 9:26:27,2494,2nd/Congress,2497,11th/Congress @ The Texas Capitol,16
25593588,Explorer,21742,electric,6/11/2021 13:29:29,2494,2nd/Congress,2497,11th/Congress @ The Texas Capitol,11
25675972,Explorer,17635,electric,18/11/2021 11:37:17,2494,2nd/Congress,2497,11th/Congress @ The Texas Capitol,9
25593061,24 Hour Walk Up Pass,19675,electric,6/11/2021 12:47:50,2494,2nd/Congress,2497,11th/Congress @ The Texas Capitol,24
25593564,Explorer,22196,electric,6/11/2021 13:27:37,2494,2nd/Congress,2497,11th/Congress @ The Texas Capitol,13
25608978,3-Day Weekender,21495,electric,8/11/2021 9:26:30,2494,2nd/Congress,2497,11th/Congress @ The Texas Capitol,16
25831691,Explorer,21803,electric,21/12/2021 14:11:12,2494,2nd/Congress,2497,11th/Congress @ The Texas Capitol,48
25831679,3-Day Weekender,19432,electric,21/12/2021 14:09:24,2494,2nd/Congress,2497,11th/Congress @ The Texas Capitol,50
25831675,Pay-as-you-ride,22174,electric,21/12/2021 14:08:48,2494,2nd/Congress,2497,11th/Congress @ The Texas Capitol,51
25862449,24 Hour Walk Up Pass,16288,electric,29/12/2021 16:32:13,2494,2nd/Congress,2497,11th/Congress @ The Texas Capitol,9
25868537,Single Trip (Pay-as-you-ride),21422,electric,31/12/2021 11:32:19,2494,2nd/Congress,2497,11th/Congress @ The Texas Capitol,8
25868534,Single Trip (Pay-as-you-ride),21699,electric,31/12/2021 11:32:09,2494,2nd/Congress,2497,11th/Congress @ The Texas Capitol,8
21504186,Single Trip (Pay-as-you-ride),281,classic,24/1/2020 14:29:13,2494,2nd/Congress,2497,11th/Congress @ The Texas Capitol,8
21507248,Explorer,1851,classic,25/1/2020 12:33:23,2494,2nd/Congress,2497,11th/Congress @ The Texas Capitol,10
21504182,Single Trip (Pay-as-you-ride),23,classic,24/1/2020 14:28:32,2494,2nd/Congress,2497,11th/Congress @ The Texas Capitol,9
21746410,Local365,19160,electric,31/3/2020 12:14:32,2494,2nd/Congress,2497,11th/Congress @ The Texas Capitol,5
21652958,Single Trip (Pay-as-you-ride),19545,electric,6/3/2020 11:17:17,2494,2nd/Congress,2497,11th/Congress @ The Texas Capitol,11
25880173,Pay-as-you-ride,21682,electric,3/1/2022 18:40:32,2494,2nd/Congress,2497,11th/Congress @ The Texas Capitol,12
25912750,Local31,21789,electric,15/1/2022 17:12:14,2494,2nd/Congress,2497,11th/Congress @ The Texas Capitol,40
25988315,Local365,21800,electric,7/2/2022 12:37:58,2494,2nd/Congress,2497,11th/Congress @ The Texas Capitol,5
26864406,24 Hour Walk Up Pass,16935,electric,8/6/2022 13:46:51,2494,2nd/Congress,2497,11th/Congress @ The Texas Capitol,16
27000864,Local31,22530,electric,24/6/2022 7:42:35,2494,2nd/Congress,2497,11th/Congress @ The Texas Capitol,4
26864332,24 Hour Walk Up Pass,19678,electric,8/6/2022 13:35:58,2494,2nd/Congress,2497,11th/Congress @ The Texas Capitol,27
26915271,Student Membership,21709,electric,14/6/2022 19:01:49,2494,2nd/Congress,2497,11th/Congress @ The Texas Capitol,8
26926892,Explorer,19453,electric,16/6/2022 6:12:27,2494,2nd/Congress,2497,11th/Congress @ The Texas Capitol,7
26790387,Local31,21561,electric,30/5/2022 0:08:48,2494,2nd/Congress,2497,11th/Congress @ The Texas Capitol,20
26711408,Local365,19251,electric,19/5/2022 12:41:34,2499,2nd/Lavaca @ City Hall,2497,11th/Congress @ The Texas Capitol,6
26571302,3-Day Weekender,5089,classic,2/5/2022 15:31:50,2499,2nd/Lavaca @ City Hall,2497,11th/Congress @ The Texas Capitol,15
26571293,3-Day Weekender,2459,classic,2/5/2022 15:30:33,2499,2nd/Lavaca @ City Hall,2497,11th/Congress @ The Texas Capitol,16
26571301,3-Day Weekender,1277,classic,2/5/2022 15:31:35,2499,2nd/Lavaca @ City Hall,2497,11th/Congress @ The Texas Capitol,15
26690734,Local31,278,classic,16/5/2022 16:20:16,2499,2nd/Lavaca @ City Hall,2497,11th/Congress @ The Texas Capitol,9
26667599,Explorer,19529,electric,14/5/2022 10:43:56,2499,2nd/Lavaca @ City Hall,2497,11th/Congress @ The Texas Capitol,10
26101282,Pay-as-you-ride,19285,electric,3/3/2022 15:26:50,2499,2nd/Lavaca @ City Hall,2497,11th/Congress @ The Texas Capitol,81
26115308,Explorer,561,classic,5/3/2022 15:53:38,2499,2nd/Lavaca @ City Hall,2497,11th/Congress @ The Texas Capitol,24
26133501,Local31,19251,electric,9/3/2022 13:01:25,2499,2nd/Lavaca @ City Hall,2497,11th/Congress @ The Texas Capitol,111
26115301,Explorer,1782,classic,5/3/2022 15:53:22,2499,2nd/Lavaca @ City Hall,2497,11th/Congress @ The Texas Capitol,24
26366997,Pay-as-you-ride,19602,electric,10/4/2022 9:33:33,2499,2nd/Lavaca @ City Hall,2497,11th/Congress @ The Texas Capitol,46
27330244,3-Day Weekender,1612,classic,29/7/2022 17:38:05,2499,2nd/Lavaca @ City Hall,2497,11th/Congress @ The Texas Capitol,73
27241714,Explorer,1277,classic,19/7/2022 21:51:52,2499,2nd/Lavaca @ City Hall,2497,11th/Congress @ The Texas Capitol,592
27205701,Local31,21491,electric,16/7/2022 9:37:37,2499,2nd/Lavaca @ City Hall,2497,11th/Congress @ The Texas Capitol,39
27669390,Pay-as-you-ride,097G,classic,1/9/2022 14:15:23,2499,2nd/Lavaca @ City Hall,2497,11th/Congress @ The Texas Capitol,20
28056480,Local31,19745,electric,2/10/2022 19:11:07,2499,2nd/Lavaca @ City Hall,2497,11th/Congress @ The Texas Capitol,24
28327078,3-Day Weekender,21427,electric,27/10/2022 17:22:00,2499,2nd/Lavaca @ City Hall,2497,11th/Congress @ The Texas Capitol,12
28407878,Pay-as-you-ride,871,classic,5/11/2022 13:08:28,2499,2nd/Lavaca @ City Hall,,11th/Congress @ The Texas Capitol,14
28643497,Local31,19479,electric,15/12/2022 16:45:21,2499,2nd/Lavaca @ City Hall,2497,11th/Congress @ The Texas Capitol,8
28679606,3-Day Weekender,21703,electric,30/12/2022 14:25:51,2499,2nd/Lavaca @ City Hall,2497,11th/Congress @ The Texas Capitol,11
28679605,3-Day Weekender,21859,electric,30/12/2022 14:25:32,2499,2nd/Lavaca @ City Hall,2497,11th/Congress @ The Texas Capitol,11
23552267,Local31,19355,electric,26/2/2021 12:14:37,2499,2nd/Lavaca @ City Hall,2497,11th/Congress @ The Texas Capitol,96
23578264,Local365,17460,electric,4/3/2021 12:27:08,2499,2nd/Lavaca @ City Hall,2497,11th/Congress @ The Texas Capitol,8
23781158,Explorer,21739,electric,3/4/2021 16:07:35,2499,2nd/Lavaca @ City Hall,2497,11th/Congress @ The Texas Capitol,23
24054179,Local365,19437,electric,9/5/2021 19:36:06,2499,2nd/Lavaca @ City Hall,2497,11th/Congress @ The Texas Capitol,23
24114502,Local31,21712,electric,18/5/2021 11:36:04,2499,2nd/Lavaca @ City Hall,2497,11th/Congress @ The Texas Capitol,7
24336649,Local31,16410,electric,15/6/2021 12:41:38,2499,2nd/Lavaca @ City Hall,2497,11th/Congress @ The Texas Capitol,19
24311261,24 Hour Walk Up Pass,983,classic,12/6/2021 12:31:50,2499,2nd/Lavaca @ City Hall,2497,11th/Congress @ The Texas Capitol,15
24311269,24 Hour Walk Up Pass,937,classic,12/6/2021 12:32:43,2499,2nd/Lavaca @ City Hall,2497,11th/Congress @ The Texas Capitol,14
25175790,3-Day Weekender,21546,electric,18/9/2021 20:21:31,2499,2nd/Lavaca @ City Hall,2497,11th/Congress @ The Texas Capitol,6
25099832,3-Day Weekender,19132,electric,11/9/2021 14:55:05,2499,2nd/Lavaca @ City Hall,2497,11th/Congress @ The Texas Capitol,14
25175781,24 Hour Walk Up Pass,21697,electric,18/9/2021 20:21:07,2499,2nd/Lavaca @ City Hall,2497,11th/Congress @ The Texas Capitol,6
25294605,24 Hour Walk Up Pass,983,classic,1/10/2021 23:18:08,2499,2nd/Lavaca @ City Hall,2497,11th/Congress @ The Texas Capitol,9
25419499,Single Trip (Pay-as-you-ride),19679,electric,14/10/2021 16:30:25,2499,2nd/Lavaca @ City Hall,2497,11th/Congress @ The Texas Capitol,20
25611093,24 Hour Walk Up Pass,17019,electric,8/11/2021 13:19:28,2499,2nd/Lavaca @ City Hall,2497,11th/Congress @ The Texas Capitol,73
25585336,24 Hour Walk Up Pass,113,classic,5/11/2021 12:16:34,2499,2nd/Lavaca @ City Hall,2497,11th/Congress @ The Texas Capitol,47
25585344,24 Hour Walk Up Pass,326,classic,5/11/2021 12:17:23,2499,2nd/Lavaca @ City Hall,2497,11th/Congress @ The Texas Capitol,46
25562813,Local365,21440,electric,1/11/2021 12:45:01,2499,2nd/Lavaca @ City Hall,2497,11th/Congress @ The Texas Capitol,4
25625257,Local31,19427,electric,10/11/2021 13:05:03,2499,2nd/Lavaca @ City Hall,2497,11th/Congress @ The Texas Capitol,50
25841477,Explorer,21676,electric,24/12/2021 15:39:18,2499,2nd/Lavaca @ City Hall,2497,11th/Congress @ The Texas Capitol,7
25816995,Pay-as-you-ride,21576,electric,16/12/2021 9:41:01,2499,2nd/Lavaca @ City Hall,2497,11th/Congress @ The Texas Capitol,8
25789289,Single Trip (Pay-as-you-ride),387,classic,10/12/2021 10:42:01,2499,2nd/Lavaca @ City Hall,2497,11th/Congress @ The Texas Capitol,15
25849082,Student Membership,19488,electric,26/12/2021 15:45:15,2499,2nd/Lavaca @ City Hall,2497,11th/Congress @ The Texas Capitol,54
25816962,Pay-as-you-ride,21789,electric,16/12/2021 9:34:32,2499,2nd/Lavaca @ City Hall,2497,11th/Congress @ The Texas Capitol,15
25869090,24 Hour Walk Up Pass,255G,classic,31/12/2021 12:58:34,2499,2nd/Lavaca @ City Hall,2497,11th/Congress @ The Texas Capitol,51
25789299,Single Trip (Pay-as-you-ride),867,classic,10/12/2021 10:43:04,2499,2nd/Lavaca @ City Hall,2497,11th/Congress @ The Texas Capitol,14
25841473,Explorer,21751,electric,24/12/2021 15:39:00,2499,2nd/Lavaca @ City Hall,2497,11th/Congress @ The Texas Capitol,7
21639942,Local365+Guest Pass,104,classic,3/3/2020 11:54:46,2499,2nd/Lavaca @ City Hall,2497,11th/Congress @ The Texas Capitol,22
21785317,Local365,18929,electric,12/4/2020 17:46:01,2499,2nd/Lavaca @ City Hall,2497,11th/Congress @ The Texas Capitol,8
21784723,24 Hour Walk Up Pass,16855,electric,12/4/2020 15:36:21,2499,2nd/Lavaca @ City Hall,2497,11th/Congress @ The Texas Capitol,11
26015085,Student Membership,21829,electric,12/2/2022 16:26:53,2499,2nd/Lavaca @ City Hall,2497,11th/Congress @ The Texas Capitol,11
26076501,Explorer,21799,electric,27/2/2022 10:33:57,2499,2nd/Lavaca @ City Hall,2497,11th/Congress @ The Texas Capitol,37
26076495,Explorer,19386,electric,27/2/2022 10:31:46,2499,2nd/Lavaca @ City Hall,2497,11th/Congress @ The Texas Capitol,39
27048046,Local31,21654,electric,29/6/2022 10:13:59,2499,2nd/Lavaca @ City Hall,2497,11th/Congress @ The Texas Capitol,38
27007020,Local31,21659,electric,24/6/2022 18:34:07,2499,2nd/Lavaca @ City Hall,2497,11th/Congress @ The Texas Capitol,45
26571280,3-Day Weekender,16456,electric,2/5/2022 15:28:48,2499,2nd/Lavaca @ City Hall,2497,11th/Congress @ The Texas Capitol,18
26650415,Local31,19085,electric,12/5/2022 12:59:20,2499,2nd/Lavaca @ City Hall,2497,11th/Congress @ The Texas Capitol,11
26757733,Local365,21792,electric,26/5/2022 8:31:50,3621,3rd/Nueces,2497,11th/Congress @ The Texas Capitol,6
26601526,Local365,19271,electric,6/5/2022 17:25:54,3621,3rd/Nueces,2497,11th/Congress @ The Texas Capitol,27
26758416,Local31,19720,electric,26/5/2022 10:41:01,3621,3rd/Nueces,2497,11th/Congress @ The Texas Capitol,17
26143380,3-Day Weekender,16279,electric,11/3/2022 13:22:18,3621,3rd/Nueces,2497,11th/Congress @ The Texas Capitol,10
26167205,Local365,21666,electric,15/3/2022 14:47:23,3621,3rd/Nueces,2497,11th/Congress @ The Texas Capitol,39
26501021,24 Hour Walk Up Pass,21472,electric,24/4/2022 15:56:06,3621,3rd/Nueces,2497,11th/Congress @ The Texas Capitol,51
26497522,3-Day Weekender,16456,electric,24/4/2022 12:24:09,3621,3rd/Nueces,2497,11th/Congress @ The Texas Capitol,10
26466484,Local365,21868,electric,21/4/2022 20:44:58,3621,3rd/Nueces,2497,11th/Congress @ The Texas Capitol,13
26497533,3-Day Weekender,21514,electric,24/4/2022 12:25:01,3621,3rd/Nueces,2497,11th/Congress @ The Texas Capitol,9
27160490,Local31,16828,electric,11/7/2022 12:04:59,3621,3rd/Nueces,2497,11th/Congress @ The Texas Capitol,39
27608809,Local31,21427,electric,27/8/2022 10:54:03,3621,3rd/Nueces,2497,11th/Congress @ The Texas Capitol,25
27516151,U.T. Student Membership,21689,electric,19/8/2022 12:35:38,3621,3rd/Nueces,2497,11th/Congress @ The Texas Capitol,8
27729996,Local31,21585,electric,6/9/2022 12:58:19,3621,3rd/Nueces,2497,11th/Congress @ The Texas Capitol,53
27874538,3-Day Weekender,21739,electric,17/9/2022 21:43:35,3621,3rd/Nueces,2497,11th/Congress @ The Texas Capitol,13
28111811,Local31,21496,electric,7/10/2022 15:17:14,3621,3rd/Nueces,2497,11th/Congress @ The Texas Capitol,9
28253691,Local365,21495,electric,20/10/2022 16:20:47,3621,3rd/Nueces,2497,11th/Congress @ The Texas Capitol,7
28282782,3-Day Weekender,19780,electric,23/10/2022 9:24:21,3621,3rd/Nueces,2497,11th/Congress @ The Texas Capitol,9
28502613,Local365,072G,classic,18/11/2022 8:38:10,3621,3rd/Nueces,,11th/Congress @ The Texas Capitol,7
23467135,Explorer,19552,electric,30/1/2021 12:21:18,3621,3rd/Nueces,2497,11th/Congress @ The Texas Capitol,16
23415711,Local365,19214,electric,15/1/2021 12:55:26,3621,3rd/Nueces,2497,11th/Congress @ The Texas Capitol,9
23467137,Explorer,18684,electric,30/1/2021 12:21:32,3621,3rd/Nueces,2497,11th/Congress @ The Texas Capitol,16
23717933,Explorer,21774,electric,26/3/2021 13:55:26,3621,3rd/Nueces,2497,11th/Congress @ The Texas Capitol,12
23717936,Explorer,664,classic,26/3/2021 13:55:38,3621,3rd/Nueces,2497,11th/Congress @ The Texas Capitol,12
23952522,3-Day Weekender,19437,electric,26/4/2021 9:45:32,3621,3rd/Nueces,2497,11th/Congress @ The Texas Capitol,40
23840993,24 Hour Walk Up Pass,21875,electric,10/4/2021 15:22:30,3621,3rd/Nueces,2497,11th/Congress @ The Texas Capitol,25
23841013,24 Hour Walk Up Pass,2286,classic,10/4/2021 15:23:29,3621,3rd/Nueces,2497,11th/Congress @ The Texas Capitol,24
24033827,24 Hour Walk Up Pass,21440,electric,7/5/2021 11:54:45,3621,3rd/Nueces,2497,11th/Congress @ The Texas Capitol,32
24033823,24 Hour Walk Up Pass,21688,electric,7/5/2021 11:53:56,3621,3rd/Nueces,2497,11th/Congress @ The Texas Capitol,33
24298852,Local31,19424,electric,10/6/2021 21:42:04,3621,3rd/Nueces,2497,11th/Congress @ The Texas Capitol,20
24417296,Pay-as-you-ride,21408,electric,25/6/2021 14:45:49,3621,3rd/Nueces,2497,11th/Congress @ The Texas Capitol,15
24381472,Local365,21654,electric,20/6/2021 17:37:32,3621,3rd/Nueces,2497,11th/Congress @ The Texas Capitol,7
24417287,Pay-as-you-ride,21733,electric,25/6/2021 14:44:50,3621,3rd/Nueces,2497,11th/Congress @ The Texas Capitol,16
24337988,Local365,21695,electric,15/6/2021 15:49:08,3621,3rd/Nueces,2497,11th/Congress @ The Texas Capitol,52
24219588,Local365,21733,electric,1/6/2021 9:12:02,3621,3rd/Nueces,2497,11th/Congress @ The Texas Capitol,27
24417272,Pay-as-you-ride,19442,electric,25/6/2021 14:42:55,3621,3rd/Nueces,2497,11th/Congress @ The Texas Capitol,18
24242244,Local365,19427,electric,4/6/2021 13:44:45,3621,3rd/Nueces,2497,11th/Congress @ The Texas Capitol,42
24298851,Local31,21723,electric,10/6/2021 21:42:02,3621,3rd/Nueces,2497,11th/Congress @ The Texas Capitol,20
24859169,Local365,21610,electric,18/8/2021 8:41:15,3621,3rd/Nueces,2497,11th/Congress @ The Texas Capitol,18
24725326,Local365,17370,electric,1/8/2021 9:17:28,3621,3rd/Nueces,2497,11th/Congress @ The Texas Capitol,28
25261241,Local31,18971,electric,28/9/2021 6:51:11,3621,3rd/Nueces,2497,11th/Congress @ The Texas Capitol,5
25014278,Local365,21496,electric,3/9/2021 9:23:20,3621,3rd/Nueces,2497,11th/Congress @ The Texas Capitol,5
25327003,24 Hour Walk Up Pass,105G,classic,5/10/2021 14:18:17,3621,3rd/Nueces,2497,11th/Congress @ The Texas Capitol,16
25505146,Local31,21725,electric,24/10/2021 9:43:38,3621,3rd/Nueces,2497,11th/Congress @ The Texas Capitol,52
25334768,Local365,21514,electric,6/10/2021 12:52:14,3621,3rd/Nueces,2497,11th/Congress @ The Texas Capitol,20
25326985,24 Hour Walk Up Pass,1627,classic,5/10/2021 14:17:16,3621,3rd/Nueces,2497,11th/Congress @ The Texas Capitol,17
25318509,Explorer,353G,classic,4/10/2021 14:21:22,3621,3rd/Nueces,2497,11th/Congress @ The Texas Capitol,47
25316834,3-Day Weekender,21725,electric,4/10/2021 11:29:14,3621,3rd/Nueces,2497,11th/Congress @ The Texas Capitol,18
25374303,Local31,19935,electric,10/10/2021 9:26:58,3621,3rd/Nueces,2497,11th/Congress @ The Texas Capitol,11
25316839,3-Day Weekender,21895,electric,4/10/2021 11:29:43,3621,3rd/Nueces,2497,11th/Congress @ The Texas Capitol,18
25318508,Explorer,409,classic,4/10/2021 14:21:17,3621,3rd/Nueces,2497,11th/Congress @ The Texas Capitol,45
25343809,Student Membership,22567,electric,7/10/2021 14:17:51,3621,3rd/Nueces,2497,11th/Congress @ The Texas Capitol,15
21489336,Republic Rider (Annual),735,classic,20/1/2020 9:55:43,3621,3rd/Nueces,2497,11th/Congress @ The Texas Capitol,20
21489334,Republic Rider (Annual),375G,classic,20/1/2020 9:55:26,3621,3rd/Nueces,2497,11th/Congress @ The Texas Capitol,20
21692992,Explorer,19677,electric,14/3/2020 15:47:19,3621,3rd/Nueces,2497,11th/Congress @ The Texas Capitol,56
21692995,Explorer,19211,electric,14/3/2020 15:47:26,3621,3rd/Nueces,2497,11th/Congress @ The Texas Capitol,56
21851772,Local30,19211,electric,29/4/2020 17:12:26,3621,3rd/Nueces,2497,11th/Congress @ The Texas Capitol,48
21850291,Explorer,19869,electric,29/4/2020 11:15:47,3621,3rd/Nueces,2497,11th/Congress @ The Texas Capitol,14
21785653,Local365,19706,electric,12/4/2020 19:07:15,3621,3rd/Nueces,2497,11th/Congress @ The Texas Capitol,58
26869351,Local365,1967,classic,9/6/2022 8:43:35,3621,3rd/Nueces,2497,11th/Congress @ The Texas Capitol,7
26975424,Local31,21426,electric,21/6/2022 10:50:35,3621,3rd/Nueces,2497,11th/Congress @ The Texas Capitol,37
26640388,Local31,21733,electric,11/5/2022 13:57:51,3621,3rd/Nueces,2497,11th/Congress @ The Texas Capitol,20
26560047,3-Day Weekender,19401,electric,1/5/2022 10:31:03,2539,3rd/Trinity @ The Convention Center,2497,11th/Congress @ The Texas Capitol,9
26708190,Local31,21467,electric,18/5/2022 20:50:41,2539,3rd/Trinity @ The Convention Center,2497,11th/Congress @ The Texas Capitol,24
26119198,3-Day Weekender,774,classic,6/3/2022 9:13:46,2539,3rd/Trinity @ The Convention Center,2497,11th/Congress @ The Texas Capitol,13
26132274,Local365,23318,electric,9/3/2022 8:24:16,2539,3rd/Trinity @ The Convention Center,2497,11th/Congress @ The Texas Capitol,5
26152523,Pay-as-you-ride,19576,electric,13/3/2022 13:31:24,2539,3rd/Trinity @ The Convention Center,2497,11th/Congress @ The Texas Capitol,57
26119199,3-Day Weekender,034G,classic,6/3/2022 9:14:52,2539,3rd/Trinity @ The Convention Center,2497,11th/Congress @ The Texas Capitol,12
26433394,Local365,21551,electric,18/4/2022 8:30:44,2539,3rd/Trinity @ The Convention Center,2497,11th/Congress @ The Texas Capitol,5
27307781,3-Day Weekender,19619,electric,27/7/2022 9:15:39,2539,3rd/Trinity @ The Convention Center,2497,11th/Congress @ The Texas Capitol,15
27273325,Explorer,21490,electric,23/7/2022 12:11:39,2539,3rd/Trinity @ The Convention Center,2497,11th/Congress @ The Texas Capitol,9
27262456,Explorer,1585,classic,22/7/2022 10:36:42,2539,3rd/Trinity @ The Convention Center,2497,11th/Congress @ The Texas Capitol,23
27262463,Explorer,1641,classic,22/7/2022 10:37:40,2539,3rd/Trinity @ The Convention Center,2497,11th/Congress @ The Texas Capitol,22
27221612,Explorer,17019,electric,17/7/2022 17:34:24,2539,3rd/Trinity @ The Convention Center,2497,11th/Congress @ The Texas Capitol,56
27093344,Local31,066G,classic,4/7/2022 1:00:57,2539,3rd/Trinity @ The Convention Center,2497,11th/Congress @ The Texas Capitol,29
27439862,Local31,16828,electric,10/8/2022 19:11:28,2539,3rd/Trinity @ The Convention Center,2497,11th/Congress @ The Texas Capitol,56
27596627,Explorer,19679,electric,26/8/2022 12:01:31,2539,3rd/Trinity @ The Convention Center,2497,11th/Congress @ The Texas Capitol,9
27598771,Pay-as-you-ride,19870,electric,26/8/2022 14:19:26,2539,3rd/Trinity @ The Convention Center,2497,11th/Congress @ The Texas Capitol,16
27536712,3-Day Weekender,123,classic,21/8/2022 9:14:58,2539,3rd/Trinity @ The Convention Center,2497,11th/Congress @ The Texas Capitol,25
27393953,Pay-as-you-ride,21561,electric,5/8/2022 16:54:45,2539,3rd/Trinity @ The Convention Center,2497,11th/Congress @ The Texas Capitol,32
27484303,3-Day Weekender,16277,electric,16/8/2022 8:51:12,2539,3rd/Trinity @ The Convention Center,2497,11th/Congress @ The Texas Capitol,12
27610079,Explorer,19789,electric,27/8/2022 12:22:07,2539,3rd/Trinity @ The Convention Center,2497,11th/Congress @ The Texas Capitol,10
27527649,Local365,21735,electric,20/8/2022 13:19:27,2539,3rd/Trinity @ The Convention Center,2497,11th/Congress @ The Texas Capitol,9
27954116,Local365,19132,electric,24/9/2022 12:53:55,2539,3rd/Trinity @ The Convention Center,2497,11th/Congress @ The Texas Capitol,58
27837365,3-Day Weekender,342,classic,15/9/2022 11:12:17,2539,3rd/Trinity @ The Convention Center,2497,11th/Congress @ The Texas Capitol,8
27954135,Local31,19730,electric,24/9/2022 12:55:09,2539,3rd/Trinity @ The Convention Center,2497,11th/Congress @ The Texas Capitol,56
27787431,Student Membership,2077,classic,10/9/2022 23:33:27,2539,3rd/Trinity @ The Convention Center,2497,11th/Congress @ The Texas Capitol,6
27954137,Local365,21772,electric,24/9/2022 12:55:13,2539,3rd/Trinity @ The Convention Center,2497,11th/Congress @ The Texas Capitol,57
27842003,Local31,21480,electric,15/9/2022 16:13:10,2539,3rd/Trinity @ The Convention Center,2497,11th/Congress @ The Texas Capitol,44
27986949,Local31,21703,electric,27/9/2022 9:45:40,2539,3rd/Trinity @ The Convention Center,2497,11th/Congress @ The Texas Capitol,12
28028031,Local31,21733,electric,30/9/2022 16:32:02,2539,3rd/Trinity @ The Convention Center,2497,11th/Congress @ The Texas Capitol,40
28332057,Explorer,22196,electric,28/10/2022 11:26:46,2539,3rd/Trinity @ The Convention Center,2497,11th/Congress @ The Texas Capitol,14
28142327,Explorer,19040,electric,10/10/2022 10:19:26,2539,3rd/Trinity @ The Convention Center,2497,11th/Congress @ The Texas Capitol,12
28332076,Explorer,21849,electric,28/10/2022 11:28:17,2539,3rd/Trinity @ The Convention Center,2497,11th/Congress @ The Texas Capitol,12
28521900,Local31,21774,electric,23/11/2022 10:20:32,2539,3rd/Trinity @ The Convention Center,,11th/Congress @ The Texas Capitol,38
28487226,Local31,19678,electric,15/11/2022 11:28:22,2539,3rd/Trinity @ The Convention Center,,11th/Congress @ The Texas Capitol,36
28371264,3-Day Weekender,153,classic,1/11/2022 11:40:12,2539,3rd/Trinity @ The Convention Center,,11th/Congress @ The Texas Capitol,33
28371266,3-Day Weekender,2459,classic,1/11/2022 11:40:31,2539,3rd/Trinity @ The Convention Center,,11th/Congress @ The Texas Capitol,33
28407674,Pay-as-you-ride,153,classic,5/11/2022 12:47:02,2539,3rd/Trinity @ The Convention Center,,11th/Congress @ The Texas Capitol,35
28407696,Pay-as-you-ride,21691,electric,5/11/2022 12:49:31,2539,3rd/Trinity @ The Convention Center,,11th/Congress @ The Texas Capitol,33
28407706,Pay-as-you-ride,920,classic,5/11/2022 12:50:28,2539,3rd/Trinity @ The Convention Center,,11th/Congress @ The Texas Capitol,32
28427821,Explorer,19688,electric,7/11/2022 16:15:33,2539,3rd/Trinity @ The Convention Center,,11th/Congress @ The Texas Capitol,28
28572281,Local31,16456,electric,2/12/2022 21:44:01,2539,3rd/Trinity @ The Convention Center,2497,11th/Congress @ The Texas Capitol,19
28579306,Local31,21586,electric,4/12/2022 2:29:49,2539,3rd/Trinity @ The Convention Center,2497,11th/Congress @ The Texas Capitol,13
28630557,Local31,21739,electric,12/12/2022 17:06:21,2539,3rd/Trinity @ The Convention Center,2497,11th/Congress @ The Texas Capitol,35
23484986,Local31,19213,electric,3/2/2021 20:31:32,2539,3rd/Trinity @ The Convention Center,2497,11th/Congress @ The Texas Capitol,48
23468922,Single Trip (Pay-as-you-ride),19132,electric,30/1/2021 16:28:14,2539,3rd/Trinity @ The Convention Center,2497,11th/Congress @ The Texas Capitol,21
23377933,24 Hour Walk Up Pass,19258,electric,3/1/2021 11:04:34,2539,3rd/Trinity @ The Convention Center,2497,11th/Congress @ The Texas Capitol,28
23468936,Single Trip (Pay-as-you-ride),16874,electric,30/1/2021 16:29:18,2539,3rd/Trinity @ The Convention Center,2497,11th/Congress @ The Texas Capitol,20
23434970,Local365,19608,electric,20/1/2021 13:05:09,2539,3rd/Trinity @ The Convention Center,2497,11th/Congress @ The Texas Capitol,7
23377927,24 Hour Walk Up Pass,17438,electric,3/1/2021 11:03:41,2539,3rd/Trinity @ The Convention Center,2497,11th/Congress @ The Texas Capitol,29
23377930,24 Hour Walk Up Pass,18266,electric,3/1/2021 11:04:08,2539,3rd/Trinity @ The Convention Center,2497,11th/Congress @ The Texas Capitol,28
23461204,Local31,21816,electric,28/1/2021 14:41:31,2539,3rd/Trinity @ The Convention Center,2497,11th/Congress @ The Texas Capitol,53
23755846,Single Trip (Pay-as-you-ride),577,classic,31/3/2021 14:17:58,2539,3rd/Trinity @ The Convention Center,2497,11th/Congress @ The Texas Capitol,12
23755835,Single Trip (Pay-as-you-ride),21849,electric,31/3/2021 14:16:56,2539,3rd/Trinity @ The Convention Center,2497,11th/Congress @ The Texas Capitol,13
23880731,24 Hour Walk Up Pass,21431,electric,16/4/2021 11:36:11,2539,3rd/Trinity @ The Convention Center,2497,11th/Congress @ The Texas Capitol,54
23880702,24 Hour Walk Up Pass,19265,electric,16/4/2021 11:32:13,2539,3rd/Trinity @ The Convention Center,2497,11th/Congress @ The Texas Capitol,59
24007516,Local31,19040,electric,3/5/2021 11:54:20,2539,3rd/Trinity @ The Convention Center,2497,11th/Congress @ The Texas Capitol,12
24184793,3-Day Weekender,21659,electric,28/5/2021 13:22:59,2539,3rd/Trinity @ The Convention Center,2497,11th/Congress @ The Texas Capitol,13
24184784,3-Day Weekender,19693,electric,28/5/2021 13:22:07,2539,3rd/Trinity @ The Convention Center,2497,11th/Congress @ The Texas Capitol,13
24194444,Single Trip (Pay-as-you-ride),666,classic,29/5/2021 16:25:10,2539,3rd/Trinity @ The Convention Center,2497,11th/Congress @ The Texas Capitol,14
24007520,Explorer,19314,electric,3/5/2021 11:54:37,2539,3rd/Trinity @ The Convention Center,2497,11th/Congress @ The Texas Capitol,14
24179181,3-Day Weekender,21585,electric,27/5/2021 14:28:12,2539,3rd/Trinity @ The Convention Center,2497,11th/Congress @ The Texas Capitol,49
24194403,Single Trip (Pay-as-you-ride),21676,electric,29/5/2021 16:22:05,2539,3rd/Trinity @ The Convention Center,2497,11th/Congress @ The Texas Capitol,17
24007519,Local31,19185,electric,3/5/2021 11:54:33,2539,3rd/Trinity @ The Convention Center,2497,11th/Congress @ The Texas Capitol,12
24321131,3-Day Weekender,303G,classic,13/6/2021 12:27:10,2539,3rd/Trinity @ The Convention Center,2497,11th/Congress @ The Texas Capitol,8
24403129,24 Hour Walk Up Pass,19196,electric,23/6/2021 15:52:13,2539,3rd/Trinity @ The Convention Center,2497,11th/Congress @ The Texas Capitol,30
24403097,24 Hour Walk Up Pass,19739,electric,23/6/2021 15:49:19,2539,3rd/Trinity @ The Convention Center,2497,11th/Congress @ The Texas Capitol,33
24385736,24 Hour Walk Up Pass,19221,electric,21/6/2021 12:15:49,2539,3rd/Trinity @ The Convention Center,2497,11th/Congress @ The Texas Capitol,13
24321127,3-Day Weekender,774,classic,13/6/2021 12:26:50,2539,3rd/Trinity @ The Convention Center,2497,11th/Congress @ The Texas Capitol,9
24422818,24 Hour Walk Up Pass,19783,electric,26/6/2021 10:11:49,2539,3rd/Trinity @ The Convention Center,2497,11th/Congress @ The Texas Capitol,7
24492575,Single Trip (Pay-as-you-ride),19847,electric,4/7/2021 17:06:33,2539,3rd/Trinity @ The Convention Center,2497,11th/Congress @ The Texas Capitol,15
24498993,3-Day Weekender,21755,electric,5/7/2021 10:54:54,2539,3rd/Trinity @ The Convention Center,2497,11th/Congress @ The Texas Capitol,9
24556474,Pay-as-you-ride,16276,electric,12/7/2021 7:48:39,2539,3rd/Trinity @ The Convention Center,2497,11th/Congress @ The Texas Capitol,9
24492620,Single Trip (Pay-as-you-ride),21576,electric,4/7/2021 17:09:32,2539,3rd/Trinity @ The Convention Center,2497,11th/Congress @ The Texas Capitol,12
24485080,Local31,21628,electric,3/7/2021 21:54:34,2539,3rd/Trinity @ The Convention Center,2497,11th/Congress @ The Texas Capitol,80
24464507,Explorer,19280,electric,1/7/2021 19:04:23,2539,3rd/Trinity @ The Convention Center,2497,11th/Congress @ The Texas Capitol,10
24464504,Explorer,21903,electric,1/7/2021 19:04:07,2539,3rd/Trinity @ The Convention Center,2497,11th/Congress @ The Texas Capitol,10
24498988,3-Day Weekender,19160,electric,5/7/2021 10:54:30,2539,3rd/Trinity @ The Convention Center,2497,11th/Congress @ The Texas Capitol,9
24969841,24 Hour Walk Up Pass,19314,electric,29/8/2021 11:08:19,2539,3rd/Trinity @ The Convention Center,2497,11th/Congress @ The Texas Capitol,29
24850196,Local31,21480,electric,16/8/2021 20:33:40,2539,3rd/Trinity @ The Convention Center,2497,11th/Congress @ The Texas Capitol,34
24775611,Explorer,21464,electric,7/8/2021 14:15:06,2539,3rd/Trinity @ The Convention Center,2497,11th/Congress @ The Texas Capitol,26
24756598,Local365,21895,electric,5/8/2021 9:37:51,2539,3rd/Trinity @ The Convention Center,2497,11th/Congress @ The Texas Capitol,5
24820302,Local365,21575,electric,13/8/2021 12:51:17,2539,3rd/Trinity @ The Convention Center,2497,11th/Congress @ The Texas Capitol,9
24969845,24 Hour Walk Up Pass,18939,electric,29/8/2021 11:08:35,2539,3rd/Trinity @ The Convention Center,2497,11th/Congress @ The Texas Capitol,29
24969848,24 Hour Walk Up Pass,21723,electric,29/8/2021 11:08:48,2539,3rd/Trinity @ The Convention Center,2497,11th/Congress @ The Texas Capitol,29
24850947,Local31,21480,electric,16/8/2021 23:23:32,2539,3rd/Trinity @ The Convention Center,2497,11th/Congress @ The Texas Capitol,5
24824003,Local365,21454,electric,13/8/2021 19:40:52,2539,3rd/Trinity @ The Convention Center,2497,11th/Congress @ The Texas Capitol,7
24775467,Explorer,956,classic,7/8/2021 14:00:40,2539,3rd/Trinity @ The Convention Center,2497,11th/Congress @ The Texas Capitol,41
25088496,3-Day Weekender,540,classic,10/9/2021 14:56:05,2539,3rd/Trinity @ The Convention Center,2497,11th/Congress @ The Texas Capitol,23
25415994,Explorer,16881,electric,14/10/2021 10:06:53,2539,3rd/Trinity @ The Convention Center,2497,11th/Congress @ The Texas Capitol,9
25349840,Explorer,21457,electric,8/10/2021 11:17:00,2539,3rd/Trinity @ The Convention Center,2497,11th/Congress @ The Texas Capitol,15
25349843,Explorer,21774,electric,8/10/2021 11:17:14,2539,3rd/Trinity @ The Convention Center,2497,11th/Congress @ The Texas Capitol,15
25349841,Explorer,19274,electric,8/10/2021 11:17:05,2539,3rd/Trinity @ The Convention Center,2497,11th/Congress @ The Texas Capitol,15
25391143,24 Hour Walk Up Pass,22521,electric,11/10/2021 21:19:59,2539,3rd/Trinity @ The Convention Center,2497,11th/Congress @ The Texas Capitol,56
25416003,Explorer,22573,electric,14/10/2021 10:08:19,2539,3rd/Trinity @ The Convention Center,2497,11th/Congress @ The Texas Capitol,7
25868734,Explorer,136G,classic,31/12/2021 12:07:36,2539,3rd/Trinity @ The Convention Center,2497,11th/Congress @ The Texas Capitol,11
25856660,24 Hour Walk Up Pass,22174,electric,28/12/2021 12:57:34,2539,3rd/Trinity @ The Convention Center,2497,11th/Congress @ The Texas Capitol,9
25840418,Single Trip (Pay-as-you-ride),21508,electric,24/12/2021 12:27:36,2539,3rd/Trinity @ The Convention Center,2497,11th/Congress @ The Texas Capitol,8
25868741,Explorer,1782,classic,31/12/2021 12:08:10,2539,3rd/Trinity @ The Convention Center,2497,11th/Congress @ The Texas Capitol,10
25840420,Single Trip (Pay-as-you-ride),19955,electric,24/12/2021 12:27:52,2539,3rd/Trinity @ The Convention Center,2497,11th/Congress @ The Texas Capitol,8
25840425,Single Trip (Pay-as-you-ride),21695,electric,24/12/2021 12:28:07,2539,3rd/Trinity @ The Convention Center,2497,11th/Congress @ The Texas Capitol,7
21437564,Explorer,367,classic,4/1/2020 11:19:56,2539,3rd/Trinity @ The Convention Center,2497,11th/Congress @ The Texas Capitol,8
21437555,Explorer,62,classic,4/1/2020 11:17:48,2539,3rd/Trinity @ The Convention Center,2497,11th/Congress @ The Texas Capitol,10
25923954,Local365,233G,classic,19/1/2022 8:33:28,2539,3rd/Trinity @ The Convention Center,2497,11th/Congress @ The Texas Capitol,6
25906888,Local365,19552,electric,14/1/2022 8:15:00,2539,3rd/Trinity @ The Convention Center,2497,11th/Congress @ The Texas Capitol,4
27049203,Local31,21790,electric,29/6/2022 12:33:27,2539,3rd/Trinity @ The Convention Center,2497,11th/Congress @ The Texas Capitol,59
26972627,Local31,21650,electric,20/6/2022 20:48:56,2539,3rd/Trinity @ The Convention Center,2497,11th/Congress @ The Texas Capitol,44
26928887,3-Day Weekender,21755,electric,16/6/2022 11:30:25,2539,3rd/Trinity @ The Convention Center,2497,11th/Congress @ The Texas Capitol,9
26726748,Local365,21610,electric,21/5/2022 15:03:44,2552,3rd/West,2497,11th/Congress @ The Texas Capitol,25
26757484,Local365,18929,electric,26/5/2022 6:49:21,2552,3rd/West,2497,11th/Congress @ The Texas Capitol,9
26709675,Local365,19418,electric,19/5/2022 8:47:28,2552,3rd/West,2497,11th/Congress @ The Texas Capitol,6
26751581,Local365,19367,electric,25/5/2022 7:01:54,2552,3rd/West,2497,11th/Congress @ The Texas Capitol,6
26581989,Local365,369G,classic,4/5/2022 8:33:20,2552,3rd/West,2497,11th/Congress @ The Texas Capitol,8
26598462,Explorer,17850,electric,6/5/2022 12:04:07,2552,3rd/West,2497,11th/Congress @ The Texas Capitol,12
26107628,3-Day Weekender,23251,electric,4/3/2022 15:16:23,2552,3rd/West,2497,11th/Congress @ The Texas Capitol,54
26107634,3-Day Weekender,21457,electric,4/3/2022 15:17:30,2552,3rd/West,2497,11th/Congress @ The Texas Capitol,53
26250339,Pay-as-you-ride,16337,electric,26/3/2022 15:12:10,2552,3rd/West,2497,11th/Congress @ The Texas Capitol,13
26116624,Pay-as-you-ride,124,classic,5/3/2022 17:46:32,2552,3rd/West,2497,11th/Congress @ The Texas Capitol,17
26107630,3-Day Weekender,21480,electric,4/3/2022 15:16:45,2552,3rd/West,2497,11th/Congress @ The Texas Capitol,54
26250308,Student Membership,18329,electric,26/3/2022 15:09:46,2552,3rd/West,2497,11th/Congress @ The Texas Capitol,16
26277873,Explorer,19367,electric,30/3/2022 12:16:35,2552,3rd/West,2497,11th/Congress @ The Texas Capitol,27
26324080,3-Day Weekender,18684,electric,4/4/2022 19:48:42,2552,3rd/West,2497,11th/Congress @ The Texas Capitol,53
26327005,Local365,21497,electric,5/4/2022 11:49:33,2552,3rd/West,2497,11th/Congress @ The Texas Capitol,7
26388816,Pay-as-you-ride,21735,electric,12/4/2022 16:38:41,2552,3rd/West,2497,11th/Congress @ The Texas Capitol,13
27327262,Explorer,430,classic,29/7/2022 12:50:14,2552,3rd/West,2497,11th/Congress @ The Texas Capitol,12
27327212,Explorer,22599,electric,29/7/2022 12:46:33,2552,3rd/West,2497,11th/Congress @ The Texas Capitol,16
27264743,Explorer,19480,electric,22/7/2022 14:31:22,2552,3rd/West,2497,11th/Congress @ The Texas Capitol,14
27264719,Explorer,19552,electric,22/7/2022 14:30:31,2552,3rd/West,2497,11th/Congress @ The Texas Capitol,15
27942429,Local31,19171,electric,23/9/2022 13:09:37,2552,3rd/West,2497,11th/Congress @ The Texas Capitol,43
27902527,Pay-as-you-ride,21639,electric,20/9/2022 10:16:43,2552,3rd/West,2497,11th/Congress @ The Texas Capitol,13
28361626,Pay-as-you-ride,107,classic,31/10/2022 11:51:31,2552,3rd/West,2497,11th/Congress @ The Texas Capitol,14
28097382,Local365,21792,electric,6/10/2022 12:21:57,2552,3rd/West,2497,11th/Congress @ The Texas Capitol,10
28156954,Local31,21438,electric,11/10/2022 13:21:11,2552,3rd/West,2497,11th/Congress @ The Texas Capitol,34
28253031,3-Day Weekender,22458,electric,20/10/2022 15:33:33,2552,3rd/West,2497,11th/Congress @ The Texas Capitol,16
28361598,Pay-as-you-ride,278,classic,31/10/2022 11:49:32,2552,3rd/West,2497,11th/Congress @ The Texas Capitol,16
28526849,Local365,21662,electric,24/11/2022 14:05:12,2552,3rd/West,,11th/Congress @ The Texas Capitol,9
28438181,Explorer,21568,electric,8/11/2022 18:41:17,2552,3rd/West,,11th/Congress @ The Texas Capitol,12
23603332,Local365,21900,electric,8/3/2021 13:18:05,2552,3rd/West,2497,11th/Congress @ The Texas Capitol,9
23701643,Single Trip (Pay-as-you-ride),21447,electric,23/3/2021 17:44:44,2552,3rd/West,2497,11th/Congress @ The Texas Capitol,14
23840903,24 Hour Walk Up Pass,21790,electric,10/4/2021 15:14:50,2552,3rd/West,2497,11th/Congress @ The Texas Capitol,54
23840894,Local365,19775,electric,10/4/2021 15:14:13,2552,3rd/West,2497,11th/Congress @ The Texas Capitol,54
24066347,3-Day Weekender,21480,electric,12/5/2021 9:00:45,2552,3rd/West,2497,11th/Congress @ The Texas Capitol,43
24199202,Local365,21714,electric,30/5/2021 8:18:21,2552,3rd/West,2497,11th/Congress @ The Texas Capitol,8
24005551,24 Hour Walk Up Pass,19198,electric,2/5/2021 22:38:16,2552,3rd/West,2497,11th/Congress @ The Texas Capitol,40
24119869,Local365,19258,electric,19/5/2021 11:00:02,2552,3rd/West,2497,11th/Congress @ The Texas Capitol,97
24005568,24 Hour Walk Up Pass,21718,electric,2/5/2021 22:40:55,2552,3rd/West,2497,11th/Congress @ The Texas Capitol,40
24005562,24 Hour Walk Up Pass,21576,electric,2/5/2021 22:40:03,2552,3rd/West,2497,11th/Congress @ The Texas Capitol,39
24171652,Local365,19780,electric,26/5/2021 13:28:16,2552,3rd/West,2497,11th/Congress @ The Texas Capitol,50
24377685,Local365,21821,electric,20/6/2021 10:21:18,2552,3rd/West,2497,11th/Congress @ The Texas Capitol,44
24310092,24 Hour Walk Up Pass,21729,electric,12/6/2021 10:49:59,2552,3rd/West,2497,11th/Congress @ The Texas Capitol,61
24716597,Local365,21751,electric,31/7/2021 11:49:15,2552,3rd/West,2497,11th/Congress @ The Texas Capitol,9
24500611,Local31,18266,electric,5/7/2021 13:41:54,2552,3rd/West,2497,11th/Congress @ The Texas Capitol,39
24827665,Local365,14251,classic,14/8/2021 10:58:17,2552,3rd/West,2497,11th/Congress @ The Texas Capitol,11
24810203,Explorer,21718,electric,12/8/2021 8:11:29,2552,3rd/West,2497,11th/Congress @ The Texas Capitol,32
25235201,24 Hour Walk Up Pass,21430,electric,25/9/2021 14:07:31,2552,3rd/West,2497,11th/Congress @ The Texas Capitol,21
25072630,Local365,19254,electric,8/9/2021 19:15:52,2552,3rd/West,2497,11th/Congress @ The Texas Capitol,45
25149979,Explorer,21752,electric,16/9/2021 15:32:57,2552,3rd/West,2497,11th/Congress @ The Texas Capitol,21
25235217,24 Hour Walk Up Pass,21653,electric,25/9/2021 14:08:12,2552,3rd/West,2497,11th/Congress @ The Texas Capitol,20
25247834,24 Hour Walk Up Pass,21695,electric,26/9/2021 15:55:54,2552,3rd/West,2497,11th/Congress @ The Texas Capitol,110
25524410,Pay-as-you-ride,21571,electric,26/10/2021 17:15:20,2552,3rd/West,2497,11th/Congress @ The Texas Capitol,106
25564133,Local31,23271,electric,1/11/2021 15:34:17,2552,3rd/West,2497,11th/Congress @ The Texas Capitol,18
25862296,24 Hour Walk Up Pass,19078,electric,29/12/2021 16:11:09,2552,3rd/West,2497,11th/Congress @ The Texas Capitol,30
25832385,Explorer,21799,electric,21/12/2021 16:09:50,2552,3rd/West,2497,11th/Congress @ The Texas Capitol,11
25842558,Pay-as-you-ride,696,classic,25/12/2021 3:23:10,2552,3rd/West,2497,11th/Congress @ The Texas Capitol,11
25782884,24 Hour Walk Up Pass,775,classic,8/12/2021 20:41:09,2552,3rd/West,2497,11th/Congress @ The Texas Capitol,30
21625525,24 Hour Walk Up Pass,19706,electric,29/2/2020 11:00:06,2552,3rd/West,2497,11th/Congress @ The Texas Capitol,12
21625518,24 Hour Walk Up Pass,16855,electric,29/2/2020 10:59:11,2552,3rd/West,2497,11th/Congress @ The Texas Capitol,12
21716738,U.T. Student Membership,393,classic,22/3/2020 15:17:42,2552,3rd/West,2497,11th/Congress @ The Texas Capitol,36
21811102,Local365,17438,electric,20/4/2020 19:03:37,2552,3rd/West,2497,11th/Congress @ The Texas Capitol,14
25886044,Local365,21476,electric,6/1/2022 7:29:15,2552,3rd/West,2497,11th/Congress @ The Texas Capitol,7
25895842,Local365,229,classic,10/1/2022 7:06:34,2552,3rd/West,2497,11th/Congress @ The Texas Capitol,9
26031864,Local31,21718,electric,16/2/2022 11:15:24,2552,3rd/West,2497,11th/Congress @ The Texas Capitol,25
26882357,Local365,21480,electric,10/6/2022 17:42:10,2552,3rd/West,2497,11th/Congress @ The Texas Capitol,10
26807225,Local365,19185,electric,1/6/2022 7:09:02,2552,3rd/West,2497,11th/Congress @ The Texas Capitol,39
27000689,Local365,21788,electric,24/6/2022 6:52:43,2552,3rd/West,2497,11th/Congress @ The Texas Capitol,7
26982120,Local365,19678,electric,22/6/2022 6:46:40,2552,3rd/West,2497,11th/Congress @ The Texas Capitol,7
26751912,Local365,17850,electric,25/5/2022 8:53:17,2552,3rd/West,2497,11th/Congress @ The Texas Capitol,8
26629714,Local365,353G,classic,10/5/2022 8:16:04,2552,3rd/West,2497,11th/Congress @ The Texas Capitol,9
26606239,Local31,968,classic,7/5/2022 10:55:13,2552,3rd/West,2497,11th/Congress @ The Texas Capitol,25
26747402,Local31,21789,electric,24/5/2022 12:36:25,2552,3rd/West,2497,11th/Congress @ The Texas Capitol,31
26754665,Explorer,21490,electric,25/5/2022 16:19:23,2495,4th/Congress,2497,11th/Congress @ The Texas Capitol,66
26563656,Local365,19745,electric,1/5/2022 15:46:08,2495,4th/Congress,2497,11th/Congress @ The Texas Capitol,45
26754667,Explorer,21735,electric,25/5/2022 16:19:46,2495,4th/Congress,2497,11th/Congress @ The Texas Capitol,66
26669930,Single Trip (Pay-as-you-ride),19631,electric,14/5/2022 13:33:20,2495,4th/Congress,2497,11th/Congress @ The Texas Capitol,54
26589861,Local365,23277,electric,5/5/2022 8:34:30,2495,4th/Congress,2497,11th/Congress @ The Texas Capitol,4
26575151,Local365,80,classic,3/5/2022 8:39:37,2495,4th/Congress,2497,11th/Congress @ The Texas Capitol,5
26667525,Explorer,21440,electric,14/5/2022 10:37:27,2495,4th/Congress,2497,11th/Congress @ The Texas Capitol,7
26278008,Local31,16845,electric,30/3/2022 12:31:18,2495,4th/Congress,2497,11th/Congress @ The Texas Capitol,20
26107001,Student Membership,21492,electric,4/3/2022 14:11:27,2495,4th/Congress,2497,11th/Congress @ The Texas Capitol,5
26161885,Pay-as-you-ride,19326,electric,14/3/2022 17:45:01,2495,4th/Congress,2497,11th/Congress @ The Texas Capitol,98
26161904,Pay-as-you-ride,202G,classic,14/3/2022 17:47:00,2495,4th/Congress,2497,11th/Congress @ The Texas Capitol,96
26505618,Local31,21486,electric,24/4/2022 21:38:51,2495,4th/Congress,2497,11th/Congress @ The Texas Capitol,17
26363431,Explorer,19040,electric,9/4/2022 18:30:57,2495,4th/Congress,2497,11th/Congress @ The Texas Capitol,10
26379045,Pay-as-you-ride,22196,electric,11/4/2022 14:05:42,2495,4th/Congress,2497,11th/Congress @ The Texas Capitol,11
26379048,Pay-as-you-ride,19789,electric,11/4/2022 14:06:02,2495,4th/Congress,2497,11th/Congress @ The Texas Capitol,10
26400078,Local31,21747,electric,14/4/2022 11:10:58,2495,4th/Congress,2497,11th/Congress @ The Texas Capitol,19
26470068,Explorer,21490,electric,22/4/2022 12:17:45,2495,4th/Congress,2497,11th/Congress @ The Texas Capitol,50
26368519,24 Hour Walk Up Pass,19437,electric,10/4/2022 12:19:41,2495,4th/Congress,2497,11th/Congress @ The Texas Capitol,30
26387271,Local31,21792,electric,12/4/2022 14:04:49,2495,4th/Congress,2497,11th/Congress @ The Texas Capitol,20
26489171,3-Day Weekender,21486,electric,23/4/2022 17:39:37,2495,4th/Congress,2497,11th/Congress @ The Texas Capitol,35
26300581,Pay-as-you-ride,1434,classic,2/4/2022 11:56:44,2495,4th/Congress,2497,11th/Congress @ The Texas Capitol,20
27292753,Local31,19367,electric,25/7/2022 13:56:57,2495,4th/Congress,2497,11th/Congress @ The Texas Capitol,59
27295061,Local31,19314,electric,25/7/2022 17:39:41,2495,4th/Congress,2497,11th/Congress @ The Texas Capitol,46
27271894,Explorer,21859,electric,23/7/2022 9:49:02,2495,4th/Congress,2497,11th/Congress @ The Texas Capitol,5
27225717,Local365,19739,electric,18/7/2022 8:31:38,2495,4th/Congress,2497,11th/Congress @ The Texas Capitol,4
27158419,Local31,21476,electric,11/7/2022 7:25:41,2495,4th/Congress,2497,11th/Congress @ The Texas Capitol,33
27129104,Local31,19821,electric,8/7/2022 11:02:35,2495,4th/Congress,2497,11th/Congress @ The Texas Capitol,36
27109710,3-Day Weekender,21772,electric,5/7/2022 20:30:14,2495,4th/Congress,2497,11th/Congress @ The Texas Capitol,7
27433221,U.T. Student Membership,18995,electric,10/8/2022 10:00:39,2495,4th/Congress,2497,11th/Congress @ The Texas Capitol,4
27414251,Pay-as-you-ride,22567,electric,7/8/2022 18:52:06,2495,4th/Congress,2497,11th/Congress @ The Texas Capitol,70
27414285,Pay-as-you-ride,21849,electric,7/8/2022 18:55:26,2495,4th/Congress,2497,11th/Congress @ The Texas Capitol,67
27414305,Pay-as-you-ride,19780,electric,7/8/2022 18:57:05,2495,4th/Congress,2497,11th/Congress @ The Texas Capitol,65
27426140,U.T. Student Membership,17370,electric,9/8/2022 11:37:18,2495,4th/Congress,2497,11th/Congress @ The Texas Capitol,5
28030710,Student Membership,21729,electric,30/9/2022 20:08:36,2495,4th/Congress,2497,11th/Congress @ The Texas Capitol,5
27849022,Local31,19287,electric,16/9/2022 7:55:48,2495,4th/Congress,2497,11th/Congress @ The Texas Capitol,44
28026644,Local31,517,classic,30/9/2022 15:03:06,2495,4th/Congress,2497,11th/Congress @ The Texas Capitol,5
27770248,Student Membership,21735,electric,9/9/2022 15:15:15,2495,4th/Congress,2497,11th/Congress @ The Texas Capitol,4
27825605,3-Day Weekender,21739,electric,14/9/2022 12:44:51,2495,4th/Congress,2497,11th/Congress @ The Texas Capitol,5
28014412,Pay-as-you-ride,22155,electric,29/9/2022 15:11:14,2495,4th/Congress,2497,11th/Congress @ The Texas Capitol,58
27680054,3-Day Weekender,22431,electric,2/9/2022 12:06:47,2495,4th/Congress,2497,11th/Congress @ The Texas Capitol,11
28269412,Pay-as-you-ride,21523,electric,22/10/2022 2:22:27,2495,4th/Congress,2497,11th/Congress @ The Texas Capitol,11
28158026,Explorer,21688,electric,11/10/2022 14:40:05,2495,4th/Congress,2497,11th/Congress @ The Texas Capitol,16
28169845,3-Day Weekender,472,classic,12/10/2022 16:08:48,2495,4th/Congress,2497,11th/Congress @ The Texas Capitol,8
28358678,Student Membership,19645,electric,30/10/2022 22:48:10,2495,4th/Congress,2497,11th/Congress @ The Texas Capitol,8
28224231,Explorer,16333,electric,17/10/2022 14:23:25,2495,4th/Congress,2497,11th/Congress @ The Texas Capitol,27
28184634,Pay-as-you-ride,21742,electric,13/10/2022 19:04:07,2495,4th/Congress,2497,11th/Congress @ The Texas Capitol,14
28324379,Student Membership,19287,electric,27/10/2022 13:46:33,2495,4th/Congress,2497,11th/Congress @ The Texas Capitol,5
28224233,Explorer,21427,electric,17/10/2022 14:23:36,2495,4th/Congress,2497,11th/Congress @ The Texas Capitol,27
28349923,Local31,21550,electric,30/10/2022 1:35:14,2495,4th/Congress,2497,11th/Congress @ The Texas Capitol,6
28169837,3-Day Weekender,2722,classic,12/10/2022 16:08:32,2495,4th/Congress,2497,11th/Congress @ The Texas Capitol,9
28169834,3-Day Weekender,301,classic,12/10/2022 16:08:28,2495,4th/Congress,2497,11th/Congress @ The Texas Capitol,9
28503679,Student Membership,19265,electric,18/11/2022 12:06:56,2495,4th/Congress,,11th/Congress @ The Texas Capitol,6
28533066,Explorer,213,classic,26/11/2022 12:45:04,2495,4th/Congress,,11th/Congress @ The Texas Capitol,48
28533072,Explorer,19258,electric,26/11/2022 12:45:29,2495,4th/Congress,,11th/Congress @ The Texas Capitol,51
28533089,Explorer,22581,electric,26/11/2022 12:47:16,2495,4th/Congress,,11th/Congress @ The Texas Capitol,48
28412703,Student Membership,18684,electric,5/11/2022 23:40:41,2495,4th/Congress,,11th/Congress @ The Texas Capitol,7
28568151,Student Membership,21773,electric,2/12/2022 12:26:59,2495,4th/Congress,2497,11th/Congress @ The Texas Capitol,5
28567878,3-Day Weekender,19258,electric,2/12/2022 11:58:48,2495,4th/Congress,2497,11th/Congress @ The Texas Capitol,88
23485282,Local365,19107,electric,4/2/2021 1:43:10,2495,4th/Congress,2497,11th/Congress @ The Texas Capitol,4
23437317,Local365,19935,electric,21/1/2021 12:41:57,2495,4th/Congress,2497,11th/Congress @ The Texas Capitol,6
23457481,Local31,18995,electric,27/1/2021 12:01:17,2495,4th/Congress,2497,11th/Congress @ The Texas Capitol,16
23370917,Explorer,430,classic,1/1/2021 15:27:25,2495,4th/Congress,2497,11th/Congress @ The Texas Capitol,9
23439979,Local31,19692,electric,22/1/2021 7:19:34,2495,4th/Congress,2497,11th/Congress @ The Texas Capitol,12
23370921,Explorer,088G,classic,1/1/2021 15:27:36,2495,4th/Congress,2497,11th/Congress @ The Texas Capitol,9
23589323,24 Hour Walk Up Pass,074G,classic,6/3/2021 13:35:25,2495,4th/Congress,2497,11th/Congress @ The Texas Capitol,54
23702069,Local365,549,classic,23/3/2021 18:33:06,2495,4th/Congress,2497,11th/Congress @ The Texas Capitol,5
23666139,Explorer,16330,electric,19/3/2021 10:27:13,2495,4th/Congress,2497,11th/Congress @ The Texas Capitol,45
23666145,Explorer,21413,electric,19/3/2021 10:27:49,2495,4th/Congress,2497,11th/Congress @ The Texas Capitol,46
23589331,Explorer,93,classic,6/3/2021 13:35:57,2495,4th/Congress,2497,11th/Congress @ The Texas Capitol,54
23735851,24 Hour Walk Up Pass,664,classic,28/3/2021 16:06:38,2495,4th/Congress,2497,11th/Congress @ The Texas Capitol,22
23735871,24 Hour Walk Up Pass,1835,classic,28/3/2021 16:08:45,2495,4th/Congress,2497,11th/Congress @ The Texas Capitol,20
23666135,Explorer,19424,electric,19/3/2021 10:26:28,2495,4th/Congress,2497,11th/Congress @ The Texas Capitol,47
23666141,Explorer,21774,electric,19/3/2021 10:27:22,2495,4th/Congress,2497,11th/Congress @ The Texas Capitol,46
23621209,Local31,21654,electric,11/3/2021 17:27:46,2495,4th/Congress,2497,11th/Congress @ The Texas Capitol,41
23592006,Pay-as-you-ride,937,classic,6/3/2021 17:32:37,2495,4th/Congress,2497,11th/Congress @ The Texas Capitol,8
23666152,Explorer,21751,electric,19/3/2021 10:28:51,2495,4th/Congress,2497,11th/Congress @ The Texas Capitol,45
23735864,24 Hour Walk Up Pass,270G,classic,28/3/2021 16:07:51,2495,4th/Congress,2497,11th/Congress @ The Texas Capitol,21
23772617,24 Hour Walk Up Pass,19274,electric,2/4/2021 17:42:31,2495,4th/Congress,2497,11th/Congress @ The Texas Capitol,9
23797088,Single Trip (Pay-as-you-ride),1277,classic,5/4/2021 0:39:42,2495,4th/Congress,2497,11th/Congress @ The Texas Capitol,6
23945292,24 Hour Walk Up Pass,19755,electric,25/4/2021 13:36:40,2495,4th/Congress,2497,11th/Congress @ The Texas Capitol,19
23797093,Single Trip (Pay-as-you-ride),62,classic,5/4/2021 0:41:04,2495,4th/Congress,2497,11th/Congress @ The Texas Capitol,4
23829384,Local31,21585,electric,9/4/2021 11:04:41,2495,4th/Congress,2497,11th/Congress @ The Texas Capitol,5
23772607,24 Hour Walk Up Pass,19517,electric,2/4/2021 17:42:01,2495,4th/Congress,2497,11th/Congress @ The Texas Capitol,9
24170006,Explorer,57,classic,26/5/2021 9:43:41,2495,4th/Congress,2497,11th/Congress @ The Texas Capitol,71
24409301,Explorer,19706,electric,24/6/2021 12:16:32,2495,4th/Congress,2497,11th/Congress @ The Texas Capitol,24
24409258,Explorer,19730,electric,24/6/2021 12:12:09,2495,4th/Congress,2497,11th/Congress @ The Texas Capitol,28
24496630,Local31,19224,electric,4/7/2021 23:03:52,2495,4th/Congress,2497,11th/Congress @ The Texas Capitol,10
24480260,Pay-as-you-ride,12727,classic,3/7/2021 14:21:13,2495,4th/Congress,2497,11th/Congress @ The Texas Capitol,20
24708119,Local365,21499,electric,30/7/2021 12:49:07,2495,4th/Congress,2497,11th/Congress @ The Texas Capitol,3
24480325,Pay-as-you-ride,843,classic,3/7/2021 14:24:18,2495,4th/Congress,2497,11th/Congress @ The Texas Capitol,16
24480316,Pay-as-you-ride,21752,electric,3/7/2021 14:23:55,2495,4th/Congress,2497,11th/Congress @ The Texas Capitol,17
24848119,Local31,21679,electric,16/8/2021 16:38:39,2495,4th/Congress,2497,11th/Congress @ The Texas Capitol,5
24731725,Explorer,19110,electric,1/8/2021 19:06:17,2495,4th/Congress,2497,11th/Congress @ The Texas Capitol,39
24948807,Explorer,829,classic,27/8/2021 12:12:07,2495,4th/Congress,2497,11th/Congress @ The Texas Capitol,57
24948805,Explorer,442,classic,27/8/2021 12:11:46,2495,4th/Congress,2497,11th/Congress @ The Texas Capitol,59
25205442,Local31,19847,electric,22/9/2021 11:16:19,2495,4th/Congress,2497,11th/Congress @ The Texas Capitol,9
25066212,Local365,18929,electric,8/9/2021 8:50:00,2495,4th/Congress,2497,11th/Congress @ The Texas Capitol,26
25052598,Single Trip (Pay-as-you-ride),3113,classic,6/9/2021 14:27:03,2495,4th/Congress,2497,11th/Congress @ The Texas Capitol,30
25487358,Local31,21659,electric,22/10/2021 10:13:42,2495,4th/Congress,2497,11th/Congress @ The Texas Capitol,54
25472266,Local31,21876,electric,20/10/2021 15:18:27,2495,4th/Congress,2497,11th/Congress @ The Texas Capitol,63
25353128,Single Trip (Pay-as-you-ride),21679,electric,8/10/2021 15:39:19,2495,4th/Congress,2497,11th/Congress @ The Texas Capitol,9
25346716,Student Membership,827,classic,7/10/2021 20:40:12,2495,4th/Congress,2497,11th/Congress @ The Texas Capitol,8
25353116,Single Trip (Pay-as-you-ride),21682,electric,8/10/2021 15:38:39,2495,4th/Congress,2497,11th/Congress @ The Texas Capitol,10
25490116,24 Hour Walk Up Pass,19442,electric,22/10/2021 14:52:49,2495,4th/Congress,2497,11th/Congress @ The Texas Capitol,10
25298139,Local365,19214,electric,2/10/2021 12:30:47,2495,4th/Congress,2497,11th/Congress @ The Texas Capitol,6
25697831,Local365,22563,electric,22/11/2021 10:05:07,2495,4th/Congress,2497,11th/Congress @ The Texas Capitol,10
25722980,Single Trip (Pay-as-you-ride),22563,electric,28/11/2021 13:06:32,2495,4th/Congress,2497,11th/Congress @ The Texas Capitol,58
25636525,Single Trip (Pay-as-you-ride),16935,electric,12/11/2021 10:52:50,2495,4th/Congress,2497,11th/Congress @ The Texas Capitol,12
25636516,Single Trip (Pay-as-you-ride),21571,electric,12/11/2021 10:51:45,2495,4th/Congress,2497,11th/Congress @ The Texas Capitol,13
25569302,Single Trip (Pay-as-you-ride),19865,electric,2/11/2021 14:12:29,2495,4th/Congress,2497,11th/Congress @ The Texas Capitol,48
25681129,3-Day Weekender,21790,electric,19/11/2021 11:05:08,2495,4th/Congress,2497,11th/Congress @ The Texas Capitol,10
25681135,3-Day Weekender,88,classic,19/11/2021 11:05:50,2495,4th/Congress,2497,11th/Congress @ The Texas Capitol,10
25582429,Local31,1899,classic,4/11/2021 19:30:29,2495,4th/Congress,2497,11th/Congress @ The Texas Capitol,6
25743117,Local31,18253,electric,1/12/2021 18:54:34,2495,4th/Congress,2497,11th/Congress @ The Texas Capitol,61
25771304,Explorer,19789,electric,6/12/2021 11:29:43,2495,4th/Congress,2497,11th/Congress @ The Texas Capitol,10
25771305,Explorer,21774,electric,6/12/2021 11:29:50,2495,4th/Congress,2497,11th/Congress @ The Texas Capitol,10
21540641,24 Hour Walk Up Pass,174,classic,3/2/2020 11:28:26,2495,4th/Congress,2497,11th/Congress @ The Texas Capitol,50
21638089,Explorer,19739,electric,2/3/2020 18:20:40,2495,4th/Congress,2497,11th/Congress @ The Texas Capitol,9
21643665,24 Hour Walk Up Pass,884,classic,4/3/2020 11:45:56,2495,4th/Congress,2497,11th/Congress @ The Texas Capitol,8
21675773,Local365,19789,electric,10/3/2020 17:50:33,2495,4th/Congress,2497,11th/Congress @ The Texas Capitol,5
21643667,24 Hour Walk Up Pass,106,classic,4/3/2020 11:46:20,2495,4th/Congress,2497,11th/Congress @ The Texas Capitol,7
21831642,Pay-as-you-ride,106,classic,25/4/2020 18:42:59,2495,4th/Congress,2497,11th/Congress @ The Texas Capitol,12
21855753,24 Hour Walk Up Pass,17019,electric,30/4/2020 15:53:27,2495,4th/Congress,2497,11th/Congress @ The Texas Capitol,50
21831639,Pay-as-you-ride,922,classic,25/4/2020 18:42:32,2495,4th/Congress,2497,11th/Congress @ The Texas Capitol,12
21749727,24 Hour Walk Up Pass,18913,electric,1/4/2020 12:53:49,2495,4th/Congress,2497,11th/Congress @ The Texas Capitol,25
21749743,24 Hour Walk Up Pass,19755,electric,1/4/2020 12:55:34,2495,4th/Congress,2497,11th/Congress @ The Texas Capitol,23
26061478,Local365,034G,classic,21/2/2022 18:41:47,2495,4th/Congress,2497,11th/Congress @ The Texas Capitol,4
26892627,Local31,21427,electric,11/6/2022 20:04:07,2495,4th/Congress,2497,11th/Congress @ The Texas Capitol,9
26974894,3-Day Weekender,21575,electric,21/6/2022 9:54:22,2495,4th/Congress,2497,11th/Congress @ The Texas Capitol,5
27040702,3-Day Weekender,21792,electric,28/6/2022 13:00:06,2495,4th/Congress,2497,11th/Congress @ The Texas Capitol,10
26831553,3-Day Weekender,19602,electric,4/6/2022 10:14:58,2495,4th/Congress,2497,11th/Congress @ The Texas Capitol,11
26993341,Local365,21790,electric,23/6/2022 11:43:37,2495,4th/Congress,2497,11th/Congress @ The Texas Capitol,4
26831558,3-Day Weekender,21829,electric,4/6/2022 10:15:31,2495,4th/Congress,2497,11th/Congress @ The Texas Capitol,10
26831561,3-Day Weekender,19783,electric,4/6/2022 10:15:40,2495,4th/Congress,2497,11th/Congress @ The Texas Capitol,10
26974892,3-Day Weekender,21752,electric,21/6/2022 9:54:10,2495,4th/Congress,2497,11th/Congress @ The Texas Capitol,5
26972324,Local365,19403,electric,20/6/2022 20:18:31,2495,4th/Congress,2497,11th/Congress @ The Texas Capitol,5
26771933,Local31,19254,electric,28/5/2022 9:40:40,2495,4th/Congress,2497,11th/Congress @ The Texas Capitol,29
26670420,Single Trip (Pay-as-you-ride),19576,electric,14/5/2022 14:07:51,3455,4th/Guadalupe @ Republic Square,2497,11th/Congress @ The Texas Capitol,20
26095036,Local31,21427,electric,2/3/2022 15:08:10,3455,4th/Guadalupe @ Republic Square,2497,11th/Congress @ The Texas Capitol,8
26094841,Explorer,19755,electric,2/3/2022 14:45:05,3455,4th/Guadalupe @ Republic Square,2497,11th/Congress @ The Texas Capitol,7
26107158,3-Day Weekender,230,classic,4/3/2022 14:30:55,3455,4th/Guadalupe @ Republic Square,2497,11th/Congress @ The Texas Capitol,13
26107129,3-Day Weekender,871,classic,4/3/2022 14:26:48,3455,4th/Guadalupe @ Republic Square,2497,11th/Congress @ The Texas Capitol,17
26450567,Local31,21454,electric,20/4/2022 9:58:31,3455,4th/Guadalupe @ Republic Square,2497,11th/Congress @ The Texas Capitol,48
26417465,Single Trip (Pay-as-you-ride),166,classic,16/4/2022 11:02:37,3455,4th/Guadalupe @ Republic Square,2497,11th/Congress @ The Texas Capitol,12
26417459,Single Trip (Pay-as-you-ride),1899,classic,16/4/2022 11:02:11,3455,4th/Guadalupe @ Republic Square,2497,11th/Congress @ The Texas Capitol,11
26417479,Single Trip (Pay-as-you-ride),996,classic,16/4/2022 11:05:24,3455,4th/Guadalupe @ Republic Square,2497,11th/Congress @ The Texas Capitol,9
26319076,3-Day Weekender,21733,electric,4/4/2022 11:17:26,3455,4th/Guadalupe @ Republic Square,2497,11th/Congress @ The Texas Capitol,12
26319110,3-Day Weekender,19677,electric,4/4/2022 11:21:39,3455,4th/Guadalupe @ Republic Square,2497,11th/Congress @ The Texas Capitol,8
27189551,Local31,19552,electric,14/7/2022 12:16:21,3455,4th/Guadalupe @ Republic Square,2497,11th/Congress @ The Texas Capitol,22
27169634,Local31,19403,electric,12/7/2022 12:54:40,3455,4th/Guadalupe @ Republic Square,2497,11th/Congress @ The Texas Capitol,23
27097788,Explorer,19706,electric,4/7/2022 15:21:43,3455,4th/Guadalupe @ Republic Square,2497,11th/Congress @ The Texas Capitol,10
27097795,Explorer,21492,electric,4/7/2022 15:23:10,3455,4th/Guadalupe @ Republic Square,2497,11th/Congress @ The Texas Capitol,8
27075718,24 Hour Walk Up Pass,21755,electric,2/7/2022 11:09:00,3455,4th/Guadalupe @ Republic Square,2497,11th/Congress @ The Texas Capitol,9
27076748,Local365,21558,electric,2/7/2022 12:29:25,3455,4th/Guadalupe @ Republic Square,2497,11th/Congress @ The Texas Capitol,7
27075699,24 Hour Walk Up Pass,21516,electric,2/7/2022 11:07:04,3455,4th/Guadalupe @ Republic Square,2497,11th/Congress @ The Texas Capitol,11
27410879,Explorer,951,classic,7/8/2022 13:24:32,3455,4th/Guadalupe @ Republic Square,2497,11th/Congress @ The Texas Capitol,11
27410869,Explorer,1834,classic,7/8/2022 13:23:41,3455,4th/Guadalupe @ Republic Square,2497,11th/Congress @ The Texas Capitol,12
27461975,Local365,21543,electric,13/8/2022 13:39:27,3455,4th/Guadalupe @ Republic Square,2497,11th/Congress @ The Texas Capitol,7
27526160,Pay-as-you-ride,21535,electric,20/8/2022 11:26:31,3455,4th/Guadalupe @ Republic Square,2497,11th/Congress @ The Texas Capitol,11
27526177,Pay-as-you-ride,21551,electric,20/8/2022 11:28:01,3455,4th/Guadalupe @ Republic Square,2497,11th/Congress @ The Texas Capitol,9
27943435,Local31,23318,electric,23/9/2022 14:13:59,3455,4th/Guadalupe @ Republic Square,2497,11th/Congress @ The Texas Capitol,44
28282431,Pay-as-you-ride,21733,electric,23/10/2022 8:17:32,3455,4th/Guadalupe @ Republic Square,2497,11th/Congress @ The Texas Capitol,56
28119422,Explorer,19608,electric,8/10/2022 11:22:18,3455,4th/Guadalupe @ Republic Square,2497,11th/Congress @ The Texas Capitol,12
28119430,Explorer,16946,electric,8/10/2022 11:22:30,3455,4th/Guadalupe @ Republic Square,2497,11th/Congress @ The Texas Capitol,12
28038374,Explorer,21728,electric,1/10/2022 14:46:39,3455,4th/Guadalupe @ Republic Square,2497,11th/Congress @ The Texas Capitol,24
28038367,Explorer,21703,electric,1/10/2022 14:46:17,3455,4th/Guadalupe @ Republic Square,2497,11th/Congress @ The Texas Capitol,24
28407565,Single Trip (Pay-as-you-ride),21733,electric,5/11/2022 12:33:38,3455,4th/Guadalupe @ Republic Square,,11th/Congress @ The Texas Capitol,47
28376746,Local365,21464,electric,1/11/2022 19:00:34,3455,4th/Guadalupe @ Republic Square,,11th/Congress @ The Texas Capitol,9
23479371,Local365,19314,electric,2/2/2021 9:47:31,3455,4th/Guadalupe @ Republic Square,2497,11th/Congress @ The Texas Capitol,29
23412080,Local365,21508,electric,14/1/2021 8:57:15,3455,4th/Guadalupe @ Republic Square,2497,11th/Congress @ The Texas Capitol,33
23945439,Local31,19185,electric,25/4/2021 13:44:59,3455,4th/Guadalupe @ Republic Square,2497,11th/Congress @ The Texas Capitol,39
23945378,Local31,16290,electric,25/4/2021 13:41:23,3455,4th/Guadalupe @ Republic Square,2497,11th/Congress @ The Texas Capitol,44
24107696,Local365,21886,electric,17/5/2021 9:25:43,3455,4th/Guadalupe @ Republic Square,2497,11th/Congress @ The Texas Capitol,6
24189817,Single Trip (Pay-as-you-ride),19608,electric,29/5/2021 10:56:33,3455,4th/Guadalupe @ Republic Square,2497,11th/Congress @ The Texas Capitol,17
24189792,Single Trip (Pay-as-you-ride),21415,electric,29/5/2021 10:54:56,3455,4th/Guadalupe @ Republic Square,2497,11th/Congress @ The Texas Capitol,18
24248217,24 Hour Walk Up Pass,21680,electric,5/6/2021 3:43:02,3455,4th/Guadalupe @ Republic Square,2497,11th/Congress @ The Texas Capitol,2140
24399334,3-Day Weekender,21707,electric,23/6/2021 8:07:20,3455,4th/Guadalupe @ Republic Square,2497,11th/Congress @ The Texas Capitol,43
24350249,Local31,17370,electric,17/6/2021 10:29:27,3455,4th/Guadalupe @ Republic Square,2497,11th/Congress @ The Texas Capitol,53
24480819,Local31,011G,classic,3/7/2021 15:00:36,3455,4th/Guadalupe @ Republic Square,2497,11th/Congress @ The Texas Capitol,7
24534935,Single Trip (Pay-as-you-ride),224,classic,9/7/2021 18:26:30,3455,4th/Guadalupe @ Republic Square,2497,11th/Congress @ The Texas Capitol,78
24919583,Local31,1949,classic,24/8/2021 11:11:45,3455,4th/Guadalupe @ Republic Square,2497,11th/Congress @ The Texas Capitol,15
24778300,Single Trip (Pay-as-you-ride),21499,electric,7/8/2021 19:00:01,3455,4th/Guadalupe @ Republic Square,2497,11th/Congress @ The Texas Capitol,58
24896608,Explorer,19090,electric,22/8/2021 10:42:16,3455,4th/Guadalupe @ Republic Square,2497,11th/Congress @ The Texas Capitol,17
24842479,24 Hour Walk Up Pass,21709,electric,15/8/2021 19:29:31,3455,4th/Guadalupe @ Republic Square,2497,11th/Congress @ The Texas Capitol,22
24842458,24 Hour Walk Up Pass,16881,electric,15/8/2021 19:28:06,3455,4th/Guadalupe @ Republic Square,2497,11th/Congress @ The Texas Capitol,24
24919604,Explorer,014G,classic,24/8/2021 11:12:50,3455,4th/Guadalupe @ Republic Square,2497,11th/Congress @ The Texas Capitol,14
24896621,Explorer,19943,electric,22/8/2021 10:43:42,3455,4th/Guadalupe @ Republic Square,2497,11th/Congress @ The Texas Capitol,16
24949250,Explorer,21455,electric,27/8/2021 12:56:36,3455,4th/Guadalupe @ Republic Square,2497,11th/Congress @ The Texas Capitol,36
24959320,Local365,21772,electric,28/8/2021 11:27:27,3455,4th/Guadalupe @ Republic Square,2497,11th/Congress @ The Texas Capitol,37
24946819,Local365,21458,electric,27/8/2021 7:47:24,3455,4th/Guadalupe @ Republic Square,2497,11th/Congress @ The Texas Capitol,21
24919585,Explorer,21464,electric,24/8/2021 11:11:53,3455,4th/Guadalupe @ Republic Square,2497,11th/Congress @ The Texas Capitol,15
25048632,Explorer,21729,electric,6/9/2021 9:35:35,3455,4th/Guadalupe @ Republic Square,2497,11th/Congress @ The Texas Capitol,47
25035012,Local365,19314,electric,5/9/2021 8:35:33,3455,4th/Guadalupe @ Republic Square,2497,11th/Congress @ The Texas Capitol,35
25096136,24 Hour Walk Up Pass,21585,electric,11/9/2021 10:31:45,3455,4th/Guadalupe @ Republic Square,2497,11th/Congress @ The Texas Capitol,48
25096170,24 Hour Walk Up Pass,19196,electric,11/9/2021 10:34:39,3455,4th/Guadalupe @ Republic Square,2497,11th/Congress @ The Texas Capitol,45
25318874,Explorer,138G,classic,4/10/2021 14:54:49,3455,4th/Guadalupe @ Republic Square,2497,11th/Congress @ The Texas Capitol,12
25489202,Single Trip (Pay-as-you-ride),23251,electric,22/10/2021 13:30:01,3455,4th/Guadalupe @ Republic Square,2497,11th/Congress @ The Texas Capitol,17
25680819,Pay-as-you-ride,18673,electric,19/11/2021 10:11:57,3455,4th/Guadalupe @ Republic Square,2497,11th/Congress @ The Texas Capitol,8
25680818,Pay-as-you-ride,21487,electric,19/11/2021 10:11:55,3455,4th/Guadalupe @ Republic Square,2497,11th/Congress @ The Texas Capitol,8
25858423,3-Day Weekender,19476,electric,28/12/2021 16:57:39,3455,4th/Guadalupe @ Republic Square,2497,11th/Congress @ The Texas Capitol,13
25858430,3-Day Weekender,21806,electric,28/12/2021 17:00:13,3455,4th/Guadalupe @ Republic Square,2497,11th/Congress @ The Texas Capitol,10
21509936,Explorer,517,classic,25/1/2020 17:12:05,3455,4th/Guadalupe @ Republic Square,2497,11th/Congress @ The Texas Capitol,19
21509941,Explorer,661,classic,25/1/2020 17:13:04,3455,4th/Guadalupe @ Republic Square,2497,11th/Congress @ The Texas Capitol,18
26033378,Single Trip (Pay-as-you-ride),19677,electric,16/2/2022 15:03:43,3455,4th/Guadalupe @ Republic Square,2497,11th/Congress @ The Texas Capitol,13
26969384,Local365,21668,electric,20/6/2022 15:39:25,3455,4th/Guadalupe @ Republic Square,2497,11th/Congress @ The Texas Capitol,51
26869831,Local31,21729,electric,9/6/2022 9:50:19,3455,4th/Guadalupe @ Republic Square,2497,11th/Congress @ The Texas Capitol,36
26984916,Local365,21487,electric,22/6/2022 12:59:39,3455,4th/Guadalupe @ Republic Square,2497,11th/Congress @ The Texas Capitol,10
26620875,Pay-as-you-ride,19608,electric,8/5/2022 20:47:17,3794,4th/Sabine,2497,11th/Congress @ The Texas Capitol,89
26092462,24 Hour Walk Up Pass,16855,electric,2/3/2022 9:39:55,3794,4th/Sabine,2497,11th/Congress @ The Texas Capitol,12
26233832,3-Day Weekender,21798,electric,24/3/2022 10:02:17,3794,4th/Sabine,2497,11th/Congress @ The Texas Capitol,11
26233835,3-Day Weekender,19163,electric,24/3/2022 10:02:38,3794,4th/Sabine,2497,11th/Congress @ The Texas Capitol,11
26513925,Explorer,21767,electric,26/4/2022 10:07:49,3794,4th/Sabine,2497,11th/Congress @ The Texas Capitol,13
26536983,Local31,229,classic,28/4/2022 18:33:51,3794,4th/Sabine,2497,11th/Congress @ The Texas Capitol,12
26513936,Explorer,661,classic,26/4/2022 10:09:17,3794,4th/Sabine,2497,11th/Congress @ The Texas Capitol,11
26518341,Local31,21427,electric,26/4/2022 17:11:07,3794,4th/Sabine,2497,11th/Congress @ The Texas Capitol,27
26447409,Explorer,21477,electric,19/4/2022 18:28:33,3794,4th/Sabine,2497,11th/Congress @ The Texas Capitol,15
26414694,Explorer,21440,electric,15/4/2022 20:35:33,3794,4th/Sabine,2497,11th/Congress @ The Texas Capitol,27
26513921,Explorer,21707,electric,26/4/2022 10:07:36,3794,4th/Sabine,2497,11th/Congress @ The Texas Capitol,13
26447408,Explorer,21788,electric,19/4/2022 18:28:18,3794,4th/Sabine,2497,11th/Congress @ The Texas Capitol,15
26513917,Explorer,517,classic,26/4/2022 10:06:47,3794,4th/Sabine,2497,11th/Congress @ The Texas Capitol,14
27612557,Explorer,19185,electric,27/8/2022 15:09:06,3794,4th/Sabine,2497,11th/Congress @ The Texas Capitol,22
27612574,Explorer,19196,electric,27/8/2022 15:10:41,3794,4th/Sabine,2497,11th/Congress @ The Texas Capitol,21
27612577,Explorer,19955,electric,27/8/2022 15:10:46,3794,4th/Sabine,2497,11th/Congress @ The Texas Capitol,21
27612561,Explorer,19847,electric,27/8/2022 15:09:24,3794,4th/Sabine,2497,11th/Congress @ The Texas Capitol,21
27518420,3-Day Weekender,21422,electric,19/8/2022 15:42:20,3794,4th/Sabine,2497,11th/Congress @ The Texas Capitol,6
28194330,Student Membership,15063E,electric,14/10/2022 17:18:04,3794,4th/Sabine,2497,11th/Congress @ The Texas Capitol,8
28239165,3-Day Weekender,19619,electric,19/10/2022 10:23:17,3794,4th/Sabine,2497,11th/Congress @ The Texas Capitol,9
28239164,3-Day Weekender,19247,electric,19/10/2022 10:23:15,3794,4th/Sabine,2497,11th/Congress @ The Texas Capitol,9
28515758,Student Membership,23251,electric,21/11/2022 17:07:54,3794,4th/Sabine,,11th/Congress @ The Texas Capitol,34
28594505,Pay-as-you-ride,16333,electric,6/12/2022 14:05:20,3794,4th/Sabine,2497,11th/Congress @ The Texas Capitol,11
23506989,Local31,19163,electric,9/2/2021 18:13:52,3794,4th/Sabine,2497,11th/Congress @ The Texas Capitol,54
23468669,24 Hour Walk Up Pass,430,classic,30/1/2021 15:54:58,3794,4th/Sabine,2497,11th/Congress @ The Texas Capitol,12
23831617,Pay-as-you-ride,21728,electric,9/4/2021 15:06:43,3794,4th/Sabine,2497,11th/Congress @ The Texas Capitol,53
24108700,3-Day Weekender,21729,electric,17/5/2021 12:09:10,3794,4th/Sabine,2497,11th/Congress @ The Texas Capitol,11
24107743,Local365,21849,electric,17/5/2021 9:35:50,3794,4th/Sabine,2497,11th/Congress @ The Texas Capitol,19
24108701,3-Day Weekender,21628,electric,17/5/2021 12:09:15,3794,4th/Sabine,2497,11th/Congress @ The Texas Capitol,11
24221863,Local365,19693,electric,1/6/2021 14:24:34,3794,4th/Sabine,2497,11th/Congress @ The Texas Capitol,15
24734951,Local365,19442,electric,2/8/2021 11:04:33,3794,4th/Sabine,2497,11th/Congress @ The Texas Capitol,43
25809031,Explorer,19330,electric,14/12/2021 14:18:54,3794,4th/Sabine,2497,11th/Congress @ The Texas Capitol,17
25809051,Explorer,22563,electric,14/12/2021 14:21:03,3794,4th/Sabine,2497,11th/Congress @ The Texas Capitol,15
25834753,3-Day Weekender,270G,classic,22/12/2021 13:46:12,3794,4th/Sabine,2497,11th/Congress @ The Texas Capitol,62
25834751,3-Day Weekender,2195,classic,22/12/2021 13:45:49,3794,4th/Sabine,2497,11th/Congress @ The Texas Capitol,19
25834746,3-Day Weekender,21751,electric,22/12/2021 13:44:55,3794,4th/Sabine,2497,11th/Congress @ The Texas Capitol,20
21771556,3-Day Weekender,19583,electric,8/4/2020 13:32:36,3794,4th/Sabine,2497,11th/Congress @ The Texas Capitol,17
21755872,24 Hour Walk Up Pass,18673,electric,3/4/2020 13:18:02,3794,4th/Sabine,2497,11th/Congress @ The Texas Capitol,25
26017323,Local365,19303,electric,13/2/2022 12:14:11,3794,4th/Sabine,2497,11th/Congress @ The Texas Capitol,34
26057070,Local365,21561,electric,21/2/2022 10:28:59,3794,4th/Sabine,2497,11th/Congress @ The Texas Capitol,8
26663030,3-Day Weekender,19250,electric,13/5/2022 18:13:45,3794,4th/Sabine,2497,11th/Congress @ The Texas Capitol,21
26164270,Explorer,23277,electric,15/3/2022 9:15:24,2501,5th/Bowie,2497,11th/Congress @ The Texas Capitol,38
26259730,Local365,21551,electric,27/3/2022 17:21:25,2501,5th/Bowie,2497,11th/Congress @ The Texas Capitol,7
26214712,Local31,21561,electric,20/3/2022 18:21:40,2501,5th/Bowie,2497,11th/Congress @ The Texas Capitol,808
26480319,Explorer,18132,electric,23/4/2022 11:43:33,2501,5th/Bowie,2497,11th/Congress @ The Texas Capitol,27
26480335,Explorer,18592,electric,23/4/2022 11:44:33,2501,5th/Bowie,2497,11th/Congress @ The Texas Capitol,27
27121228,Pay-as-you-ride,621,classic,7/7/2022 12:20:48,2501,5th/Bowie,2497,11th/Congress @ The Texas Capitol,15
27525120,Pay-as-you-ride,18923,electric,20/8/2022 9:50:33,2501,5th/Bowie,2497,11th/Congress @ The Texas Capitol,12
27525123,Pay-as-you-ride,21712,electric,20/8/2022 9:50:46,2501,5th/Bowie,2497,11th/Congress @ The Texas Capitol,12
27434305,Local31,22530,electric,10/8/2022 12:12:58,2501,5th/Bowie,2497,11th/Congress @ The Texas Capitol,28
27560993,Local365,21739,electric,23/8/2022 11:42:14,2501,5th/Bowie,2497,11th/Congress @ The Texas Capitol,6
27893698,Local365,18726,electric,19/9/2022 13:59:31,2501,5th/Bowie,2497,11th/Congress @ The Texas Capitol,8
27863779,3-Day Weekender,21653,electric,17/9/2022 9:13:27,2501,5th/Bowie,2497,11th/Congress @ The Texas Capitol,10
27746910,Local31,22573,electric,7/9/2022 17:32:12,2501,5th/Bowie,2497,11th/Congress @ The Texas Capitol,42
27863778,3-Day Weekender,21709,electric,17/9/2022 9:13:24,2501,5th/Bowie,2497,11th/Congress @ The Texas Capitol,10
28270887,Pay-as-you-ride,893,classic,22/10/2022 10:30:37,2501,5th/Bowie,2497,11th/Congress @ The Texas Capitol,13
28522869,Local31,19326,electric,23/11/2022 13:13:09,2501,5th/Bowie,,11th/Congress @ The Texas Capitol,9
28565924,Local31,19314,electric,1/12/2022 23:35:47,2501,5th/Bowie,2497,11th/Congress @ The Texas Capitol,31
23420090,Local365,19424,electric,16/1/2021 15:15:33,2501,5th/Bowie,2497,11th/Congress @ The Texas Capitol,10
23422440,Local365,1850,classic,17/1/2021 9:29:10,2501,5th/Bowie,2497,11th/Congress @ The Texas Capitol,9
23431342,Local31,19185,electric,19/1/2021 6:13:12,2501,5th/Bowie,2497,11th/Congress @ The Texas Capitol,246
23632900,Local365,388,classic,13/3/2021 16:22:16,2501,5th/Bowie,2497,11th/Congress @ The Texas Capitol,12
23958708,Local365,21676,electric,26/4/2021 21:36:13,2501,5th/Bowie,2497,11th/Congress @ The Texas Capitol,35
24083137,3-Day Weekender,19730,electric,14/5/2021 10:50:50,2501,5th/Bowie,2497,11th/Congress @ The Texas Capitol,48
24501927,3-Day Weekender,18101,electric,5/7/2021 15:50:51,2501,5th/Bowie,2497,11th/Congress @ The Texas Capitol,39
24502111,24 Hour Walk Up Pass,14190,classic,5/7/2021 16:09:06,2501,5th/Bowie,2497,11th/Congress @ The Texas Capitol,21
24502117,24 Hour Walk Up Pass,21816,electric,5/7/2021 16:10:03,2501,5th/Bowie,2497,11th/Congress @ The Texas Capitol,20
25374901,Local31,21707,electric,10/10/2021 10:43:54,2501,5th/Bowie,2497,11th/Congress @ The Texas Capitol,28
25642706,3-Day Weekender,21485,electric,13/11/2021 9:58:30,2501,5th/Bowie,2497,11th/Congress @ The Texas Capitol,25
25568296,Pay-as-you-ride,18556,electric,2/11/2021 12:06:18,2501,5th/Bowie,2497,11th/Congress @ The Texas Capitol,22
25642701,3-Day Weekender,23271,electric,13/11/2021 9:57:54,2501,5th/Bowie,2497,11th/Congress @ The Texas Capitol,26
25697866,3-Day Weekender,19442,electric,22/11/2021 10:14:12,2501,5th/Bowie,2497,11th/Congress @ The Texas Capitol,13
25847991,Pay-as-you-ride,21558,electric,26/12/2021 13:16:45,2501,5th/Bowie,2497,11th/Congress @ The Texas Capitol,13
25848002,Pay-as-you-ride,21697,electric,26/12/2021 13:19:22,2501,5th/Bowie,2497,11th/Congress @ The Texas Capitol,10
21739141,Explorer,19678,electric,29/3/2020 13:42:26,2501,5th/Bowie,2497,11th/Congress @ The Texas Capitol,10
26071954,Local365,21499,electric,25/2/2022 17:50:01,2501,5th/Bowie,2497,11th/Congress @ The Texas Capitol,9
26888677,Explorer,21647,electric,11/6/2022 13:24:21,2501,5th/Bowie,2497,11th/Congress @ The Texas Capitol,62
26816738,Local31,1423,classic,2/6/2022 13:15:02,2501,5th/Bowie,2497,11th/Congress @ The Texas Capitol,12
27043372,3-Day Weekender,21639,electric,28/6/2022 17:35:35,2501,5th/Bowie,2497,11th/Congress @ The Texas Capitol,10
26897102,Local365,46,classic,12/6/2022 13:05:55,2501,5th/Bowie,2497,11th/Congress @ The Texas Capitol,9
26888666,3-Day Weekender,19250,electric,11/6/2022 13:23:42,2501,5th/Bowie,2497,11th/Congress @ The Texas Capitol,63
23851546,24 Hour Walk Up Pass,19517,electric,11/4/2021 16:27:23,4050,5th/Campbell,2497,11th/Congress @ The Texas Capitol,47
23851669,Pay-as-you-ride,19078,electric,11/4/2021 16:35:32,4050,5th/Campbell,2497,11th/Congress @ The Texas Capitol,39
23851514,24 Hour Walk Up Pass,647,classic,11/4/2021 16:24:42,4050,5th/Campbell,2497,11th/Congress @ The Texas Capitol,50
23851617,24 Hour Walk Up Pass,21447,electric,11/4/2021 16:31:02,4050,5th/Campbell,2497,11th/Congress @ The Texas Capitol,43
23851602,Pay-as-you-ride,21718,electric,11/4/2021 16:30:16,4050,5th/Campbell,2497,11th/Congress @ The Texas Capitol,45
23851530,Pay-as-you-ride,21477,electric,11/4/2021 16:26:13,4050,5th/Campbell,2497,11th/Congress @ The Texas Capitol,48
23851587,24 Hour Walk Up Pass,19631,electric,11/4/2021 16:29:21,4050,5th/Campbell,2497,11th/Congress @ The Texas Capitol,45
24361969,Pay-as-you-ride,19677,electric,18/6/2021 17:52:27,4050,5th/Campbell,2497,11th/Congress @ The Texas Capitol,83
25430108,Local31,21789,electric,15/10/2021 20:51:40,4050,5th/Campbell,2497,11th/Congress @ The Texas Capitol,16
25460581,Local31,21895,electric,19/10/2021 8:59:47,4050,5th/Campbell,2497,11th/Congress @ The Texas Capitol,33
26765370,24 Hour Walk Up Pass,21789,electric,27/5/2022 11:57:03,3390,6th/Brazos,2497,11th/Congress @ The Texas Capitol,41
26785398,Single Trip (Pay-as-you-ride),21723,electric,29/5/2022 14:47:04,3390,6th/Brazos,2497,11th/Congress @ The Texas Capitol,28
26765352,24 Hour Walk Up Pass,21900,electric,27/5/2022 11:55:24,3390,6th/Brazos,2497,11th/Congress @ The Texas Capitol,42
26665930,Student Membership,19739,electric,14/5/2022 2:11:20,3390,6th/Brazos,2497,11th/Congress @ The Texas Capitol,10
26230711,Pay-as-you-ride,1984,classic,23/3/2022 16:03:05,3390,6th/Brazos,2497,11th/Congress @ The Texas Capitol,15
26163771,Explorer,22521,electric,14/3/2022 23:49:44,3390,6th/Brazos,2497,11th/Congress @ The Texas Capitol,7
26100708,24 Hour Walk Up Pass,19250,electric,3/3/2022 14:23:30,3390,6th/Brazos,2497,11th/Congress @ The Texas Capitol,32
26451720,Local365,21709,electric,20/4/2022 12:04:36,3390,6th/Brazos,2497,11th/Congress @ The Texas Capitol,4
26497227,Student Membership,509,classic,24/4/2022 12:06:11,3390,6th/Brazos,2497,11th/Congress @ The Texas Capitol,5
26424738,3-Day Weekender,21551,electric,16/4/2022 22:35:28,3390,6th/Brazos,2497,11th/Congress @ The Texas Capitol,9
26497232,Student Membership,435,classic,24/4/2022 12:06:26,3390,6th/Brazos,2497,11th/Congress @ The Texas Capitol,5
26424737,3-Day Weekender,19461,electric,16/4/2022 22:35:16,3390,6th/Brazos,2497,11th/Congress @ The Texas Capitol,9
27314937,Local31,21477,electric,27/7/2022 21:07:55,3390,6th/Brazos,2497,11th/Congress @ The Texas Capitol,5
27279426,Local31,21652,electric,23/7/2022 21:55:24,3390,6th/Brazos,2497,11th/Congress @ The Texas Capitol,5
27269479,Local31,22196,electric,22/7/2022 21:57:46,3390,6th/Brazos,2497,11th/Congress @ The Texas Capitol,4
27260168,Local31,19132,electric,21/7/2022 21:55:59,3390,6th/Brazos,2497,11th/Congress @ The Texas Capitol,5
27243904,3-Day Weekender,2459,classic,20/7/2022 10:24:55,3390,6th/Brazos,2497,11th/Congress @ The Texas Capitol,5
27233042,Local31,18329,electric,18/7/2022 21:51:29,3390,6th/Brazos,2497,11th/Congress @ The Texas Capitol,14
27195489,Local31,19107,electric,14/7/2022 22:06:41,3390,6th/Brazos,2497,11th/Congress @ The Texas Capitol,5
27130077,Explorer,15063E,electric,8/7/2022 12:58:38,3390,6th/Brazos,2497,11th/Congress @ The Texas Capitol,15
27370226,Local31,19849,electric,2/8/2022 22:59:48,3390,6th/Brazos,2497,11th/Congress @ The Texas Capitol,5
27373031,3-Day Weekender,19734,electric,3/8/2022 12:20:35,3390,6th/Brazos,2497,11th/Congress @ The Texas Capitol,7
27373033,3-Day Weekender,19943,electric,3/8/2022 12:21:09,3390,6th/Brazos,2497,11th/Congress @ The Texas Capitol,6
27704782,Explorer,328G,classic,4/9/2022 13:56:44,3390,6th/Brazos,2497,11th/Congress @ The Texas Capitol,29
27704840,Explorer,19165,electric,4/9/2022 13:59:23,3390,6th/Brazos,2497,11th/Congress @ The Texas Capitol,26
28145960,3-Day Weekender,19177,electric,10/10/2022 14:10:11,3390,6th/Brazos,2497,11th/Congress @ The Texas Capitol,8
28145933,3-Day Weekender,22431,electric,10/10/2022 14:08:55,3390,6th/Brazos,2497,11th/Congress @ The Texas Capitol,10
28538784,Student Membership,19165,electric,27/11/2022 14:13:59,3390,6th/Brazos,,11th/Congress @ The Texas Capitol,4
28597667,Student Membership,18704,electric,6/12/2022 21:08:28,3390,6th/Brazos,2497,11th/Congress @ The Texas Capitol,4
23465794,24 Hour Walk Up Pass,19935,electric,30/1/2021 0:40:00,3390,6th/Brazos,2497,11th/Congress @ The Texas Capitol,22
23588082,Single Trip (Pay-as-you-ride),16418,electric,6/3/2021 11:34:03,3390,6th/Brazos,2497,11th/Congress @ The Texas Capitol,14
23588093,Single Trip (Pay-as-you-ride),21495,electric,6/3/2021 11:35:36,3390,6th/Brazos,2497,11th/Congress @ The Texas Capitol,13
23748556,Explorer,21699,electric,30/3/2021 11:57:57,3390,6th/Brazos,2497,11th/Congress @ The Texas Capitol,34
23718480,24 Hour Walk Up Pass,19386,electric,26/3/2021 14:47:54,3390,6th/Brazos,2497,11th/Congress @ The Texas Capitol,5
23810441,24 Hour Walk Up Pass,19646,electric,6/4/2021 17:08:06,3390,6th/Brazos,2497,11th/Congress @ The Texas Capitol,4
24057762,Local31,21415,electric,10/5/2021 14:32:16,3390,6th/Brazos,2497,11th/Congress @ The Texas Capitol,6
24212477,Local31,19314,electric,31/5/2021 13:25:55,3390,6th/Brazos,2497,11th/Congress @ The Texas Capitol,6
24174536,Local365,18696,electric,26/5/2021 18:40:50,3390,6th/Brazos,2497,11th/Congress @ The Texas Capitol,58
24343421,Student Membership,21886,electric,16/6/2021 11:44:49,3390,6th/Brazos,2497,11th/Congress @ The Texas Capitol,7
24376453,Single Trip (Pay-as-you-ride),260,classic,20/6/2021 2:18:14,3390,6th/Brazos,2497,11th/Congress @ The Texas Capitol,16
24376438,Single Trip (Pay-as-you-ride),862,classic,20/6/2021 2:11:38,3390,6th/Brazos,2497,11th/Congress @ The Texas Capitol,24
24376472,Single Trip (Pay-as-you-ride),21408,electric,20/6/2021 2:24:12,3390,6th/Brazos,2497,11th/Congress @ The Texas Capitol,10
24569776,Local31,19271,electric,13/7/2021 20:26:13,3390,6th/Brazos,2497,11th/Congress @ The Texas Capitol,56
24569790,Local31,16290,electric,13/7/2021 20:27:18,3390,6th/Brazos,2497,11th/Congress @ The Texas Capitol,55
24515358,24 Hour Walk Up Pass,951,classic,7/7/2021 12:01:06,3390,6th/Brazos,2497,11th/Congress @ The Texas Capitol,35
24662141,24 Hour Walk Up Pass,16828,electric,24/7/2021 16:25:29,3390,6th/Brazos,2497,11th/Congress @ The Texas Capitol,8
24662189,24 Hour Walk Up Pass,19314,electric,24/7/2021 16:29:04,3390,6th/Brazos,2497,11th/Congress @ The Texas Capitol,4
24662103,24 Hour Walk Up Pass,21430,electric,24/7/2021 16:22:53,3390,6th/Brazos,2497,11th/Congress @ The Texas Capitol,11
24662125,24 Hour Walk Up Pass,19602,electric,24/7/2021 16:24:43,3390,6th/Brazos,2497,11th/Congress @ The Texas Capitol,8
24765320,Explorer,19221,electric,6/8/2021 11:41:31,3390,6th/Brazos,2497,11th/Congress @ The Texas Capitol,14
24765325,Explorer,19207,electric,6/8/2021 11:41:48,3390,6th/Brazos,2497,11th/Congress @ The Texas Capitol,14
25271291,Local365,14244,classic,29/9/2021 12:47:17,3390,6th/Brazos,2497,11th/Congress @ The Texas Capitol,7
25075116,Local365,19453,electric,9/9/2021 8:48:04,3390,6th/Brazos,2497,11th/Congress @ The Texas Capitol,5
25135109,Local365,680,classic,15/9/2021 8:43:33,3390,6th/Brazos,2497,11th/Congress @ The Texas Capitol,8
25176285,Local365,19198,electric,18/9/2021 21:09:54,3390,6th/Brazos,2497,11th/Congress @ The Texas Capitol,59
25219533,Local365,21561,electric,23/9/2021 19:45:19,3390,6th/Brazos,2497,11th/Congress @ The Texas Capitol,8
25128905,Local365,21413,electric,14/9/2021 13:08:55,3390,6th/Brazos,2497,11th/Congress @ The Texas Capitol,4
25486473,Local31,19330,electric,22/10/2021 4:12:02,3390,6th/Brazos,2497,11th/Congress @ The Texas Capitol,34
25424340,Local365,034G,classic,15/10/2021 11:09:35,3390,6th/Brazos,2497,11th/Congress @ The Texas Capitol,7
25544929,Local365,21749,electric,29/10/2021 15:34:10,3390,6th/Brazos,2497,11th/Congress @ The Texas Capitol,8
25567579,Local365,17019,electric,2/11/2021 10:14:33,3390,6th/Brazos,2497,11th/Congress @ The Texas Capitol,5
25790041,3-Day Weekender,21457,electric,10/12/2021 12:37:24,3390,6th/Brazos,2497,11th/Congress @ The Texas Capitol,29
25790035,3-Day Weekender,21725,electric,10/12/2021 12:37:02,3390,6th/Brazos,2497,11th/Congress @ The Texas Capitol,29
21626920,Explorer,19213,electric,29/2/2020 13:57:38,3390,6th/Brazos,2497,11th/Congress @ The Texas Capitol,9
21626933,Explorer,663,classic,29/2/2020 13:58:46,3390,6th/Brazos,2497,11th/Congress @ The Texas Capitol,8
21554392,Explorer,110G,classic,8/2/2020 16:11:57,3390,6th/Brazos,2497,11th/Congress @ The Texas Capitol,11
21554398,Explorer,227G,classic,8/2/2020 16:12:30,3390,6th/Brazos,2497,11th/Congress @ The Texas Capitol,10
27019070,Local31,21447,electric,25/6/2022 22:03:47,3390,6th/Brazos,2497,11th/Congress @ The Texas Capitol,5
26571801,Explorer,370,classic,2/5/2022 16:35:13,3390,6th/Brazos,2497,11th/Congress @ The Texas Capitol,11
27138031,Explorer,430,classic,9/7/2022 9:54:51,4057,6th/Chalmers,2497,11th/Congress @ The Texas Capitol,19
27138034,Explorer,1782,classic,9/7/2022 9:55:02,4057,6th/Chalmers,2497,11th/Congress @ The Texas Capitol,18
27138023,Explorer,18532,electric,9/7/2022 9:54:06,4057,6th/Chalmers,2497,11th/Congress @ The Texas Capitol,19
27359230,Pay-as-you-ride,21457,electric,1/8/2022 17:56:32,4057,6th/Chalmers,2497,11th/Congress @ The Texas Capitol,13
27359214,Pay-as-you-ride,18673,electric,1/8/2022 17:54:58,4057,6th/Chalmers,2497,11th/Congress @ The Texas Capitol,15
28092050,Local31,21698,electric,5/10/2022 20:00:33,4057,6th/Chalmers,2497,11th/Congress @ The Texas Capitol,19
28119367,Student Membership,21575,electric,8/10/2022 11:16:24,4057,6th/Chalmers,2497,11th/Congress @ The Texas Capitol,8
28536146,Local365,21767,electric,26/11/2022 20:13:18,4057,6th/Chalmers,,11th/Congress @ The Texas Capitol,10
28673608,24 Hour Walk Up Pass,21528,electric,28/12/2022 16:04:09,4057,6th/Chalmers,2497,11th/Congress @ The Texas Capitol,28
28616868,3-Day Weekender,343,classic,10/12/2022 10:28:52,4057,6th/Chalmers,2497,11th/Congress @ The Texas Capitol,11
28673590,24 Hour Walk Up Pass,19775,electric,28/12/2022 16:02:01,4057,6th/Chalmers,2497,11th/Congress @ The Texas Capitol,30
28616867,3-Day Weekender,19078,electric,10/12/2022 10:28:50,4057,6th/Chalmers,2497,11th/Congress @ The Texas Capitol,115
28655203,Local31,21571,electric,20/12/2022 7:22:01,4057,6th/Chalmers,2497,11th/Congress @ The Texas Capitol,44
26755553,Pay-as-you-ride,21772,electric,25/5/2022 18:10:45,4057,6th/Chalmers,2497,11th/Congress @ The Texas Capitol,13
23938813,Pay-as-you-ride,102,classic,24/4/2021 17:52:05,4057,6th/Chalmers ,2497,11th/Congress @ The Texas Capitol,18
23938801,Pay-as-you-ride,393,classic,24/4/2021 17:51:23,4057,6th/Chalmers ,2497,11th/Congress @ The Texas Capitol,19
23938832,Pay-as-you-ride,14261,classic,24/4/2021 17:53:47,4057,6th/Chalmers ,2497,11th/Congress @ The Texas Capitol,16
24008346,Explorer,21477,electric,3/5/2021 14:02:47,4057,6th/Chalmers ,2497,11th/Congress @ The Texas Capitol,12
24008351,Explorer,21430,electric,3/5/2021 14:03:02,4057,6th/Chalmers ,2497,11th/Congress @ The Texas Capitol,10
24565224,Local365,21876,electric,13/7/2021 11:14:36,4057,6th/Chalmers ,2497,11th/Congress @ The Texas Capitol,15
24507823,Local365,16276,electric,6/7/2021 12:35:07,4057,6th/Chalmers ,2497,11th/Congress @ The Texas Capitol,13
24524431,Local365,21806,electric,8/7/2021 12:18:34,4057,6th/Chalmers ,2497,11th/Congress @ The Texas Capitol,16
24797913,Local365,19730,electric,10/8/2021 12:42:39,4057,6th/Chalmers ,2497,11th/Congress @ The Texas Capitol,15
24937680,Local365,19606,electric,26/8/2021 9:35:24,4057,6th/Chalmers ,2497,11th/Congress @ The Texas Capitol,16
25204094,Local365,19488,electric,22/9/2021 8:46:13,4057,6th/Chalmers ,2497,11th/Congress @ The Texas Capitol,16
25407379,Local365,21468,electric,13/10/2021 12:06:50,4057,6th/Chalmers ,2497,11th/Congress @ The Texas Capitol,13
21516430,Single Trip (Pay-as-you-ride),057G,classic,27/1/2020 13:37:25,4057,6th/Chalmers ,2497,11th/Congress @ The Texas Capitol,10
26745660,Local365,18947,electric,24/5/2022 7:34:32,3619,6th/Congress,2497,11th/Congress @ The Texas Capitol,46
26657167,Local31,19608,electric,13/5/2022 9:06:44,3619,6th/Congress,2497,11th/Congress @ The Texas Capitol,4
26767815,Student Membership,21586,electric,27/5/2022 16:58:14,3619,6th/Congress,2497,11th/Congress @ The Texas Capitol,4
26743412,Student Membership,2205,classic,23/5/2022 17:21:23,3619,6th/Congress,2497,11th/Congress @ The Texas Capitol,3
26783331,Explorer,21575,electric,29/5/2022 11:56:42,3619,6th/Congress,2497,11th/Congress @ The Texas Capitol,34
26168218,Pay-as-you-ride,23251,electric,15/3/2022 16:17:03,3619,6th/Congress,2497,11th/Congress @ The Texas Capitol,12
26138706,Explorer,21457,electric,10/3/2022 13:12:39,3619,6th/Congress,2497,11th/Congress @ The Texas Capitol,8
26168211,Pay-as-you-ride,21551,electric,15/3/2022 16:16:37,3619,6th/Congress,2497,11th/Congress @ The Texas Capitol,13
26138716,Explorer,1551,classic,10/3/2022 13:15:00,3619,6th/Congress,2497,11th/Congress @ The Texas Capitol,5
26219022,Pay-as-you-ride,21654,electric,21/3/2022 14:05:34,3619,6th/Congress,2497,11th/Congress @ The Texas Capitol,8
26219007,Pay-as-you-ride,21647,electric,21/3/2022 14:03:25,3619,6th/Congress,2497,11th/Congress @ The Texas Capitol,10
26272114,Local365,18971,electric,29/3/2022 13:49:07,3619,6th/Congress,2497,11th/Congress @ The Texas Capitol,3
26394592,Explorer,21546,electric,13/4/2022 14:05:03,3619,6th/Congress,2497,11th/Congress @ The Texas Capitol,56
26408306,3-Day Weekender,2197,classic,15/4/2022 11:30:55,3619,6th/Congress,2497,11th/Congress @ The Texas Capitol,5
26435551,3-Day Weekender,877,classic,18/4/2022 13:02:10,3619,6th/Congress,2497,11th/Congress @ The Texas Capitol,13
26499335,3-Day Weekender,242,classic,24/4/2022 14:17:21,3619,6th/Congress,2497,11th/Congress @ The Texas Capitol,6
26548029,Local31,21704,electric,29/4/2022 22:35:14,3619,6th/Congress,2497,11th/Congress @ The Texas Capitol,13
26304224,Local365,19739,electric,2/4/2022 17:00:38,3619,6th/Congress,2497,11th/Congress @ The Texas Capitol,8
26347516,Student Membership,1958,classic,8/4/2022 2:30:05,3619,6th/Congress,2497,11th/Congress @ The Texas Capitol,3
26434826,Explorer,18684,electric,18/4/2022 11:49:47,3619,6th/Congress,2497,11th/Congress @ The Texas Capitol,26
26435556,Explorer,362,classic,18/4/2022 13:03:30,3619,6th/Congress,2497,11th/Congress @ The Texas Capitol,13
26347919,Explorer,301,classic,8/4/2022 8:34:53,3619,6th/Congress,2497,11th/Congress @ The Texas Capitol,6
26347515,Student Membership,138G,classic,8/4/2022 2:29:21,3619,6th/Congress,2497,11th/Congress @ The Texas Capitol,4
26539554,Student Membership,19576,electric,29/4/2022 2:14:02,3619,6th/Congress,2497,11th/Congress @ The Texas Capitol,4
26299935,Explorer,209,classic,2/4/2022 10:53:24,3619,6th/Congress,2497,11th/Congress @ The Texas Capitol,17
26369922,Explorer,21900,electric,10/4/2022 14:00:26,3619,6th/Congress,2497,11th/Congress @ The Texas Capitol,13
26499336,3-Day Weekender,430,classic,24/4/2022 14:17:23,3619,6th/Congress,2497,11th/Congress @ The Texas Capitol,7
26435148,Explorer,19442,electric,18/4/2022 12:20:09,3619,6th/Congress,2497,11th/Congress @ The Texas Capitol,3
26435563,3-Day Weekender,370,classic,18/4/2022 13:04:54,3619,6th/Congress,2497,11th/Congress @ The Texas Capitol,11
26394587,Explorer,21550,electric,13/4/2022 14:04:41,3619,6th/Congress,2497,11th/Congress @ The Texas Capitol,56
26394593,Explorer,21543,electric,13/4/2022 14:05:16,3619,6th/Congress,2497,11th/Congress @ The Texas Capitol,56
26539553,Student Membership,19682,electric,29/4/2022 2:13:32,3619,6th/Congress,2497,11th/Congress @ The Texas Capitol,5
26299934,Explorer,22431,electric,2/4/2022 10:53:23,3619,6th/Congress,2497,11th/Congress @ The Texas Capitol,18
26505149,Pay-as-you-ride,21499,electric,24/4/2022 20:33:34,3619,6th/Congress,2497,11th/Congress @ The Texas Capitol,25
27188489,Local365,18923,electric,14/7/2022 10:24:50,3619,6th/Congress,2497,11th/Congress @ The Texas Capitol,3
27417804,Pay-as-you-ride,18995,electric,8/8/2022 10:53:36,3619,6th/Congress,2497,11th/Congress @ The Texas Capitol,182
27632849,Student Membership,21653,electric,29/8/2022 10:35:22,3619,6th/Congress,2497,11th/Congress @ The Texas Capitol,8
27388798,Local31,19918,electric,5/8/2022 8:34:26,3619,6th/Congress,2497,11th/Congress @ The Texas Capitol,20
27514872,Pay-as-you-ride,18995,electric,19/8/2022 10:44:44,3619,6th/Congress,2497,11th/Congress @ The Texas Capitol,6
27405457,3-Day Weekender,40,classic,6/8/2022 18:57:11,3619,6th/Congress,2497,11th/Congress @ The Texas Capitol,3
27427930,Pay-as-you-ride,16845,electric,9/8/2022 15:05:23,3619,6th/Congress,2497,11th/Congress @ The Texas Capitol,4
27427941,Pay-as-you-ride,19132,electric,9/8/2022 15:06:23,3619,6th/Congress,2497,11th/Congress @ The Texas Capitol,3
28031697,Local31,861,classic,30/9/2022 22:16:59,3619,6th/Congress,2497,11th/Congress @ The Texas Capitol,6
27688500,Student Membership,161,classic,2/9/2022 22:59:58,3619,6th/Congress,2497,11th/Congress @ The Texas Capitol,4
27870715,Local365,21486,electric,17/9/2022 17:00:14,3619,6th/Congress,2497,11th/Congress @ The Texas Capitol,4
27782952,Student Membership,3201,classic,10/9/2022 16:35:54,3619,6th/Congress,2497,11th/Congress @ The Texas Capitol,8
28024812,Explorer,19745,electric,30/9/2022 13:08:27,3619,6th/Congress,2497,11th/Congress @ The Texas Capitol,5
27780507,Pay-as-you-ride,407,classic,10/9/2022 13:42:47,3619,6th/Congress,2497,11th/Congress @ The Texas Capitol,11
28024766,Explorer,16946,electric,30/9/2022 13:06:00,3619,6th/Congress,2497,11th/Congress @ The Texas Capitol,7
27780541,Pay-as-you-ride,996,classic,10/9/2022 13:44:54,3619,6th/Congress,2497,11th/Congress @ The Texas Capitol,9
27782954,Student Membership,21422,electric,10/9/2022 16:36:05,3619,6th/Congress,2497,11th/Congress @ The Texas Capitol,6
27792220,Explorer,133,classic,11/9/2022 15:26:52,3619,6th/Congress,2497,11th/Congress @ The Texas Capitol,9
27848450,Pay-as-you-ride,21691,electric,16/9/2022 2:14:13,3619,6th/Congress,2497,11th/Congress @ The Texas Capitol,4
27777352,Local365,22155,electric,10/9/2022 8:17:33,3619,6th/Congress,2497,11th/Congress @ The Texas Capitol,3
27818972,Local365,17850,electric,13/9/2022 19:30:43,3619,6th/Congress,2497,11th/Congress @ The Texas Capitol,5
27792171,Explorer,12740,classic,11/9/2022 15:24:05,3619,6th/Congress,2497,11th/Congress @ The Texas Capitol,89
27839470,Student Membership,21467,electric,15/9/2022 13:28:46,3619,6th/Congress,2497,11th/Congress @ The Texas Capitol,5
27995044,Student Membership,21610,electric,27/9/2022 19:55:45,3619,6th/Congress,2497,11th/Congress @ The Texas Capitol,4
28236296,Local31,19314,electric,18/10/2022 19:19:00,3619,6th/Congress,2497,11th/Congress @ The Texas Capitol,4
28187291,Local31,21630,electric,14/10/2022 7:47:10,3619,6th/Congress,2497,11th/Congress @ The Texas Capitol,56
28340510,Local31,21729,electric,29/10/2022 10:25:33,3619,6th/Congress,2497,11th/Congress @ The Texas Capitol,27
28205768,Pay-as-you-ride,19619,electric,15/10/2022 16:45:47,3619,6th/Congress,2497,11th/Congress @ The Texas Capitol,5
28105734,Student Membership,21550,electric,7/10/2022 2:17:29,3619,6th/Congress,2497,11th/Congress @ The Texas Capitol,9
28198377,Student Membership,270G,classic,15/10/2022 0:32:57,3619,6th/Congress,2497,11th/Congress @ The Texas Capitol,3
28047749,Local31,17751,electric,2/10/2022 7:14:56,3619,6th/Congress,2497,11th/Congress @ The Texas Capitol,5
28199393,Local365,21790,electric,15/10/2022 8:35:17,3619,6th/Congress,2497,11th/Congress @ The Texas Capitol,3
28300354,Local31,19645,electric,24/10/2022 19:10:39,3619,6th/Congress,2497,11th/Congress @ The Texas Capitol,4
28080950,Local31,18532,electric,4/10/2022 20:58:29,3619,6th/Congress,2497,11th/Congress @ The Texas Capitol,4
28034246,Explorer,21472,electric,1/10/2022 10:22:28,3619,6th/Congress,2497,11th/Congress @ The Texas Capitol,11
28205775,Pay-as-you-ride,19783,electric,15/10/2022 16:45:57,3619,6th/Congress,2497,11th/Congress @ The Texas Capitol,6
28050461,Local31,23271,electric,2/10/2022 12:40:51,3619,6th/Congress,2497,11th/Congress @ The Texas Capitol,4
28157972,Explorer,16845,electric,11/10/2022 14:35:54,3619,6th/Congress,2497,11th/Congress @ The Texas Capitol,21
28173558,Pay-as-you-ride,382,classic,12/10/2022 18:15:28,3619,6th/Congress,2497,11th/Congress @ The Texas Capitol,7
28502292,Student Membership,2077,classic,18/11/2022 2:07:55,3619,6th/Congress,,11th/Congress @ The Texas Capitol,3
28502410,Local31,21426,electric,18/11/2022 7:02:27,3619,6th/Congress,,11th/Congress @ The Texas Capitol,25
28433664,Local31,16845,electric,8/11/2022 12:17:54,3619,6th/Congress,,11th/Congress @ The Texas Capitol,5
28533311,3-Day Weekender,995,classic,26/11/2022 13:21:59,3619,6th/Congress,,11th/Congress @ The Texas Capitol,12
28505111,Explorer,21723,electric,18/11/2022 15:52:34,3619,6th/Congress,,11th/Congress @ The Texas Capitol,7
28500416,Local31,21490,electric,17/11/2022 16:14:18,3619,6th/Congress,,11th/Congress @ The Texas Capitol,3
28520202,Student Membership,21485,electric,22/11/2022 17:49:02,3619,6th/Congress,,11th/Congress @ The Texas Capitol,3
28520203,Explorer,1531,classic,22/11/2022 17:49:04,3619,6th/Congress,,11th/Congress @ The Texas Capitol,3
28558943,Local31,21535,electric,30/11/2022 18:34:06,3619,6th/Congress,,11th/Congress @ The Texas Capitol,3
28684046,Explorer,21788,electric,31/12/2022 17:33:30,3619,6th/Congress,2497,11th/Congress @ The Texas Capitol,53
28684061,Explorer,21647,electric,31/12/2022 17:40:03,3619,6th/Congress,2497,11th/Congress @ The Texas Capitol,45
28678547,Pay-as-you-ride,12727,classic,30/12/2022 10:43:03,3619,6th/Congress,2497,11th/Congress @ The Texas Capitol,7
28598507,Local31,19955,electric,7/12/2022 8:00:35,3619,6th/Congress,2497,11th/Congress @ The Texas Capitol,32
28678552,Pay-as-you-ride,1386,classic,30/12/2022 10:44:25,3619,6th/Congress,2497,11th/Congress @ The Texas Capitol,5
28591399,Explorer,21495,electric,5/12/2022 23:23:15,3619,6th/Congress,2497,11th/Congress @ The Texas Capitol,7
28615186,Local31,229G,classic,9/12/2022 19:43:44,3619,6th/Congress,2497,11th/Congress @ The Texas Capitol,6
23533229,24 Hour Walk Up Pass,21535,electric,21/2/2021 16:22:16,3619,6th/Congress,2497,11th/Congress @ The Texas Capitol,78
23482934,Local31,210,classic,3/2/2021 11:45:45,3619,6th/Congress,2497,11th/Congress @ The Texas Capitol,7
23464162,Pay-as-you-ride,388,classic,29/1/2021 14:35:33,3619,6th/Congress,2497,11th/Congress @ The Texas Capitol,15
23464165,Pay-as-you-ride,110,classic,29/1/2021 14:35:52,3619,6th/Congress,2497,11th/Congress @ The Texas Capitol,15
23464166,Pay-as-you-ride,1378,classic,29/1/2021 14:36:04,3619,6th/Congress,2497,11th/Congress @ The Texas Capitol,14
23442845,Local365,2108,classic,22/1/2021 21:51:28,3619,6th/Congress,2497,11th/Congress @ The Texas Capitol,7
23472139,Local365,19583,electric,31/1/2021 11:56:15,3619,6th/Congress,2497,11th/Congress @ The Texas Capitol,2
23399109,Explorer,19427,electric,9/1/2021 15:15:42,3619,6th/Congress,2497,11th/Congress @ The Texas Capitol,6
23424230,Local365,19280,electric,17/1/2021 14:01:39,3619,6th/Congress,2497,11th/Congress @ The Texas Capitol,31
23399106,Explorer,19775,electric,9/1/2021 15:15:03,3619,6th/Congress,2497,11th/Congress @ The Texas Capitol,6
23383428,Local365,19376,electric,4/1/2021 13:13:17,3619,6th/Congress,2497,11th/Congress @ The Texas Capitol,3
23432665,Local365,1574,classic,19/1/2021 14:42:37,3619,6th/Congress,2497,11th/Congress @ The Texas Capitol,6
23399108,Explorer,19205,electric,9/1/2021 15:15:29,3619,6th/Congress,2497,11th/Congress @ The Texas Capitol,6
23753126,Local31,484,classic,30/3/2021 21:08:54,3619,6th/Congress,2497,11th/Congress @ The Texas Capitol,3
23734514,Single Trip (Pay-as-you-ride),412,classic,28/3/2021 14:02:26,3619,6th/Congress,2497,11th/Congress @ The Texas Capitol,1014
23748610,Explorer,18696,electric,30/3/2021 12:03:41,3619,6th/Congress,2497,11th/Congress @ The Texas Capitol,28
23735130,3-Day Weekender,422,classic,28/3/2021 15:05:37,3619,6th/Congress,2497,11th/Congress @ The Texas Capitol,9
23724455,Explorer,2228,classic,27/3/2021 12:05:15,3619,6th/Congress,2497,11th/Congress @ The Texas Capitol,4
23666095,Explorer,16936,electric,19/3/2021 10:20:37,3619,6th/Congress,2497,11th/Congress @ The Texas Capitol,53
23676700,24 Hour Walk Up Pass,21422,electric,20/3/2021 14:33:29,3619,6th/Congress,2497,11th/Congress @ The Texas Capitol,40
23748602,Explorer,21725,electric,30/3/2021 12:03:10,3619,6th/Congress,2497,11th/Congress @ The Texas Capitol,28
23692343,Local365,17019,electric,22/3/2021 8:04:12,3619,6th/Congress,2497,11th/Congress @ The Texas Capitol,8
23735128,3-Day Weekender,2266,classic,28/3/2021 15:05:16,3619,6th/Congress,2497,11th/Congress @ The Texas Capitol,9
23948442,3-Day Weekender,19453,electric,25/4/2021 17:18:29,3619,6th/Congress,2497,11th/Congress @ The Texas Capitol,4
23820972,Local365,21725,electric,7/4/2021 23:18:01,3619,6th/Congress,2497,11th/Congress @ The Texas Capitol,3
23945477,24 Hour Walk Up Pass,19442,electric,25/4/2021 13:47:55,3619,6th/Congress,2497,11th/Congress @ The Texas Capitol,5
23805015,Local365,21727,electric,5/4/2021 21:50:00,3619,6th/Congress,2497,11th/Congress @ The Texas Capitol,4
24013323,Local365,21718,electric,4/5/2021 13:23:42,3619,6th/Congress,2497,11th/Congress @ The Texas Capitol,7
24201679,24 Hour Walk Up Pass,21689,electric,30/5/2021 12:45:17,3619,6th/Congress,2497,11th/Congress @ The Texas Capitol,10
24037474,24 Hour Walk Up Pass,19755,electric,7/5/2021 18:48:35,3619,6th/Congress,2497,11th/Congress @ The Texas Capitol,41
24037401,Local365,21516,electric,7/5/2021 18:39:59,3619,6th/Congress,2497,11th/Congress @ The Texas Capitol,50
24201703,24 Hour Walk Up Pass,1378,classic,30/5/2021 12:46:54,3619,6th/Congress,2497,11th/Congress @ The Texas Capitol,9
24039719,Pay-as-you-ride,544,classic,8/5/2021 2:45:55,3619,6th/Congress,2497,11th/Congress @ The Texas Capitol,11
24379342,Pay-as-you-ride,19233,electric,20/6/2021 13:19:45,3619,6th/Congress,2497,11th/Congress @ The Texas Capitol,17
24379347,Pay-as-you-ride,348,classic,20/6/2021 13:20:09,3619,6th/Congress,2497,11th/Congress @ The Texas Capitol,16
24402583,Explorer,21524,electric,23/6/2021 14:43:25,3619,6th/Congress,2497,11th/Congress @ The Texas Capitol,39
24407151,Pay-as-you-ride,341,classic,24/6/2021 0:38:22,3619,6th/Congress,2497,11th/Congress @ The Texas Capitol,41
24254668,3-Day Weekender,1586,classic,5/6/2021 17:56:37,3619,6th/Congress,2497,11th/Congress @ The Texas Capitol,6
24428298,Pay-as-you-ride,72,classic,26/6/2021 19:52:53,3619,6th/Congress,2497,11th/Congress @ The Texas Capitol,5
24285745,Explorer,21553,electric,9/6/2021 14:20:59,3619,6th/Congress,2497,11th/Congress @ The Texas Capitol,5
24302505,Single Trip (Pay-as-you-ride),546,classic,11/6/2021 13:38:22,3619,6th/Congress,2497,11th/Congress @ The Texas Capitol,11
24352409,Single Trip (Pay-as-you-ride),19608,electric,17/6/2021 15:10:57,3619,6th/Congress,2497,11th/Congress @ The Texas Capitol,16
24328882,Local31,21691,electric,14/6/2021 11:52:22,3619,6th/Congress,2497,11th/Congress @ The Texas Capitol,11
24407161,Pay-as-you-ride,2197,classic,24/6/2021 0:41:12,3619,6th/Congress,2497,11th/Congress @ The Texas Capitol,38
24407164,Pay-as-you-ride,21739,electric,24/6/2021 0:41:29,3619,6th/Congress,2497,11th/Congress @ The Texas Capitol,39
24302495,Single Trip (Pay-as-you-ride),409,classic,11/6/2021 13:37:02,3619,6th/Congress,2497,11th/Congress @ The Texas Capitol,12
24254666,3-Day Weekender,472,classic,5/6/2021 17:56:30,3619,6th/Congress,2497,11th/Congress @ The Texas Capitol,6
24407169,Pay-as-you-ride,19552,electric,24/6/2021 0:43:48,3619,6th/Congress,2497,11th/Congress @ The Texas Capitol,36
24690153,Local365,16288,electric,28/7/2021 7:41:21,3619,6th/Congress,2497,11th/Congress @ The Texas Capitol,45
24566046,Explorer,19619,electric,13/7/2021 12:46:49,3619,6th/Congress,2497,11th/Congress @ The Texas Capitol,16
24719983,24 Hour Walk Up Pass,21423,electric,31/7/2021 16:35:34,3619,6th/Congress,2497,11th/Congress @ The Texas Capitol,7
24680766,Local365,21419,electric,26/7/2021 19:31:13,3619,6th/Congress,2497,11th/Congress @ The Texas Capitol,2
24635393,Single Trip (Pay-as-you-ride),21543,electric,21/7/2021 15:42:48,3619,6th/Congress,2497,11th/Congress @ The Texas Capitol,24
24671886,24 Hour Walk Up Pass,105G,classic,25/7/2021 16:36:09,3619,6th/Congress,2497,11th/Congress @ The Texas Capitol,5
24566041,Explorer,21473,electric,13/7/2021 12:46:32,3619,6th/Congress,2497,11th/Congress @ The Texas Capitol,16
24566044,Explorer,16418,electric,13/7/2021 12:46:41,3619,6th/Congress,2497,11th/Congress @ The Texas Capitol,16
24821210,3-Day Weekender,17438,electric,13/8/2021 14:26:55,3619,6th/Congress,2497,11th/Congress @ The Texas Capitol,7
24821213,3-Day Weekender,21492,electric,13/8/2021 14:27:05,3619,6th/Congress,2497,11th/Congress @ The Texas Capitol,6
24726949,Local365,21676,electric,1/8/2021 12:11:05,3619,6th/Congress,2497,11th/Congress @ The Texas Capitol,3
25189963,3-Day Weekender,3201,classic,20/9/2021 12:04:02,3619,6th/Congress,2497,11th/Congress @ The Texas Capitol,5
25094686,3-Day Weekender,21806,electric,11/9/2021 2:39:46,3619,6th/Congress,2497,11th/Congress @ The Texas Capitol,4
25127976,Local365,21658,electric,14/9/2021 11:22:56,3619,6th/Congress,2497,11th/Congress @ The Texas Capitol,13
25230027,Local365,21419,electric,24/9/2021 22:17:41,3619,6th/Congress,2497,11th/Congress @ The Texas Capitol,32
25231375,Explorer,395,classic,25/9/2021 7:56:56,3619,6th/Congress,2497,11th/Congress @ The Texas Capitol,139
25279275,Student Membership,19748,electric,30/9/2021 12:17:26,3619,6th/Congress,2497,11th/Congress @ The Texas Capitol,3
25297514,Single Trip (Pay-as-you-ride),19427,electric,2/10/2021 11:37:15,3619,6th/Congress,2497,11th/Congress @ The Texas Capitol,9
25505482,Local31,19171,electric,24/10/2021 10:35:45,3619,6th/Congress,2497,11th/Congress @ The Texas Capitol,48
25417614,Local31,19552,electric,14/10/2021 13:19:35,3619,6th/Congress,2497,11th/Congress @ The Texas Capitol,50
25388463,Explorer,18592,electric,11/10/2021 16:18:54,3619,6th/Congress,2497,11th/Congress @ The Texas Capitol,4
25297528,Single Trip (Pay-as-you-ride),367,classic,2/10/2021 11:38:19,3619,6th/Congress,2497,11th/Congress @ The Texas Capitol,8
25474602,3-Day Weekender,18929,electric,20/10/2021 18:36:33,3619,6th/Congress,2497,11th/Congress @ The Texas Capitol,5
25440424,Pay-as-you-ride,21428,electric,16/10/2021 20:41:43,3619,6th/Congress,2497,11th/Congress @ The Texas Capitol,19
25508521,3-Day Weekender,19935,electric,24/10/2021 14:21:17,3619,6th/Congress,2497,11th/Congress @ The Texas Capitol,2
25388458,Explorer,19918,electric,11/10/2021 16:18:35,3619,6th/Congress,2497,11th/Congress @ The Texas Capitol,4
25566508,Local31,1527,classic,1/11/2021 22:15:15,3619,6th/Congress,2497,11th/Congress @ The Texas Capitol,2
25734356,3-Day Weekender,107,classic,30/11/2021 13:03:28,3619,6th/Congress,2497,11th/Congress @ The Texas Capitol,5
25648894,Local365,19870,electric,13/11/2021 20:48:14,3619,6th/Congress,2497,11th/Congress @ The Texas Capitol,12
25627740,Local365,19476,electric,10/11/2021 18:12:48,3619,6th/Congress,2497,11th/Congress @ The Texas Capitol,4
25675883,Local31,21468,electric,18/11/2021 11:20:05,3619,6th/Congress,2497,11th/Congress @ The Texas Capitol,45
25740292,Local365,21742,electric,1/12/2021 12:46:01,3619,6th/Congress,2497,11th/Congress @ The Texas Capitol,2
25849718,Single Trip (Pay-as-you-ride),321,classic,26/12/2021 17:03:24,3619,6th/Congress,2497,11th/Congress @ The Texas Capitol,26
25865384,Explorer,17438,electric,30/12/2021 13:54:13,3619,6th/Congress,2497,11th/Congress @ The Texas Capitol,14
25865445,Explorer,19704,electric,30/12/2021 14:03:36,3619,6th/Congress,2497,11th/Congress @ The Texas Capitol,6
25810125,Student Membership,19821,electric,14/12/2021 16:56:39,3619,6th/Congress,2497,11th/Congress @ The Texas Capitol,4
25865453,Explorer,21427,electric,30/12/2021 14:05:12,3619,6th/Congress,2497,11th/Congress @ The Texas Capitol,44
25836299,Local365,16279,electric,22/12/2021 21:34:52,3619,6th/Congress,2497,11th/Congress @ The Texas Capitol,28
25849734,Single Trip (Pay-as-you-ride),18592,electric,26/12/2021 17:05:34,3619,6th/Congress,2497,11th/Congress @ The Texas Capitol,26
25849728,Single Trip (Pay-as-you-ride),545,classic,26/12/2021 17:04:50,3619,6th/Congress,2497,11th/Congress @ The Texas Capitol,25
25765855,Explorer,18971,electric,5/12/2021 12:10:38,3619,6th/Congress,2497,11th/Congress @ The Texas Capitol,6
25865454,Explorer,21704,electric,30/12/2021 14:05:24,3619,6th/Congress,2497,11th/Congress @ The Texas Capitol,3
21596265,Single Trip (Pay-as-you-ride),893,classic,21/2/2020 1:33:32,3619,6th/Congress,2497,11th/Congress @ The Texas Capitol,595
21538838,24 Hour Walk Up Pass,110G,classic,2/2/2020 17:12:27,3619,6th/Congress,2497,11th/Congress @ The Texas Capitol,95
21462992,Single Trip (Pay-as-you-ride),050G,classic,11/1/2020 16:20:09,3619,6th/Congress,2497,11th/Congress @ The Texas Capitol,7
21721796,24 Hour Walk Up Pass,1909,classic,24/3/2020 15:05:24,3619,6th/Congress,2497,11th/Congress @ The Texas Capitol,137
21721798,24 Hour Walk Up Pass,19171,electric,24/3/2020 15:05:49,3619,6th/Congress,2497,11th/Congress @ The Texas Capitol,137
21721789,24 Hour Walk Up Pass,287,classic,24/3/2020 15:04:09,3619,6th/Congress,2497,11th/Congress @ The Texas Capitol,138
21721792,24 Hour Walk Up Pass,277,classic,24/3/2020 15:04:53,3619,6th/Congress,2497,11th/Congress @ The Texas Capitol,540
21738989,24 Hour Walk Up Pass,1830,classic,29/3/2020 13:28:42,3619,6th/Congress,2497,11th/Congress @ The Texas Capitol,9
21810572,Local30,18181,electric,20/4/2020 17:32:18,3619,6th/Congress,2497,11th/Congress @ The Texas Capitol,6
21836211,U.T. Student Membership,19214,electric,26/4/2020 15:00:58,3619,6th/Congress,2497,11th/Congress @ The Texas Capitol,64
21790279,Single Trip (Pay-as-you-ride),16845,electric,14/4/2020 21:06:25,3619,6th/Congress,2497,11th/Congress @ The Texas Capitol,5
26031046,Local365,19355,electric,16/2/2022 8:26:39,3619,6th/Congress,2497,11th/Congress @ The Texas Capitol,3
26035400,Local365,18913,electric,17/2/2022 8:25:37,3619,6th/Congress,2497,11th/Congress @ The Texas Capitol,3
25996078,Local365,21723,electric,9/2/2022 8:17:47,3619,6th/Congress,2497,11th/Congress @ The Texas Capitol,3
25987195,Local365,19706,electric,7/2/2022 8:25:19,3619,6th/Congress,2497,11th/Congress @ The Texas Capitol,2
25975404,Local365,21423,electric,2/2/2022 17:48:23,3619,6th/Congress,2497,11th/Congress @ The Texas Capitol,2
26026009,Local365,21447,electric,15/2/2022 9:01:15,3619,6th/Congress,2497,11th/Congress @ The Texas Capitol,2
25973623,Local365,19254,electric,2/2/2022 9:13:32,3619,6th/Congress,2497,11th/Congress @ The Texas Capitol,2
26039992,Local365,19789,electric,18/2/2022 12:05:02,3619,6th/Congress,2497,11th/Congress @ The Texas Capitol,2
26868634,Local365,166,classic,9/6/2022 0:48:46,3619,6th/Congress,2497,11th/Congress @ The Texas Capitol,280
26935163,Explorer,23,classic,17/6/2022 1:28:01,3619,6th/Congress,2497,11th/Congress @ The Texas Capitol,4
26994662,Local31,19706,electric,23/6/2022 14:14:36,3619,6th/Congress,2497,11th/Congress @ The Texas Capitol,57
27030908,3-Day Weekender,21543,electric,27/6/2022 10:29:31,3619,6th/Congress,2497,11th/Congress @ The Texas Capitol,4
26906662,Student Membership,1627,classic,13/6/2022 17:18:59,3619,6th/Congress,2497,11th/Congress @ The Texas Capitol,4
27025058,Local31,19254,electric,26/6/2022 15:32:54,3619,6th/Congress,2497,11th/Congress @ The Texas Capitol,15
26907202,Student Membership,270G,classic,13/6/2022 18:25:46,3619,6th/Congress,2497,11th/Congress @ The Texas Capitol,6
26950883,Explorer,19148,electric,18/6/2022 16:47:21,3619,6th/Congress,2497,11th/Congress @ The Texas Capitol,9
27030920,3-Day Weekender,19386,electric,27/6/2022 10:30:19,3619,6th/Congress,2497,11th/Congress @ The Texas Capitol,3
27050269,Local365,21447,electric,29/6/2022 14:38:03,3619,6th/Congress,2497,11th/Congress @ The Texas Capitol,12
27046330,Local365,22530,electric,28/6/2022 23:03:08,3619,6th/Congress,2497,11th/Congress @ The Texas Capitol,3
26716160,Student Membership,21472,electric,19/5/2022 22:28:48,3619,6th/Congress,2497,11th/Congress @ The Texas Capitol,3
26727750,3-Day Weekender,16288,electric,21/5/2022 16:51:55,3619,6th/Congress,2497,11th/Congress @ The Texas Capitol,7
26783336,Explorer,21491,electric,29/5/2022 11:57:00,3619,6th/Congress,2497,11th/Congress @ The Texas Capitol,34
26656366,Student Membership,1627,classic,13/5/2022 2:18:33,3619,6th/Congress,2497,11th/Congress @ The Texas Capitol,3
26704031,Explorer,19619,electric,18/5/2022 12:33:33,3294,6th/Lavaca,2497,11th/Congress @ The Texas Capitol,8
26704033,Explorer,19148,electric,18/5/2022 12:33:39,3294,6th/Lavaca,2497,11th/Congress @ The Texas Capitol,8
26510574,Local31,22521,electric,25/4/2022 16:43:33,3294,6th/Lavaca,2497,11th/Congress @ The Texas Capitol,6
27089692,Local31,22174,electric,3/7/2022 17:35:51,3294,6th/Lavaca,2497,11th/Congress @ The Texas Capitol,10
27089682,Local31,21697,electric,3/7/2022 17:34:42,3294,6th/Lavaca,2497,11th/Congress @ The Texas Capitol,11
27454208,Pay-as-you-ride,21821,electric,12/8/2022 16:04:58,3294,6th/Lavaca,2497,11th/Congress @ The Texas Capitol,26
27454207,Pay-as-you-ride,18696,electric,12/8/2022 16:04:57,3294,6th/Lavaca,2497,11th/Congress @ The Texas Capitol,26
27941782,Pay-as-you-ride,854,classic,23/9/2022 12:29:22,3294,6th/Lavaca,2497,11th/Congress @ The Texas Capitol,8
28007499,Local365,19583,electric,28/9/2022 21:22:31,3294,6th/Lavaca,2497,11th/Congress @ The Texas Capitol,6
27941433,Pay-as-you-ride,102,classic,23/9/2022 12:07:26,3294,6th/Lavaca,2497,11th/Congress @ The Texas Capitol,31
28180547,Local31,21553,electric,13/10/2022 13:45:16,3294,6th/Lavaca,2497,11th/Congress @ The Texas Capitol,22
28275680,24 Hour Walk Up Pass,1899,classic,22/10/2022 15:20:16,3294,6th/Lavaca,2497,11th/Congress @ The Texas Capitol,8
28275676,24 Hour Walk Up Pass,1439,classic,22/10/2022 15:20:00,3294,6th/Lavaca,2497,11th/Congress @ The Texas Capitol,8
23431997,Local31,057G,classic,19/1/2021 11:09:44,3294,6th/Lavaca,2497,11th/Congress @ The Texas Capitol,9
23431999,Explorer,553,classic,19/1/2021 11:10:09,3294,6th/Lavaca,2497,11th/Congress @ The Texas Capitol,8
23715718,Local31,19100,electric,26/3/2021 8:28:41,3294,6th/Lavaca,2497,11th/Congress @ The Texas Capitol,10
23942708,Single Trip (Pay-as-you-ride),19608,electric,25/4/2021 9:05:32,3294,6th/Lavaca,2497,11th/Congress @ The Texas Capitol,53
23942716,Single Trip (Pay-as-you-ride),19619,electric,25/4/2021 9:06:31,3294,6th/Lavaca,2497,11th/Congress @ The Texas Capitol,52
24284694,Local31,19319,electric,9/6/2021 12:09:03,3294,6th/Lavaca,2497,11th/Congress @ The Texas Capitol,7
24284704,Single Trip (Pay-as-you-ride),21585,electric,9/6/2021 12:10:32,3294,6th/Lavaca,2497,11th/Congress @ The Texas Capitol,5
24701118,Explorer,21733,electric,29/7/2021 15:26:18,3294,6th/Lavaca,2497,11th/Congress @ The Texas Capitol,7
24701106,24 Hour Walk Up Pass,270G,classic,29/7/2021 15:24:17,3294,6th/Lavaca,2497,11th/Congress @ The Texas Capitol,9
24919667,Explorer,21408,electric,24/8/2021 11:18:59,3294,6th/Lavaca,2497,11th/Congress @ The Texas Capitol,7
24969963,24 Hour Walk Up Pass,19198,electric,29/8/2021 11:23:10,3294,6th/Lavaca,2497,11th/Congress @ The Texas Capitol,14
24882085,24 Hour Walk Up Pass,16831,electric,20/8/2021 20:13:13,3294,6th/Lavaca,2497,11th/Congress @ The Texas Capitol,83
24919666,Explorer,19706,electric,24/8/2021 11:18:53,3294,6th/Lavaca,2497,11th/Congress @ The Texas Capitol,7
25031661,Explorer,19706,electric,4/9/2021 20:04:59,3294,6th/Lavaca,2497,11th/Congress @ The Texas Capitol,8
25002407,Student Membership,2197,classic,1/9/2021 19:11:21,3294,6th/Lavaca,2497,11th/Congress @ The Texas Capitol,10
25100889,Explorer,21428,electric,11/9/2021 16:08:10,3294,6th/Lavaca,2497,11th/Congress @ The Texas Capitol,75
25100905,Explorer,17460,electric,11/9/2021 16:09:18,3294,6th/Lavaca,2497,11th/Congress @ The Texas Capitol,74
25361956,3-Day Weekender,407,classic,9/10/2021 12:45:50,3294,6th/Lavaca,2497,11th/Congress @ The Texas Capitol,12
25361949,3-Day Weekender,376,classic,9/10/2021 12:45:37,3294,6th/Lavaca,2497,11th/Congress @ The Texas Capitol,12
25839980,3-Day Weekender,21697,electric,24/12/2021 10:41:04,3294,6th/Lavaca,2497,11th/Congress @ The Texas Capitol,9
25839981,3-Day Weekender,19677,electric,24/12/2021 10:41:05,3294,6th/Lavaca,2497,11th/Congress @ The Texas Capitol,9
26959715,Single Trip (Pay-as-you-ride),983,classic,19/6/2022 14:24:00,3294,6th/Lavaca,2497,11th/Congress @ The Texas Capitol,81
26745127,Pay-as-you-ride,1524,classic,23/5/2022 21:40:52,2565,6th/Trinity,2497,11th/Congress @ The Texas Capitol,589
26564443,3-Day Weekender,21628,electric,1/5/2022 16:45:09,2565,6th/Trinity,2497,11th/Congress @ The Texas Capitol,38
26673799,Student Membership,14148,classic,14/5/2022 18:32:45,2565,6th/Trinity,2497,11th/Congress @ The Texas Capitol,5
26166743,Explorer,19678,electric,15/3/2022 13:59:58,2565,6th/Trinity,2497,11th/Congress @ The Texas Capitol,23
26090575,Local365,22470,electric,1/3/2022 18:37:03,2565,6th/Trinity,2497,11th/Congress @ The Texas Capitol,29
26166733,Explorer,18101,electric,15/3/2022 13:59:16,2565,6th/Trinity,2497,11th/Congress @ The Texas Capitol,23
26558273,Local31,19271,electric,30/4/2022 23:18:47,2565,6th/Trinity,2497,11th/Congress @ The Texas Capitol,5
26433441,Local365,19646,electric,18/4/2022 8:44:34,2565,6th/Trinity,2497,11th/Congress @ The Texas Capitol,88
26447475,Pay-as-you-ride,21497,electric,19/4/2022 18:35:06,2565,6th/Trinity,2497,11th/Congress @ The Texas Capitol,8
27346255,3-Day Weekender,19250,electric,31/7/2022 10:15:22,2565,6th/Trinity,2497,11th/Congress @ The Texas Capitol,5
27169503,Explorer,440,classic,12/7/2022 12:40:27,2565,6th/Trinity,2497,11th/Congress @ The Texas Capitol,179
27364377,Local31,21704,electric,2/8/2022 12:20:15,2565,6th/Trinity,2497,11th/Congress @ The Texas Capitol,15
27799363,Explorer,759,classic,12/9/2022 11:05:46,2565,6th/Trinity,2497,11th/Congress @ The Texas Capitol,9
27799357,Explorer,19935,electric,12/9/2022 11:05:29,2565,6th/Trinity,2497,11th/Congress @ The Texas Capitol,9
28025691,3-Day Weekender,19865,electric,30/9/2022 14:06:08,2565,6th/Trinity,2497,11th/Congress @ The Texas Capitol,13
28165339,Explorer,21485,electric,12/10/2022 10:05:56,2565,6th/Trinity,2497,11th/Congress @ The Texas Capitol,120
28181862,3-Day Weekender,17751,electric,13/10/2022 15:30:45,2565,6th/Trinity,2497,11th/Congress @ The Texas Capitol,24
28213051,Local365,21472,electric,16/10/2022 12:24:37,2565,6th/Trinity,2497,11th/Congress @ The Texas Capitol,6
28663389,3-Day Weekender,21427,electric,24/12/2022 19:18:14,2565,6th/Trinity,2497,11th/Congress @ The Texas Capitol,28
28663388,3-Day Weekender,21647,electric,24/12/2022 19:17:47,2565,6th/Trinity,2497,11th/Congress @ The Texas Capitol,29
23953108,3-Day Weekender,968,classic,26/4/2021 11:28:03,2565,6th/Trinity,2497,11th/Congress @ The Texas Capitol,5
24122615,Local31,18592,electric,19/5/2021 18:01:47,2565,6th/Trinity,2497,11th/Congress @ The Texas Capitol,37
24139057,3-Day Weekender,16974,electric,22/5/2021 0:21:16,2565,6th/Trinity,2497,11th/Congress @ The Texas Capitol,8
24214149,24 Hour Walk Up Pass,21829,electric,31/5/2021 15:28:28,2565,6th/Trinity,2497,11th/Congress @ The Texas Capitol,9
24139056,3-Day Weekender,19427,electric,22/5/2021 0:21:09,2565,6th/Trinity,2497,11th/Congress @ The Texas Capitol,8
24214161,24 Hour Walk Up Pass,19418,electric,31/5/2021 15:29:28,2565,6th/Trinity,2497,11th/Congress @ The Texas Capitol,9
24139058,3-Day Weekender,19453,electric,22/5/2021 0:21:37,2565,6th/Trinity,2497,11th/Congress @ The Texas Capitol,8
24329035,3-Day Weekender,19434,electric,14/6/2021 12:14:29,2565,6th/Trinity,2497,11th/Congress @ The Texas Capitol,6
24281787,Pay-as-you-ride,422,classic,8/6/2021 21:14:09,2565,6th/Trinity,2497,11th/Congress @ The Texas Capitol,9
24281784,Pay-as-you-ride,014G,classic,8/6/2021 21:13:44,2565,6th/Trinity,2497,11th/Congress @ The Texas Capitol,10
24438331,Pay-as-you-ride,18556,electric,27/6/2021 21:40:41,2565,6th/Trinity,2497,11th/Congress @ The Texas Capitol,8
24329034,3-Day Weekender,21408,electric,14/6/2021 12:14:12,2565,6th/Trinity,2497,11th/Congress @ The Texas Capitol,6
24438339,Pay-as-you-ride,19679,electric,27/6/2021 21:42:59,2565,6th/Trinity,2497,11th/Congress @ The Texas Capitol,7
24320148,24 Hour Walk Up Pass,21729,electric,13/6/2021 10:34:02,2565,6th/Trinity,2497,11th/Congress @ The Texas Capitol,15
24438330,Pay-as-you-ride,19287,electric,27/6/2021 21:40:34,2565,6th/Trinity,2497,11th/Congress @ The Texas Capitol,8
24320142,24 Hour Walk Up Pass,21546,electric,13/6/2021 10:33:05,2565,6th/Trinity,2497,11th/Congress @ The Texas Capitol,16
24887923,Explorer,18913,electric,21/8/2021 13:41:30,2565,6th/Trinity,2497,11th/Congress @ The Texas Capitol,9
24887929,Explorer,19745,electric,21/8/2021 13:41:45,2565,6th/Trinity,2497,11th/Congress @ The Texas Capitol,8
25548114,Explorer,21546,electric,30/10/2021 11:05:54,2565,6th/Trinity,2497,11th/Congress @ The Texas Capitol,39
25548128,Explorer,19734,electric,30/10/2021 11:09:17,2565,6th/Trinity,2497,11th/Congress @ The Texas Capitol,35
25789847,Explorer,21725,electric,10/12/2021 12:08:23,2565,6th/Trinity,2497,11th/Congress @ The Texas Capitol,9
25789845,Explorer,21457,electric,10/12/2021 12:08:20,2565,6th/Trinity,2497,11th/Congress @ The Texas Capitol,9
26938863,3-Day Weekender,21903,electric,17/6/2022 14:26:39,2565,6th/Trinity,2497,11th/Congress @ The Texas Capitol,8
26938866,3-Day Weekender,21413,electric,17/6/2022 14:26:55,2565,6th/Trinity,2497,11th/Congress @ The Texas Capitol,8
26702167,Local365,21821,electric,18/5/2022 7:07:10,2537,6th/West,2497,11th/Congress @ The Texas Capitol,8
26604625,Student Membership,161,classic,7/5/2022 2:16:17,2537,6th/West,2497,11th/Congress @ The Texas Capitol,13
26229586,Local31,19479,electric,23/3/2022 13:44:37,2537,6th/West,2497,11th/Congress @ The Texas Capitol,29
26145787,Student Membership,1527,classic,12/3/2022 2:01:41,2537,6th/West,2497,11th/Congress @ The Texas Capitol,8
26145790,Student Membership,009G,classic,12/3/2022 2:02:11,2537,6th/West,2497,11th/Congress @ The Texas Capitol,7
26145792,Student Membership,1565,classic,12/3/2022 2:02:19,2537,6th/West,2497,11th/Congress @ The Texas Capitol,7
26296334,Local365,19679,electric,1/4/2022 18:03:06,2537,6th/West,2497,11th/Congress @ The Texas Capitol,11
27110837,Local365,19247,electric,6/7/2022 7:12:19,2537,6th/West,2497,11th/Congress @ The Texas Capitol,12
27633845,Explorer,21695,electric,29/8/2022 11:51:41,2537,6th/West,2497,11th/Congress @ The Texas Capitol,8
27633843,Explorer,21491,electric,29/8/2022 11:51:25,2537,6th/West,2497,11th/Congress @ The Texas Capitol,8
27663910,Local365,19214,electric,31/8/2022 23:08:22,2537,6th/West,2497,11th/Congress @ The Texas Capitol,7
27999791,Local31,23318,electric,28/9/2022 11:53:23,2537,6th/West,2497,11th/Congress @ The Texas Capitol,8
27743497,3-Day Weekender,22431,electric,7/9/2022 13:37:50,2537,6th/West,2497,11th/Congress @ The Texas Capitol,23
27743485,3-Day Weekender,19132,electric,7/9/2022 13:36:56,2537,6th/West,2497,11th/Congress @ The Texas Capitol,24
28035693,Explorer,21900,electric,1/10/2022 12:05:33,2537,6th/West,2497,11th/Congress @ The Texas Capitol,12
28187889,Local365,21728,electric,14/10/2022 9:14:01,2537,6th/West,2497,11th/Congress @ The Texas Capitol,4
28035735,Explorer,19265,electric,1/10/2022 12:08:11,2537,6th/West,2497,11th/Congress @ The Texas Capitol,103
28486134,Local365,21551,electric,15/11/2022 7:10:18,2537,6th/West,,11th/Congress @ The Texas Capitol,7
28479783,Local365,19821,electric,14/11/2022 7:28:19,2537,6th/West,,11th/Congress @ The Texas Capitol,7
28676473,24 Hour Walk Up Pass,19403,electric,29/12/2022 13:57:18,2537,6th/West,2497,11th/Congress @ The Texas Capitol,13
28617345,Explorer,19646,electric,10/12/2022 11:41:36,2537,6th/West,2497,11th/Congress @ The Texas Capitol,12
28617339,Explorer,21767,electric,10/12/2022 11:41:14,2537,6th/West,2497,11th/Congress @ The Texas Capitol,12
28676471,24 Hour Walk Up Pass,21903,electric,29/12/2022 13:57:07,2537,6th/West,2497,11th/Congress @ The Texas Capitol,13
23452300,Local365,18532,electric,25/1/2021 18:23:05,2537,6th/West,2497,11th/Congress @ The Texas Capitol,73
23451658,3-Day Weekender,14261,classic,25/1/2021 15:52:05,2537,6th/West,2497,11th/Congress @ The Texas Capitol,14
23398453,Pay-as-you-ride,420,classic,9/1/2021 13:30:07,2537,6th/West,2497,11th/Congress @ The Texas Capitol,43
23451666,3-Day Weekender,244G,classic,25/1/2021 15:53:10,2537,6th/West,2497,11th/Congress @ The Texas Capitol,13
24039660,3-Day Weekender,19576,electric,8/5/2021 2:20:44,2537,6th/West,2497,11th/Congress @ The Texas Capitol,9
24039662,3-Day Weekender,19631,electric,8/5/2021 2:21:15,2537,6th/West,2497,11th/Congress @ The Texas Capitol,8
24516018,Local365,19211,electric,7/7/2021 13:19:54,2537,6th/West,2497,11th/Congress @ The Texas Capitol,21
24970075,Local31,21426,electric,29/8/2021 11:34:57,2537,6th/West,2497,11th/Congress @ The Texas Capitol,33
25150080,Explorer,19943,electric,16/9/2021 15:41:23,2537,6th/West,2497,11th/Congress @ The Texas Capitol,11
25866555,24 Hour Walk Up Pass,386,classic,30/12/2021 16:57:37,2537,6th/West,2497,11th/Congress @ The Texas Capitol,41
25853713,Pay-as-you-ride,21789,electric,27/12/2021 15:26:25,2537,6th/West,2497,11th/Congress @ The Texas Capitol,14
25793352,Student Membership,057G,classic,11/12/2021 2:07:51,2537,6th/West,2497,11th/Congress @ The Texas Capitol,12
25832404,Explorer,21752,electric,21/12/2021 16:13:46,2537,6th/West,2497,11th/Congress @ The Texas Capitol,7
21790967,Local30,16280,electric,15/4/2020 12:34:16,2537,6th/West,2497,11th/Congress @ The Texas Capitol,25
27022333,Explorer,208,classic,26/6/2022 11:36:50,2537,6th/West,2497,11th/Congress @ The Texas Capitol,16
27022341,Explorer,19821,electric,26/6/2022 11:37:26,2537,6th/West,2497,11th/Congress @ The Texas Capitol,14
26973796,Local365,18696,electric,21/6/2022 6:49:42,2537,6th/West,2497,11th/Congress @ The Texas Capitol,7
27022352,Explorer,21438,electric,26/6/2022 11:38:40,2537,6th/West,2497,11th/Congress @ The Texas Capitol,14
26604613,Student Membership,548,classic,7/5/2022 2:14:08,2537,6th/West,2497,11th/Congress @ The Texas Capitol,14
26590023,Local31,106,classic,5/5/2022 9:10:20,2496,8th/Congress,2497,11th/Congress @ The Texas Capitol,3
26711222,Local31,21492,electric,19/5/2022 12:16:01,2496,8th/Congress,2497,11th/Congress @ The Texas Capitol,45
26572854,Explorer,019G,classic,2/5/2022 18:25:21,2496,8th/Congress,2497,11th/Congress @ The Texas Capitol,4
26786710,Student Membership,21610,electric,29/5/2022 16:50:36,2496,8th/Congress,2497,11th/Congress @ The Texas Capitol,4
26577250,Student Membership,19078,electric,3/5/2022 13:46:38,2496,8th/Congress,2497,11th/Congress @ The Texas Capitol,3
26658036,3-Day Weekender,21666,electric,13/5/2022 10:43:55,2496,8th/Congress,2497,11th/Congress @ The Texas Capitol,57
26658030,3-Day Weekender,19270,electric,13/5/2022 10:43:43,2496,8th/Congress,2497,11th/Congress @ The Texas Capitol,57
26623277,24 Hour Walk Up Pass,16279,electric,9/5/2022 11:26:23,2496,8th/Congress,2497,11th/Congress @ The Texas Capitol,5
26725043,3-Day Weekender,21744,electric,21/5/2022 11:56:21,2496,8th/Congress,2497,11th/Congress @ The Texas Capitol,5
26286672,Explorer,21688,electric,31/3/2022 14:56:38,2496,8th/Congress,2497,11th/Congress @ The Texas Capitol,15
26104207,Student Membership,224,classic,4/3/2022 2:18:26,2496,8th/Congress,2497,11th/Congress @ The Texas Capitol,3
26286674,Explorer,21792,electric,31/3/2022 14:56:43,2496,8th/Congress,2497,11th/Congress @ The Texas Capitol,15
26286707,Explorer,21516,electric,31/3/2022 14:59:52,2496,8th/Congress,2497,11th/Congress @ The Texas Capitol,12
26258924,Explorer,661,classic,27/3/2022 16:01:53,2496,8th/Congress,2497,11th/Congress @ The Texas Capitol,3
26486039,3-Day Weekender,278,classic,23/4/2022 16:30:57,2496,8th/Congress,2497,11th/Congress @ The Texas Capitol,6
26546056,Single Trip (Pay-as-you-ride),113,classic,29/4/2022 18:09:40,2496,8th/Congress,2497,11th/Congress @ The Texas Capitol,5
26321178,3-Day Weekender,19645,electric,4/4/2022 14:47:43,2496,8th/Congress,2497,11th/Congress @ The Texas Capitol,5
26321169,3-Day Weekender,16935,electric,4/4/2022 14:46:27,2496,8th/Congress,2497,11th/Congress @ The Texas Capitol,7
26368777,Pay-as-you-ride,227G,classic,10/4/2022 12:41:12,2496,8th/Congress,2497,11th/Congress @ The Texas Capitol,96
26370051,Explorer,16946,electric,10/4/2022 14:10:05,2496,8th/Congress,2497,11th/Congress @ The Texas Capitol,3
26336483,Local365,19789,electric,6/4/2022 16:05:06,2496,8th/Congress,2497,11th/Congress @ The Texas Capitol,3
26467082,Student Membership,21440,electric,21/4/2022 22:51:35,2496,8th/Congress,2497,11th/Congress @ The Texas Capitol,3
26486043,3-Day Weekender,214,classic,23/4/2022 16:30:59,2496,8th/Congress,2497,11th/Congress @ The Texas Capitol,6
26417023,3-Day Weekender,21576,electric,16/4/2022 10:10:35,2496,8th/Congress,2497,11th/Congress @ The Texas Capitol,19
26494601,Student Membership,19679,electric,24/4/2022 2:01:05,2496,8th/Congress,2497,11th/Congress @ The Texas Capitol,3
26546059,Single Trip (Pay-as-you-ride),208,classic,29/4/2022 18:09:51,2496,8th/Congress,2497,11th/Congress @ The Texas Capitol,6
27326188,Local31,21426,electric,29/7/2022 11:10:23,2496,8th/Congress,2497,11th/Congress @ The Texas Capitol,2
27322698,Pay-as-you-ride,19040,electric,28/7/2022 19:40:49,2496,8th/Congress,2497,11th/Congress @ The Texas Capitol,32
27254666,Local31,21689,electric,21/7/2022 12:58:46,2496,8th/Congress,2497,11th/Congress @ The Texas Capitol,38
27241519,Explorer,775,classic,19/7/2022 21:24:17,2496,8th/Congress,2497,11th/Congress @ The Texas Capitol,619
27241516,Explorer,171G,classic,19/7/2022 21:23:45,2496,8th/Congress,2497,11th/Congress @ The Texas Capitol,620
27241524,Explorer,004G,classic,19/7/2022 21:24:41,2496,8th/Congress,2497,11th/Congress @ The Texas Capitol,619
27133163,Student Membership,18929,electric,8/7/2022 17:52:37,2496,8th/Congress,2497,11th/Congress @ The Texas Capitol,2
27113377,3-Day Weekender,18929,electric,6/7/2022 13:03:19,2496,8th/Congress,2497,11th/Congress @ The Texas Capitol,10
27107672,Student Membership,21707,electric,5/7/2022 16:58:46,2496,8th/Congress,2497,11th/Congress @ The Texas Capitol,3
27107999,Local31,16456,electric,5/7/2022 17:30:35,2496,8th/Congress,2497,11th/Congress @ The Texas Capitol,3
27108102,Student Membership,21497,electric,5/7/2022 17:40:14,2496,8th/Congress,2497,11th/Congress @ The Texas Capitol,3
27065670,Pay-as-you-ride,281G,classic,1/7/2022 10:31:18,2496,8th/Congress,2497,11th/Congress @ The Texas Capitol,3
27378466,Local31,21586,electric,3/8/2022 23:02:15,2496,8th/Congress,2497,11th/Congress @ The Texas Capitol,3
27648669,Local365,21561,electric,30/8/2022 17:19:08,2496,8th/Congress,2497,11th/Congress @ The Texas Capitol,2
27429871,Local365,19865,electric,9/8/2022 18:30:40,2496,8th/Congress,2497,11th/Congress @ The Texas Capitol,3
27566632,Explorer,18564,electric,23/8/2022 18:40:06,2496,8th/Congress,2497,11th/Congress @ The Texas Capitol,3
27566635,Explorer,1524,classic,23/8/2022 18:40:25,2496,8th/Congress,2497,11th/Congress @ The Texas Capitol,3
27844667,Student Membership,19529,electric,15/9/2022 18:55:29,2496,8th/Congress,2497,11th/Congress @ The Texas Capitol,3
28020587,Student Membership,213,classic,30/9/2022 0:56:58,2496,8th/Congress,2497,11th/Congress @ The Texas Capitol,2
27832067,Local31,21659,electric,14/9/2022 19:17:28,2496,8th/Congress,2497,11th/Congress @ The Texas Capitol,45
28019025,Local31,21698,electric,29/9/2022 20:45:10,2496,8th/Congress,2497,11th/Congress @ The Texas Capitol,3
27897786,Local365,21695,electric,19/9/2022 18:31:03,2496,8th/Congress,2497,11th/Congress @ The Texas Capitol,3
27807424,Local31,21630,electric,12/9/2022 21:15:18,2496,8th/Congress,2497,11th/Congress @ The Texas Capitol,4
27702589,3-Day Weekender,21508,electric,4/9/2022 11:26:24,2496,8th/Congress,2497,11th/Congress @ The Texas Capitol,8
27702606,3-Day Weekender,260,classic,4/9/2022 11:27:23,2496,8th/Congress,2497,11th/Congress @ The Texas Capitol,7
27702643,3-Day Weekender,22521,electric,4/9/2022 11:29:02,2496,8th/Congress,2497,11th/Congress @ The Texas Capitol,5
27702646,3-Day Weekender,225G,classic,4/9/2022 11:29:14,2496,8th/Congress,2497,11th/Congress @ The Texas Capitol,5
27908728,Student Membership,203,classic,20/9/2022 17:43:04,2496,8th/Congress,2497,11th/Congress @ The Texas Capitol,2
27824663,3-Day Weekender,95,classic,14/9/2022 11:51:35,2496,8th/Congress,2497,11th/Congress @ The Texas Capitol,3
27697584,Student Membership,21689,electric,3/9/2022 19:31:38,2496,8th/Congress,2497,11th/Congress @ The Texas Capitol,5
27963271,Student Membership,19160,electric,25/9/2022 1:49:38,2496,8th/Congress,2497,11th/Congress @ The Texas Capitol,345
27867917,Local31,19386,electric,17/9/2022 14:01:14,2496,8th/Congress,2497,11th/Congress @ The Texas Capitol,3
27789729,Single Trip (Pay-as-you-ride),854,classic,11/9/2022 11:29:17,2496,8th/Congress,2497,11th/Congress @ The Texas Capitol,87
28268021,Local31,18331,electric,21/10/2022 21:12:40,2496,8th/Congress,2497,11th/Congress @ The Texas Capitol,3
28049424,Single Trip (Pay-as-you-ride),19677,electric,2/10/2022 11:26:32,2496,8th/Congress,2497,11th/Congress @ The Texas Capitol,21
28127680,Local31,19755,electric,8/10/2022 21:36:46,2496,8th/Congress,2497,11th/Congress @ The Texas Capitol,3
28343617,Pay-as-you-ride,22453,electric,29/10/2022 14:32:34,2496,8th/Congress,2497,11th/Congress @ The Texas Capitol,14
28049468,Single Trip (Pay-as-you-ride),19107,electric,2/10/2022 11:30:04,2496,8th/Congress,2497,11th/Congress @ The Texas Capitol,16
28343545,Pay-as-you-ride,21799,electric,29/10/2022 14:29:03,2496,8th/Congress,2497,11th/Congress @ The Texas Capitol,17
28398597,Student Membership,21682,electric,4/11/2022 2:20:06,2496,8th/Congress,,11th/Congress @ The Texas Capitol,5
28466748,Local31,18995,electric,12/11/2022 4:21:53,2496,8th/Congress,,11th/Congress @ The Texas Capitol,2
28425943,Local31,16337,electric,7/11/2022 13:55:39,2496,8th/Congress,,11th/Congress @ The Texas Capitol,46
28470491,Student Membership,18939,electric,12/11/2022 15:50:52,2496,8th/Congress,,11th/Congress @ The Texas Capitol,3
28470494,Student Membership,548,classic,12/11/2022 15:51:05,2496,8th/Congress,,11th/Congress @ The Texas Capitol,2
28505164,Local31,16974,electric,18/11/2022 16:02:11,2496,8th/Congress,,11th/Congress @ The Texas Capitol,4
28618053,3-Day Weekender,21458,electric,10/12/2022 13:17:05,2496,8th/Congress,2497,11th/Congress @ The Texas Capitol,8
28661470,Local31,19040,electric,22/12/2022 23:45:03,2496,8th/Congress,2497,11th/Congress @ The Texas Capitol,3
28655135,Local31,091G,classic,20/12/2022 2:49:47,2496,8th/Congress,2497,11th/Congress @ The Texas Capitol,3
28610153,Local31,21829,electric,8/12/2022 21:05:30,2496,8th/Congress,2497,11th/Congress @ The Texas Capitol,4
23529305,Single Trip (Pay-as-you-ride),332,classic,20/2/2021 16:30:40,2496,8th/Congress,2497,11th/Congress @ The Texas Capitol,14
23476898,24 Hour Walk Up Pass,113G,classic,1/2/2021 12:59:14,2496,8th/Congress,2497,11th/Congress @ The Texas Capitol,10
23529315,Single Trip (Pay-as-you-ride),95,classic,20/2/2021 16:31:44,2496,8th/Congress,2497,11th/Congress @ The Texas Capitol,13
23508018,Local31,21751,electric,10/2/2021 8:17:08,2496,8th/Congress,2497,11th/Congress @ The Texas Capitol,18
23369844,24 Hour Walk Up Pass,1930,classic,1/1/2021 12:17:13,2496,8th/Congress,2497,11th/Congress @ The Texas Capitol,4
23398403,Explorer,19247,electric,9/1/2021 13:19:50,2496,8th/Congress,2497,11th/Congress @ The Texas Capitol,47
23411434,Single Trip (Pay-as-you-ride),171G,classic,13/1/2021 18:59:44,2496,8th/Congress,2497,11th/Congress @ The Texas Capitol,62
23411433,Single Trip (Pay-as-you-ride),1895,classic,13/1/2021 18:59:05,2496,8th/Congress,2497,11th/Congress @ The Texas Capitol,63
23421048,Single Trip (Pay-as-you-ride),19239,electric,16/1/2021 17:14:15,2496,8th/Congress,2497,11th/Congress @ The Texas Capitol,10
23398388,24 Hour Walk Up Pass,19775,electric,9/1/2021 13:16:36,2496,8th/Congress,2497,11th/Congress @ The Texas Capitol,49
23473221,Local31,19163,electric,31/1/2021 14:25:13,2496,8th/Congress,2497,11th/Congress @ The Texas Capitol,24
23406946,24 Hour Walk Up Pass,685,classic,12/1/2021 22:07:26,2496,8th/Congress,2497,11th/Congress @ The Texas Capitol,45
23452178,Local365,16456,electric,25/1/2021 17:50:04,2496,8th/Congress,2497,11th/Congress @ The Texas Capitol,42
23406945,24 Hour Walk Up Pass,388,classic,12/1/2021 22:06:31,2496,8th/Congress,2497,11th/Congress @ The Texas Capitol,46
23667716,Local31,21458,electric,19/3/2021 13:46:45,2496,8th/Congress,2497,11th/Congress @ The Texas Capitol,14
23755688,Local31,21498,electric,31/3/2021 13:52:33,2496,8th/Congress,2497,11th/Congress @ The Texas Capitol,4
23756141,Local31,134,classic,31/3/2021 14:56:57,2496,8th/Congress,2497,11th/Congress @ The Texas Capitol,3
23570376,Local31,19185,electric,2/3/2021 16:20:50,2496,8th/Congress,2497,11th/Congress @ The Texas Capitol,3
23948923,3-Day Weekender,19386,electric,25/4/2021 17:54:45,2496,8th/Congress,2497,11th/Congress @ The Texas Capitol,5
23948927,3-Day Weekender,19221,electric,25/4/2021 17:55:00,2496,8th/Congress,2497,11th/Congress @ The Texas Capitol,4
23947066,Explorer,19376,electric,25/4/2021 15:44:59,2496,8th/Congress,2497,11th/Congress @ The Texas Capitol,28
23947101,Explorer,21826,electric,25/4/2021 15:46:35,2496,8th/Congress,2497,11th/Congress @ The Texas Capitol,25
23864553,Local365,19078,electric,13/4/2021 14:44:31,2496,8th/Congress,2497,11th/Congress @ The Texas Capitol,7
23769407,24 Hour Walk Up Pass,951,classic,2/4/2021 13:10:31,2496,8th/Congress,2497,11th/Congress @ The Texas Capitol,10
24171500,Local365,21691,electric,26/5/2021 13:03:56,2496,8th/Congress,2497,11th/Congress @ The Texas Capitol,4
24148886,Single Trip (Pay-as-you-ride),21723,electric,23/5/2021 8:36:41,2496,8th/Congress,2497,11th/Congress @ The Texas Capitol,9
24013835,Local31,18929,electric,4/5/2021 14:37:26,2496,8th/Congress,2497,11th/Congress @ The Texas Capitol,2
24026779,Local31,19442,electric,6/5/2021 11:54:46,2496,8th/Congress,2497,11th/Congress @ The Texas Capitol,4
24148888,Single Trip (Pay-as-you-ride),18132,electric,23/5/2021 8:38:26,2496,8th/Congress,2497,11th/Congress @ The Texas Capitol,7
24051581,3-Day Weekender,174,classic,9/5/2021 14:49:30,2496,8th/Congress,2497,11th/Congress @ The Texas Capitol,2
24222589,24 Hour Walk Up Pass,19480,electric,1/6/2021 15:44:06,2496,8th/Congress,2497,11th/Congress @ The Texas Capitol,5
24326805,Local365,16418,electric,13/6/2021 23:10:19,2496,8th/Congress,2497,11th/Congress @ The Texas Capitol,508
24316431,Single Trip (Pay-as-you-ride),21718,electric,12/6/2021 20:17:39,2496,8th/Congress,2497,11th/Congress @ The Texas Capitol,8
24449655,Local365,19177,electric,29/6/2021 17:37:35,2496,8th/Congress,2497,11th/Congress @ The Texas Capitol,3
24313253,24 Hour Walk Up Pass,18939,electric,12/6/2021 15:33:44,2496,8th/Congress,2497,11th/Congress @ The Texas Capitol,84
24222579,24 Hour Walk Up Pass,21419,electric,1/6/2021 15:43:03,2496,8th/Congress,2497,11th/Congress @ The Texas Capitol,6
24411884,Local365,21523,electric,24/6/2021 18:11:05,2496,8th/Congress,2497,11th/Congress @ The Texas Capitol,2
24358739,Local31,21430,electric,18/6/2021 11:40:48,2496,8th/Congress,2497,11th/Congress @ The Texas Capitol,6
24573042,Local31,138G,classic,14/7/2021 10:38:19,2496,8th/Congress,2497,11th/Congress @ The Texas Capitol,2
24498311,24 Hour Walk Up Pass,545,classic,5/7/2021 9:34:30,2496,8th/Congress,2497,11th/Congress @ The Texas Capitol,136
24624613,Local365,18929,electric,20/7/2021 12:38:46,2496,8th/Congress,2497,11th/Congress @ The Texas Capitol,5
24666221,Explorer,21487,electric,24/7/2021 23:42:41,2496,8th/Congress,2497,11th/Congress @ The Texas Capitol,3
24775606,24 Hour Walk Up Pass,19955,electric,7/8/2021 14:14:38,2496,8th/Congress,2497,11th/Congress @ The Texas Capitol,17
24775643,24 Hour Walk Up Pass,21900,electric,7/8/2021 14:18:07,2496,8th/Congress,2497,11th/Congress @ The Texas Capitol,14
24787614,Pay-as-you-ride,21447,electric,8/8/2021 19:35:00,2496,8th/Congress,2497,11th/Congress @ The Texas Capitol,58
24775648,24 Hour Walk Up Pass,21723,electric,7/8/2021 14:19:02,2496,8th/Congress,2497,11th/Congress @ The Texas Capitol,13
24896956,Single Trip (Pay-as-you-ride),749,classic,22/8/2021 11:14:40,2496,8th/Congress,2497,11th/Congress @ The Texas Capitol,6
24775593,24 Hour Walk Up Pass,21497,electric,7/8/2021 14:13:19,2496,8th/Congress,2497,11th/Congress @ The Texas Capitol,17
24921271,Local365,19720,electric,24/8/2021 13:53:31,2496,8th/Congress,2497,11th/Congress @ The Texas Capitol,3
24787652,Pay-as-you-ride,21438,electric,8/8/2021 19:37:32,2496,8th/Congress,2497,11th/Congress @ The Texas Capitol,56
25145034,Student Membership,21702,electric,15/9/2021 23:02:21,2496,8th/Congress,2497,11th/Congress @ The Texas Capitol,13
25176814,Local31,19403,electric,18/9/2021 22:00:13,2496,8th/Congress,2497,11th/Congress @ The Texas Capitol,3
25251572,24 Hour Walk Up Pass,680,classic,26/9/2021 21:56:56,2496,8th/Congress,2497,11th/Congress @ The Texas Capitol,24
25101860,Pay-as-you-ride,774,classic,11/9/2021 17:28:45,2496,8th/Congress,2497,11th/Congress @ The Texas Capitol,13
25101863,Pay-as-you-ride,385,classic,11/9/2021 17:29:08,2496,8th/Congress,2497,11th/Congress @ The Texas Capitol,12
25233401,Explorer,21699,electric,25/9/2021 11:56:49,2496,8th/Congress,2497,11th/Congress @ The Texas Capitol,5
25176804,Local31,18101,electric,18/9/2021 21:59:23,2496,8th/Congress,2497,11th/Congress @ The Texas Capitol,4
25096114,Local365,17635,electric,11/9/2021 10:30:28,2496,8th/Congress,2497,11th/Congress @ The Texas Capitol,4
24998066,Local365,19619,electric,1/9/2021 12:40:17,2496,8th/Congress,2497,11th/Congress @ The Texas Capitol,2
25251565,24 Hour Walk Up Pass,043G,classic,26/9/2021 21:55:08,2496,8th/Congress,2497,11th/Congress @ The Texas Capitol,24
25215096,Local365,122,classic,23/9/2021 13:08:24,2496,8th/Congress,2497,11th/Congress @ The Texas Capitol,2
25159015,Local365,107,classic,17/9/2021 14:23:36,2496,8th/Congress,2497,11th/Congress @ The Texas Capitol,4
25342941,Pay-as-you-ride,3212,classic,7/10/2021 12:41:54,2496,8th/Congress,2497,11th/Congress @ The Texas Capitol,78
25393166,Local365,057G,classic,12/10/2021 10:32:25,2496,8th/Congress,2497,11th/Congress @ The Texas Capitol,2
25371108,Single Trip (Pay-as-you-ride),2124,classic,9/10/2021 20:13:54,2496,8th/Congress,2497,11th/Congress @ The Texas Capitol,10
25439185,Pay-as-you-ride,229G,classic,16/10/2021 18:22:16,2496,8th/Congress,2497,11th/Congress @ The Texas Capitol,2
25433666,Explorer,21742,electric,16/10/2021 12:25:35,2496,8th/Congress,2497,11th/Congress @ The Texas Capitol,6
25309704,Explorer,21426,electric,3/10/2021 14:05:55,2496,8th/Congress,2497,11th/Congress @ The Texas Capitol,5
25508844,Local365,19619,electric,24/10/2021 14:50:53,2496,8th/Congress,2497,11th/Congress @ The Texas Capitol,8
25722430,24 Hour Walk Up Pass,22563,electric,28/11/2021 11:52:39,2496,8th/Congress,2497,11th/Congress @ The Texas Capitol,5
25787049,Local31,19602,electric,9/12/2021 17:52:56,2496,8th/Congress,2497,11th/Congress @ The Texas Capitol,31
21456221,Single Trip (Pay-as-you-ride),5089,classic,9/1/2020 9:27:45,2496,8th/Congress,2497,11th/Congress @ The Texas Capitol,4663
21512491,Pay-as-you-ride,281,classic,26/1/2020 14:08:15,2496,8th/Congress,2497,11th/Congress @ The Texas Capitol,30
21511425,24 Hour Walk Up Pass,382,classic,26/1/2020 11:17:25,2496,8th/Congress,2497,11th/Congress @ The Texas Capitol,6
21512475,Pay-as-you-ride,517,classic,26/1/2020 14:06:52,2496,8th/Congress,2497,11th/Congress @ The Texas Capitol,32
21630149,Single Trip (Pay-as-you-ride),142,classic,1/3/2020 0:00:56,2496,8th/Congress,2497,11th/Congress @ The Texas Capitol,10
21630633,24 Hour Walk Up Pass,3113,classic,1/3/2020 8:55:37,2496,8th/Congress,2497,11th/Congress @ The Texas Capitol,6
21630635,24 Hour Walk Up Pass,285,classic,1/3/2020 8:56:44,2496,8th/Congress,2497,11th/Congress @ The Texas Capitol,6
21694450,Single Trip (Pay-as-you-ride),2299,classic,14/3/2020 21:16:49,2496,8th/Congress,2497,11th/Congress @ The Texas Capitol,770
21836012,Pay-as-you-ride,16410,electric,26/4/2020 14:47:06,2496,8th/Congress,2497,11th/Congress @ The Texas Capitol,19
25910326,Local365,19865,electric,14/1/2022 20:50:23,2496,8th/Congress,2497,11th/Congress @ The Texas Capitol,39
26906776,Student Membership,21767,electric,13/6/2022 17:32:30,2496,8th/Congress,2497,11th/Congress @ The Texas Capitol,2
26870349,Explorer,226,classic,9/6/2022 10:49:44,2496,8th/Congress,2497,11th/Congress @ The Texas Capitol,12
26969907,Local365,19213,electric,20/6/2022 16:37:36,2496,8th/Congress,2497,11th/Congress @ The Texas Capitol,4
26870370,Explorer,19165,electric,9/6/2022 10:50:53,2496,8th/Congress,2497,11th/Congress @ The Texas Capitol,9
27060966,Local31,16946,electric,30/6/2022 17:43:10,2496,8th/Congress,2497,11th/Congress @ The Texas Capitol,5
26969104,3-Day Weekender,16322,electric,20/6/2022 15:07:05,2496,8th/Congress,2497,11th/Congress @ The Texas Capitol,3
26823256,3-Day Weekender,21702,electric,3/6/2022 10:36:25,2496,8th/Congress,2497,11th/Congress @ The Texas Capitol,4
26638765,Local31,19677,electric,11/5/2022 10:58:25,2496,8th/Congress,2497,11th/Congress @ The Texas Capitol,2
26150281,Local31,21829,electric,12/3/2022 20:04:23,4047,8th/Lavaca,2497,11th/Congress @ The Texas Capitol,66
26236872,Local365,16288,electric,24/3/2022 16:13:11,4047,8th/Lavaca,2497,11th/Congress @ The Texas Capitol,4
26334389,3-Day Weekender,19870,electric,6/4/2022 12:18:07,4047,8th/Lavaca,2497,11th/Congress @ The Texas Capitol,75
27301886,3-Day Weekender,074G,classic,26/7/2022 14:55:28,4047,8th/Lavaca,2497,11th/Congress @ The Texas Capitol,6
27301891,3-Day Weekender,135,classic,26/7/2022 14:55:57,4047,8th/Lavaca,2497,11th/Congress @ The Texas Capitol,6
27301890,3-Day Weekender,19110,electric,26/7/2022 14:55:44,4047,8th/Lavaca,2497,11th/Congress @ The Texas Capitol,93
27793819,Explorer,074G,classic,11/9/2022 17:38:17,4047,8th/Lavaca,2497,11th/Congress @ The Texas Capitol,8
27791455,Local31,2143,classic,11/9/2022 14:18:41,4047,8th/Lavaca,2497,11th/Congress @ The Texas Capitol,32
28073612,Local365,1277,classic,4/10/2022 11:59:18,4047,8th/Lavaca,2497,11th/Congress @ The Texas Capitol,6
28150150,Student Membership,348,classic,10/10/2022 18:31:11,4047,8th/Lavaca,2497,11th/Congress @ The Texas Capitol,3
28073610,Local365,559,classic,4/10/2022 11:59:03,4047,8th/Lavaca,2497,11th/Congress @ The Texas Capitol,6
28491466,Local31,16974,electric,16/11/2022 8:59:42,4047,8th/Lavaca,,11th/Congress @ The Texas Capitol,18
28442213,Local31,21571,electric,9/11/2022 12:09:27,4047,8th/Lavaca,,11th/Congress @ The Texas Capitol,3
28557516,Local365,18564,electric,30/11/2022 15:11:49,4047,8th/Lavaca,,11th/Congress @ The Texas Capitol,4
28600349,Explorer,21823,electric,7/12/2022 12:42:53,4047,8th/Lavaca,2497,11th/Congress @ The Texas Capitol,12
23371075,24 Hour Walk Up Pass,19160,electric,1/1/2021 15:49:02,4047,8th/Lavaca,2497,11th/Congress @ The Texas Capitol,5
23371081,24 Hour Walk Up Pass,19085,electric,1/1/2021 15:49:33,4047,8th/Lavaca,2497,11th/Congress @ The Texas Capitol,5
23383909,24 Hour Walk Up Pass,938,classic,4/1/2021 14:56:32,4047,8th/Lavaca,2497,11th/Congress @ The Texas Capitol,57
23801552,Single Trip (Pay-as-you-ride),19479,electric,5/4/2021 16:01:17,4047,8th/Lavaca,2497,11th/Congress @ The Texas Capitol,8
23877183,24 Hour Walk Up Pass,21810,electric,15/4/2021 14:28:46,4047,8th/Lavaca,2497,11th/Congress @ The Texas Capitol,20
24012791,Local31,18923,electric,4/5/2021 11:53:17,4047,8th/Lavaca,2497,11th/Congress @ The Texas Capitol,35
24132229,Local31,21816,electric,21/5/2021 3:22:02,4047,8th/Lavaca,2497,11th/Congress @ The Texas Capitol,2
24215180,Pay-as-you-ride,21886,electric,31/5/2021 16:47:46,4047,8th/Lavaca,2497,11th/Congress @ The Texas Capitol,6
24045173,Explorer,21654,electric,8/5/2021 16:45:45,4047,8th/Lavaca,2497,11th/Congress @ The Texas Capitol,22
24215185,Pay-as-you-ride,19517,electric,31/5/2021 16:47:56,4047,8th/Lavaca,2497,11th/Congress @ The Texas Capitol,6
24108492,Local31,21499,electric,17/5/2021 11:37:48,4047,8th/Lavaca,2497,11th/Congress @ The Texas Capitol,39
24694012,Local365,16322,electric,28/7/2021 16:46:13,4047,8th/Lavaca,2497,11th/Congress @ The Texas Capitol,2
24560513,Local365,16277,electric,12/7/2021 16:54:09,4047,8th/Lavaca,2497,11th/Congress @ The Texas Capitol,2
24567878,Local365,19194,electric,13/7/2021 17:00:29,4047,8th/Lavaca,2497,11th/Congress @ The Texas Capitol,2
24468788,Local31,18592,electric,2/7/2021 11:55:24,4047,8th/Lavaca,2497,11th/Congress @ The Texas Capitol,11
24502373,Explorer,16946,electric,5/7/2021 16:38:46,4047,8th/Lavaca,2497,11th/Congress @ The Texas Capitol,7
24518483,Local365,5089,classic,7/7/2021 16:39:19,4047,8th/Lavaca,2497,11th/Congress @ The Texas Capitol,3
24626809,Local365,21679,electric,20/7/2021 16:53:44,4047,8th/Lavaca,2497,11th/Congress @ The Texas Capitol,3
24686431,Local365,21454,electric,27/7/2021 16:19:49,4047,8th/Lavaca,2497,11th/Congress @ The Texas Capitol,3
24514354,Local365,21773,electric,7/7/2021 9:38:17,4047,8th/Lavaca,2497,11th/Congress @ The Texas Capitol,9
24899261,Local31,21481,electric,22/8/2021 14:05:03,4047,8th/Lavaca,2497,11th/Congress @ The Texas Capitol,24
24752468,Local365,21699,electric,4/8/2021 16:42:31,4047,8th/Lavaca,2497,11th/Congress @ The Texas Capitol,3
24929413,Local31,19251,electric,25/8/2021 11:26:11,4047,8th/Lavaca,2497,11th/Congress @ The Texas Capitol,36
24922874,Local365,19730,electric,24/8/2021 16:40:41,4047,8th/Lavaca,2497,11th/Congress @ The Texas Capitol,3
24891433,Local31,21467,electric,21/8/2021 18:04:54,4047,8th/Lavaca,2497,11th/Congress @ The Texas Capitol,33
25203459,Local31,19194,electric,22/9/2021 1:54:51,4047,8th/Lavaca,2497,11th/Congress @ The Texas Capitol,38
25092922,Local31,21789,electric,10/9/2021 21:29:59,4047,8th/Lavaca,2497,11th/Congress @ The Texas Capitol,20
25253571,Local365,21727,electric,27/9/2021 10:18:34,4047,8th/Lavaca,2497,11th/Congress @ The Texas Capitol,89
25364235,Explorer,19865,electric,9/10/2021 15:10:42,4047,8th/Lavaca,2497,11th/Congress @ The Texas Capitol,34
25309614,Explorer,610,classic,3/10/2021 13:57:52,4047,8th/Lavaca,2497,11th/Congress @ The Texas Capitol,14
25309593,Explorer,19678,electric,3/10/2021 13:56:27,4047,8th/Lavaca,2497,11th/Congress @ The Texas Capitol,15
25487413,Local31,21742,electric,22/10/2021 10:22:44,4047,8th/Lavaca,2497,11th/Congress @ The Texas Capitol,21
25707084,Local31,21744,electric,24/11/2021 1:05:23,4047,8th/Lavaca,2497,11th/Congress @ The Texas Capitol,49
25774387,Local31,21472,electric,6/12/2021 21:49:09,4047,8th/Lavaca,2497,11th/Congress @ The Texas Capitol,36
25806213,Local31,16946,electric,13/12/2021 18:40:59,4047,8th/Lavaca,2497,11th/Congress @ The Texas Capitol,4
21743784,3-Day Weekender,19141,electric,30/3/2020 13:06:58,4047,8th/Lavaca,2497,11th/Congress @ The Texas Capitol,6
27022087,Explorer,21773,electric,26/6/2022 11:15:27,4047,8th/Lavaca,2497,11th/Congress @ The Texas Capitol,15
26814366,Student Membership,21751,electric,2/6/2022 2:22:48,4047,8th/Lavaca,2497,11th/Congress @ The Texas Capitol,5
26581207,Explorer,22563,electric,3/5/2022 22:15:51,4047,8th/Lavaca,2497,11th/Congress @ The Texas Capitol,10
26284193,24 Hour Walk Up Pass,19453,electric,31/3/2022 10:36:49,2571,8th/Red River,2497,11th/Congress @ The Texas Capitol,22
26284181,24 Hour Walk Up Pass,16974,electric,31/3/2022 10:35:23,2571,8th/Red River,2497,11th/Congress @ The Texas Capitol,23
26496132,Explorer,19265,electric,24/4/2022 10:42:02,2571,8th/Red River,2497,11th/Congress @ The Texas Capitol,6
26496123,Explorer,19303,electric,24/4/2022 10:41:27,2571,8th/Red River,2497,11th/Congress @ The Texas Capitol,7
26335472,3-Day Weekender,21528,electric,6/4/2022 14:17:51,2571,8th/Red River,2497,11th/Congress @ The Texas Capitol,46
27702638,Explorer,21714,electric,4/9/2022 11:28:47,2571,8th/Red River,2497,11th/Congress @ The Texas Capitol,10
27864066,3-Day Weekender,21751,electric,17/9/2022 9:45:35,2571,8th/Red River,2497,11th/Congress @ The Texas Capitol,6
27833818,Student Membership,19789,electric,14/9/2022 22:18:04,2571,8th/Red River,2497,11th/Congress @ The Texas Capitol,4
27702637,Explorer,095G,classic,4/9/2022 11:28:45,2571,8th/Red River,2497,11th/Congress @ The Texas Capitol,10
27833814,Student Membership,17850,electric,14/9/2022 22:17:50,2571,8th/Red River,2497,11th/Congress @ The Texas Capitol,5
27702602,Explorer,19789,electric,4/9/2022 11:27:00,2571,8th/Red River,2497,11th/Congress @ The Texas Capitol,12
27677541,Local31,21884,electric,2/9/2022 8:44:18,2571,8th/Red River,2497,11th/Congress @ The Texas Capitol,11
27864064,3-Day Weekender,21499,electric,17/9/2022 9:45:33,2571,8th/Red River,2497,11th/Congress @ The Texas Capitol,6
23496694,3-Day Weekender,472,classic,7/2/2021 10:26:08,2571,8th/Red River,2497,11th/Congress @ The Texas Capitol,5
23371230,24 Hour Walk Up Pass,19265,electric,1/1/2021 16:10:32,2571,8th/Red River,2497,11th/Congress @ The Texas Capitol,12
23618972,3-Day Weekender,19693,electric,11/3/2021 11:30:31,2571,8th/Red River,2497,11th/Congress @ The Texas Capitol,9
23623173,3-Day Weekender,1639,classic,12/3/2021 8:53:12,2571,8th/Red River,2497,11th/Congress @ The Texas Capitol,8
23732098,Single Trip (Pay-as-you-ride),21455,electric,28/3/2021 3:09:17,2571,8th/Red River,2497,11th/Congress @ The Texas Capitol,2009
23677504,Local365,19148,electric,20/3/2021 15:24:20,2571,8th/Red River,2497,11th/Congress @ The Texas Capitol,7
23912553,Explorer,18696,electric,20/4/2021 16:19:57,2571,8th/Red River,2497,11th/Congress @ The Texas Capitol,70
23912552,Explorer,21561,electric,20/4/2021 16:19:47,2571,8th/Red River,2497,11th/Congress @ The Texas Capitol,70
24084515,3-Day Weekender,16418,electric,14/5/2021 13:21:44,2571,8th/Red River,2497,11th/Congress @ The Texas Capitol,48
24055464,Local365,1551,classic,10/5/2021 8:02:15,2571,8th/Red River,2497,11th/Congress @ The Texas Capitol,8
24200241,Pay-as-you-ride,2147,classic,30/5/2021 10:44:58,2571,8th/Red River,2497,11th/Congress @ The Texas Capitol,9
24200189,Pay-as-you-ride,035G,classic,30/5/2021 10:41:37,2571,8th/Red River,2497,11th/Congress @ The Texas Capitol,12
24006017,Local31,19775,electric,3/5/2021 4:22:03,2571,8th/Red River,2497,11th/Congress @ The Texas Capitol,32
24200191,Pay-as-you-ride,956,classic,30/5/2021 10:41:50,2571,8th/Red River,2497,11th/Congress @ The Texas Capitol,12
24106308,Single Trip (Pay-as-you-ride),2124,classic,16/5/2021 20:58:36,2571,8th/Red River,2497,11th/Congress @ The Texas Capitol,24
24368829,24 Hour Walk Up Pass,21876,electric,19/6/2021 13:07:02,2571,8th/Red River,2497,11th/Congress @ The Texas Capitol,5
24219348,24 Hour Walk Up Pass,19418,electric,1/6/2021 8:22:14,2571,8th/Red River,2497,11th/Congress @ The Texas Capitol,15
24368819,24 Hour Walk Up Pass,21558,electric,19/6/2021 13:06:19,2571,8th/Red River,2497,11th/Congress @ The Texas Capitol,6
24440125,3-Day Weekender,18132,electric,28/6/2021 10:16:19,2571,8th/Red River,2497,11th/Congress @ The Texas Capitol,32
24440128,3-Day Weekender,21806,electric,28/6/2021 10:17:10,2571,8th/Red River,2497,11th/Congress @ The Texas Capitol,32
24509372,24 Hour Walk Up Pass,21704,electric,6/7/2021 15:32:24,2571,8th/Red River,2497,11th/Congress @ The Texas Capitol,11
24728504,24 Hour Walk Up Pass,16881,electric,1/8/2021 14:26:54,2571,8th/Red River,2497,11th/Congress @ The Texas Capitol,46
24728524,24 Hour Walk Up Pass,16410,electric,1/8/2021 14:28:17,2571,8th/Red River,2497,11th/Congress @ The Texas Capitol,44
25254182,Single Trip (Pay-as-you-ride),19745,electric,27/9/2021 11:26:25,2571,8th/Red River,2497,11th/Congress @ The Texas Capitol,22
25150806,3-Day Weekender,19730,electric,16/9/2021 16:42:10,2571,8th/Red River,2497,11th/Congress @ The Texas Capitol,6
25254195,Single Trip (Pay-as-you-ride),19935,electric,27/9/2021 11:28:37,2571,8th/Red River,2497,11th/Congress @ The Texas Capitol,20
25150826,3-Day Weekender,19783,electric,16/9/2021 16:43:33,2571,8th/Red River,2497,11th/Congress @ The Texas Capitol,5
25554608,Local31,21680,electric,31/10/2021 2:30:40,2571,8th/Red River,2497,11th/Congress @ The Texas Capitol,8
25453399,24 Hour Walk Up Pass,21679,electric,18/10/2021 12:01:51,2571,8th/Red River,2497,11th/Congress @ The Texas Capitol,21
25453381,24 Hour Walk Up Pass,16288,electric,18/10/2021 12:00:38,2571,8th/Red River,2497,11th/Congress @ The Texas Capitol,22
25712868,Pay-as-you-ride,334,classic,25/11/2021 14:39:33,2571,8th/Red River,2497,11th/Congress @ The Texas Capitol,176
25870766,Single Trip (Pay-as-you-ride),968,classic,31/12/2021 16:48:12,2571,8th/Red River,2497,11th/Congress @ The Texas Capitol,35
21691554,Explorer,709,classic,14/3/2020 10:59:36,2571,8th/Red River,2497,11th/Congress @ The Texas Capitol,7
21691549,Explorer,19582,electric,14/3/2020 10:58:38,2571,8th/Red River,2497,11th/Congress @ The Texas Capitol,8
26049483,Pay-as-you-ride,21695,electric,19/2/2022 19:53:09,2571,8th/Red River,2497,11th/Congress @ The Texas Capitol,7
26049494,Pay-as-you-ride,21621,electric,19/2/2022 19:54:26,2571,8th/Red River,2497,11th/Congress @ The Texas Capitol,6
26042099,3-Day Weekender,19367,electric,18/2/2022 16:44:02,2571,8th/Red River,2497,11th/Congress @ The Texas Capitol,12
26955442,3-Day Weekender,21728,electric,19/6/2022 0:22:58,2571,8th/Red River,2497,11th/Congress @ The Texas Capitol,668
26163849,Local365,19583,electric,15/3/2022 1:48:59,2562,8th/San Jacinto,2497,11th/Congress @ The Texas Capitol,5
26482157,Local31,21419,electric,23/4/2022 13:25:51,2562,8th/San Jacinto,2497,11th/Congress @ The Texas Capitol,3
26308179,Student Membership,1958,classic,3/4/2022 2:21:45,2562,8th/San Jacinto,2497,11th/Congress @ The Texas Capitol,5
27298832,Local31,21550,electric,26/7/2022 8:39:38,2562,8th/San Jacinto,2497,11th/Congress @ The Texas Capitol,8
27469193,Pay-as-you-ride,21419,electric,14/8/2022 10:41:52,2562,8th/San Jacinto,2497,11th/Congress @ The Texas Capitol,10
27870911,Local31,5089,classic,17/9/2022 17:12:17,2562,8th/San Jacinto,2497,11th/Congress @ The Texas Capitol,4
27951411,Pay-as-you-ride,19870,electric,24/9/2022 8:43:18,2562,8th/San Jacinto,2497,11th/Congress @ The Texas Capitol,25
27929925,Student Membership,21464,electric,22/9/2022 12:49:08,2562,8th/San Jacinto,2497,11th/Congress @ The Texas Capitol,3
27846272,Student Membership,22155,electric,15/9/2022 20:50:11,2562,8th/San Jacinto,2497,11th/Congress @ The Texas Capitol,11
27870889,Local31,21652,electric,17/9/2022 17:11:19,2562,8th/San Jacinto,2497,11th/Congress @ The Texas Capitol,5
27951412,Pay-as-you-ride,21740,electric,24/9/2022 8:43:22,2562,8th/San Jacinto,2497,11th/Congress @ The Texas Capitol,25
28109261,Explorer,21709,electric,7/10/2022 12:28:00,2562,8th/San Jacinto,2497,11th/Congress @ The Texas Capitol,20
28109260,Explorer,19437,electric,7/10/2022 12:27:47,2562,8th/San Jacinto,2497,11th/Congress @ The Texas Capitol,20
28109303,Explorer,21751,electric,7/10/2022 12:31:26,2562,8th/San Jacinto,2497,11th/Congress @ The Texas Capitol,17
28393155,Local31,19185,electric,3/11/2022 14:07:59,2562,8th/San Jacinto,,11th/Congress @ The Texas Capitol,7
28476504,Explorer,22449,electric,13/11/2022 15:08:27,2562,8th/San Jacinto,,11th/Congress @ The Texas Capitol,4
28501126,Local31,21480,electric,17/11/2022 18:18:00,2562,8th/San Jacinto,,11th/Congress @ The Texas Capitol,4
23406318,Single Trip (Pay-as-you-ride),14190,classic,12/1/2021 16:55:00,2562,8th/San Jacinto,2497,11th/Congress @ The Texas Capitol,6
23371252,24 Hour Walk Up Pass,983,classic,1/1/2021 16:13:28,2562,8th/San Jacinto,2497,11th/Congress @ The Texas Capitol,28
23836694,Pay-as-you-ride,18704,electric,10/4/2021 4:37:57,2562,8th/San Jacinto,2497,11th/Congress @ The Texas Capitol,83
24003886,24 Hour Walk Up Pass,19328,electric,2/5/2021 18:57:49,2562,8th/San Jacinto,2497,11th/Congress @ The Texas Capitol,57
24311808,24 Hour Walk Up Pass,759,classic,12/6/2021 13:18:09,2562,8th/San Jacinto,2497,11th/Congress @ The Texas Capitol,18
24243993,Explorer,18704,electric,4/6/2021 16:56:09,2562,8th/San Jacinto,2497,11th/Congress @ The Texas Capitol,10
24311736,24 Hour Walk Up Pass,306,classic,12/6/2021 13:12:03,2562,8th/San Jacinto,2497,11th/Congress @ The Texas Capitol,25
24311718,24 Hour Walk Up Pass,21558,electric,12/6/2021 13:10:23,2562,8th/San Jacinto,2497,11th/Congress @ The Texas Capitol,27
24243992,Explorer,21508,electric,4/6/2021 16:56:08,2562,8th/San Jacinto,2497,11th/Congress @ The Texas Capitol,10
24407833,24 Hour Walk Up Pass,855,classic,24/6/2021 8:39:46,2562,8th/San Jacinto,2497,11th/Congress @ The Texas Capitol,464
24594901,Single Trip (Pay-as-you-ride),21561,electric,17/7/2021 0:25:20,2562,8th/San Jacinto,2497,11th/Congress @ The Texas Capitol,17
24594908,Single Trip (Pay-as-you-ride),21465,electric,17/7/2021 0:26:14,2562,8th/San Jacinto,2497,11th/Congress @ The Texas Capitol,16
24594894,Single Trip (Pay-as-you-ride),21903,electric,17/7/2021 0:23:58,2562,8th/San Jacinto,2497,11th/Congress @ The Texas Capitol,106
24594917,Single Trip (Pay-as-you-ride),18726,electric,17/7/2021 0:28:25,2562,8th/San Jacinto,2497,11th/Congress @ The Texas Capitol,14
24712291,Single Trip (Pay-as-you-ride),21666,electric,30/7/2021 20:22:48,2562,8th/San Jacinto,2497,11th/Congress @ The Texas Capitol,34
24594929,Single Trip (Pay-as-you-ride),21495,electric,17/7/2021 0:31:06,2562,8th/San Jacinto,2497,11th/Congress @ The Texas Capitol,10
25600155,24 Hour Walk Up Pass,16279,electric,7/11/2021 7:01:29,2562,8th/San Jacinto,2497,11th/Congress @ The Texas Capitol,3
25793474,Explorer,136G,classic,11/12/2021 6:07:23,2562,8th/San Jacinto,2497,11th/Congress @ The Texas Capitol,4
21671937,Local365,19755,electric,9/3/2020 21:04:26,2562,8th/San Jacinto,2497,11th/Congress @ The Texas Capitol,3
26039673,Explorer,21550,electric,18/2/2022 11:06:00,2562,8th/San Jacinto,2497,11th/Congress @ The Texas Capitol,4
26039677,Explorer,385,classic,18/2/2022 11:06:21,2562,8th/San Jacinto,2497,11th/Congress @ The Texas Capitol,4
26869206,Explorer,16277,electric,9/6/2022 8:20:08,2562,8th/San Jacinto,2497,11th/Congress @ The Texas Capitol,13
26869208,Explorer,17751,electric,9/6/2022 8:20:24,2562,8th/San Jacinto,2497,11th/Congress @ The Texas Capitol,12
26287852,Pay-as-you-ride,21550,electric,31/3/2022 17:01:02,3685,9th/Henderson,2497,11th/Congress @ The Texas Capitol,175
26309951,Local31,22196,electric,3/4/2022 11:37:20,3685,9th/Henderson,2497,11th/Congress @ The Texas Capitol,15
27373920,Explorer,21571,electric,3/8/2022 14:31:19,3685,9th/Henderson,2497,11th/Congress @ The Texas Capitol,7
28355234,Explorer,21486,electric,30/10/2022 16:16:53,3685,9th/Henderson,2497,11th/Congress @ The Texas Capitol,15
28327645,Student Membership,19720,electric,27/10/2022 18:07:05,3685,9th/Henderson,2497,11th/Congress @ The Texas Capitol,17
28355233,Explorer,21628,electric,30/10/2022 16:16:49,3685,9th/Henderson,2497,11th/Congress @ The Texas Capitol,15
23575705,Local365,19330,electric,3/3/2021 17:47:29,3685,9th/Henderson,2497,11th/Congress @ The Texas Capitol,54
23642281,Local365,16974,electric,15/3/2021 12:43:52,3685,9th/Henderson,2497,11th/Congress @ The Texas Capitol,7
23905407,3-Day Weekender,19107,electric,19/4/2021 12:04:23,3685,9th/Henderson,2497,11th/Congress @ The Texas Capitol,8
23905409,3-Day Weekender,21514,electric,19/4/2021 12:04:32,3685,9th/Henderson,2497,11th/Congress @ The Texas Capitol,8
23945484,Explorer,21803,electric,25/4/2021 13:48:30,3685,9th/Henderson,2497,11th/Congress @ The Texas Capitol,18
23945485,Explorer,21438,electric,25/4/2021 13:48:41,3685,9th/Henderson,2497,11th/Congress @ The Texas Capitol,16
23945482,Explorer,19821,electric,25/4/2021 13:48:16,3685,9th/Henderson,2497,11th/Congress @ The Texas Capitol,15
24056025,3-Day Weekender,376,classic,10/5/2021 10:14:41,3685,9th/Henderson,2497,11th/Congress @ The Texas Capitol,7
24056021,3-Day Weekender,627,classic,10/5/2021 10:14:00,3685,9th/Henderson,2497,11th/Congress @ The Texas Capitol,7
24264133,Local31,21661,electric,6/6/2021 16:03:40,3685,9th/Henderson,2497,11th/Congress @ The Texas Capitol,23
24331053,Explorer,385,classic,14/6/2021 16:57:43,3685,9th/Henderson,2497,11th/Congress @ The Texas Capitol,16
24403836,Single Trip (Pay-as-you-ride),057G,classic,23/6/2021 17:06:31,3685,9th/Henderson,2497,11th/Congress @ The Texas Capitol,15
24403826,Single Trip (Pay-as-you-ride),968,classic,23/6/2021 17:05:39,3685,9th/Henderson,2497,11th/Congress @ The Texas Capitol,16
24923946,Local31,21477,electric,24/8/2021 18:25:22,3685,9th/Henderson,2497,11th/Congress @ The Texas Capitol,13
24889499,Explorer,21427,electric,21/8/2021 15:38:30,3685,9th/Henderson,2497,11th/Congress @ The Texas Capitol,10
24889493,Explorer,19432,electric,21/8/2021 15:38:13,3685,9th/Henderson,2497,11th/Congress @ The Texas Capitol,10
25417439,Local365,16845,electric,14/10/2021 12:56:14,3685,9th/Henderson,2497,11th/Congress @ The Texas Capitol,7
25419737,Local31,21481,electric,14/10/2021 16:52:44,3685,9th/Henderson,2497,11th/Congress @ The Texas Capitol,42
25558165,24 Hour Walk Up Pass,774,classic,31/10/2021 15:38:30,3685,9th/Henderson,2497,11th/Congress @ The Texas Capitol,24
25558156,24 Hour Walk Up Pass,21495,electric,31/10/2021 15:37:55,3685,9th/Henderson,2497,11th/Congress @ The Texas Capitol,25
25535494,Local31,19789,electric,28/10/2021 9:58:23,3685,9th/Henderson,2497,11th/Congress @ The Texas Capitol,9
25720515,Local31,18995,electric,27/11/2021 16:45:29,3685,9th/Henderson,2497,11th/Congress @ The Texas Capitol,24
25713144,Explorer,21659,electric,25/11/2021 15:50:26,3685,9th/Henderson,2497,11th/Congress @ The Texas Capitol,105
25713146,Explorer,22196,electric,25/11/2021 15:50:42,3685,9th/Henderson,2497,11th/Congress @ The Texas Capitol,105
25838216,Explorer,21454,electric,23/12/2021 15:04:45,3685,9th/Henderson,2497,11th/Congress @ The Texas Capitol,10
21810964,Local365,19356,electric,20/4/2020 18:39:03,3685,9th/Henderson,2497,11th/Congress @ The Texas Capitol,37
26046142,Explorer,1703,classic,19/2/2022 13:53:58,3685,9th/Henderson,2497,11th/Congress @ The Texas Capitol,19
26046141,Explorer,95,classic,19/2/2022 13:53:57,3685,9th/Henderson,2497,11th/Congress @ The Texas Capitol,19
26046138,Explorer,16874,electric,19/2/2022 13:53:25,3685,9th/Henderson,2497,11th/Congress @ The Texas Capitol,19
26046152,Explorer,19677,electric,19/2/2022 13:54:40,3685,9th/Henderson,2497,11th/Congress @ The Texas Capitol,18
26876717,Local31,19918,electric,9/6/2022 23:16:21,3685,9th/Henderson,2497,11th/Congress @ The Texas Capitol,37
26842692,Student Membership,2034,classic,5/6/2022 13:56:09,3685,9th/Henderson,2497,11th/Congress @ The Texas Capitol,11
27022263,Explorer,661,classic,26/6/2022 11:31:26,3685,9th/Henderson,2497,11th/Congress @ The Texas Capitol,21
26842707,Pay-as-you-ride,428,classic,5/6/2022 13:57:32,3685,9th/Henderson,2497,11th/Congress @ The Texas Capitol,10
26842695,Local365,19221,electric,5/6/2022 13:56:15,3685,9th/Henderson,2497,11th/Congress @ The Texas Capitol,11
26667773,Pay-as-you-ride,18947,electric,14/5/2022 11:01:16,3685,9th/Henderson,2497,11th/Congress @ The Texas Capitol,8
26670266,3-Day Weekender,124,classic,14/5/2022 13:56:25,3685,9th/Henderson,2497,11th/Congress @ The Texas Capitol,10
26623797,3-Day Weekender,19165,electric,9/5/2022 12:24:08,3685,9th/Henderson,2497,11th/Congress @ The Texas Capitol,10
26152133,24 Hour Walk Up Pass,19401,electric,13/3/2022 12:45:27,2572,Barton Springs Pool,2497,11th/Congress @ The Texas Capitol,45
26481814,Explorer,18564,electric,23/4/2022 13:09:01,2572,Barton Springs Pool,2497,11th/Congress @ The Texas Capitol,27
26472436,Pay-as-you-ride,21476,electric,22/4/2022 15:31:25,2572,Barton Springs Pool,2497,11th/Congress @ The Texas Capitol,28
26481808,Explorer,19265,electric,23/4/2022 13:08:53,2572,Barton Springs Pool,2497,11th/Congress @ The Texas Capitol,28
26460937,Explorer,19679,electric,21/4/2022 13:08:55,2572,Barton Springs Pool,2497,11th/Congress @ The Texas Capitol,52
26472449,Pay-as-you-ride,19619,electric,22/4/2022 15:32:38,2572,Barton Springs Pool,2497,11th/Congress @ The Texas Capitol,27
26460927,Explorer,19552,electric,21/4/2022 13:08:24,2572,Barton Springs Pool,2497,11th/Congress @ The Texas Capitol,52
27226414,Explorer,21561,electric,18/7/2022 10:05:06,2572,Barton Springs Pool,2497,11th/Congress @ The Texas Capitol,41
27226476,Explorer,102,classic,18/7/2022 10:12:21,2572,Barton Springs Pool,2497,11th/Congress @ The Texas Capitol,34
28242351,Pay-as-you-ride,16855,electric,19/10/2022 14:57:25,2572,Barton Springs Pool,2497,11th/Congress @ The Texas Capitol,95
23676753,Explorer,21558,electric,20/3/2021 14:37:09,2572,Barton Springs Pool,2497,11th/Congress @ The Texas Capitol,38
23676750,Explorer,19214,electric,20/3/2021 14:37:00,2572,Barton Springs Pool,2497,11th/Congress @ The Texas Capitol,39
24192396,24 Hour Walk Up Pass,21495,electric,29/5/2021 14:05:08,2572,Barton Springs Pool,2497,11th/Congress @ The Texas Capitol,82
24192306,24 Hour Walk Up Pass,21586,electric,29/5/2021 13:59:48,2572,Barton Springs Pool,2497,11th/Congress @ The Texas Capitol,88
24192297,24 Hour Walk Up Pass,19367,electric,29/5/2021 13:59:06,2572,Barton Springs Pool,2497,11th/Congress @ The Texas Capitol,88
24192374,24 Hour Walk Up Pass,19734,electric,29/5/2021 14:03:30,2572,Barton Springs Pool,2497,11th/Congress @ The Texas Capitol,83
24192325,24 Hour Walk Up Pass,19682,electric,29/5/2021 14:00:56,2572,Barton Springs Pool,2497,11th/Congress @ The Texas Capitol,86
24192411,24 Hour Walk Up Pass,21886,electric,29/5/2021 14:06:03,2572,Barton Springs Pool,2497,11th/Congress @ The Texas Capitol,81
24450054,Single Trip (Pay-as-you-ride),21799,electric,29/6/2021 18:24:48,2572,Barton Springs Pool,2497,11th/Congress @ The Texas Capitol,34
24450059,Single Trip (Pay-as-you-ride),18995,electric,29/6/2021 18:25:23,2572,Barton Springs Pool,2497,11th/Congress @ The Texas Capitol,239
24450045,Single Trip (Pay-as-you-ride),18726,electric,29/6/2021 18:23:51,2572,Barton Springs Pool,2497,11th/Congress @ The Texas Capitol,241
24898505,3-Day Weekender,21661,electric,22/8/2021 13:13:26,2572,Barton Springs Pool,2497,11th/Congress @ The Texas Capitol,30
24821527,24 Hour Walk Up Pass,21707,electric,13/8/2021 15:05:27,2572,Barton Springs Pool,2497,11th/Congress @ The Texas Capitol,92
24898489,3-Day Weekender,17019,electric,22/8/2021 13:12:41,2572,Barton Springs Pool,2497,11th/Congress @ The Texas Capitol,30
25238660,Single Trip (Pay-as-you-ride),735,classic,25/9/2021 18:07:45,2572,Barton Springs Pool,2497,11th/Congress @ The Texas Capitol,26
25605302,Pay-as-you-ride,229G,classic,7/11/2021 16:13:00,2572,Barton Springs Pool,2497,11th/Congress @ The Texas Capitol,40
25724522,Local31,19287,electric,28/11/2021 16:12:42,2572,Barton Springs Pool,2497,11th/Congress @ The Texas Capitol,16
25605324,Single Trip (Pay-as-you-ride),105G,classic,7/11/2021 16:14:34,2572,Barton Springs Pool,2497,11th/Congress @ The Texas Capitol,39
25817124,24 Hour Walk Up Pass,1565,classic,16/12/2021 10:17:49,2572,Barton Springs Pool,2497,11th/Congress @ The Texas Capitol,157
25817135,24 Hour Walk Up Pass,263,classic,16/12/2021 10:19:38,2572,Barton Springs Pool,2497,11th/Congress @ The Texas Capitol,156
25817107,24 Hour Walk Up Pass,18726,electric,16/12/2021 10:14:50,2572,Barton Springs Pool,2497,11th/Congress @ The Texas Capitol,160
26923327,Explorer,21676,electric,15/6/2022 17:54:06,2572,Barton Springs Pool,2497,11th/Congress @ The Texas Capitol,94
26630303,3-Day Weekender,300G,classic,10/5/2022 9:48:57,2567,Barton Springs/Bouldin @ Palmer Auditorium,2497,11th/Congress @ The Texas Capitol,18
26703343,Pay-as-you-ride,452,classic,18/5/2022 10:53:55,2567,Barton Springs/Bouldin @ Palmer Auditorium,2497,11th/Congress @ The Texas Capitol,19
26703351,Pay-as-you-ride,396,classic,18/5/2022 10:54:52,2567,Barton Springs/Bouldin @ Palmer Auditorium,2497,11th/Congress @ The Texas Capitol,17
26793315,3-Day Weekender,22530,electric,30/5/2022 12:10:52,2567,Barton Springs/Bouldin @ Palmer Auditorium,2497,11th/Congress @ The Texas Capitol,19
26206821,Explorer,19935,electric,19/3/2022 20:25:32,2567,Barton Springs/Bouldin @ Palmer Auditorium,2497,11th/Congress @ The Texas Capitol,30
26112195,Explorer,1434,classic,5/3/2022 11:34:55,2567,Barton Springs/Bouldin @ Palmer Auditorium,2497,11th/Congress @ The Texas Capitol,52
26112198,Explorer,425,classic,5/3/2022 11:35:13,2567,Barton Springs/Bouldin @ Palmer Auditorium,2497,11th/Congress @ The Texas Capitol,53
26112201,Explorer,19040,electric,5/3/2022 11:35:28,2567,Barton Springs/Bouldin @ Palmer Auditorium,2497,11th/Congress @ The Texas Capitol,51
26299954,Pay-as-you-ride,342,classic,2/4/2022 10:55:17,2567,Barton Springs/Bouldin @ Palmer Auditorium,2497,11th/Congress @ The Texas Capitol,30
26299956,Pay-as-you-ride,349G,classic,2/4/2022 10:55:35,2567,Barton Springs/Bouldin @ Palmer Auditorium,2497,11th/Congress @ The Texas Capitol,29
26299959,Pay-as-you-ride,1967,classic,2/4/2022 10:55:50,2567,Barton Springs/Bouldin @ Palmer Auditorium,2497,11th/Congress @ The Texas Capitol,29
26370270,3-Day Weekender,21689,electric,10/4/2022 14:24:04,2567,Barton Springs/Bouldin @ Palmer Auditorium,2497,11th/Congress @ The Texas Capitol,31
26537250,3-Day Weekender,19693,electric,28/4/2022 18:57:58,2567,Barton Springs/Bouldin @ Palmer Auditorium,2497,11th/Congress @ The Texas Capitol,30
26299963,Pay-as-you-ride,440,classic,2/4/2022 10:56:08,2567,Barton Springs/Bouldin @ Palmer Auditorium,2497,11th/Congress @ The Texas Capitol,28
26509311,Explorer,21810,electric,25/4/2022 14:14:43,2567,Barton Springs/Bouldin @ Palmer Auditorium,2497,11th/Congress @ The Texas Capitol,10
26537260,3-Day Weekender,22563,electric,28/4/2022 18:58:47,2567,Barton Springs/Bouldin @ Palmer Auditorium,2497,11th/Congress @ The Texas Capitol,29
27316113,Local365,21725,electric,28/7/2022 7:55:34,2567,Barton Springs/Bouldin @ Palmer Auditorium,2497,11th/Congress @ The Texas Capitol,9
27318324,Explorer,21543,electric,28/7/2022 12:27:11,2567,Barton Springs/Bouldin @ Palmer Auditorium,2497,11th/Congress @ The Texas Capitol,53
27318326,Explorer,21659,electric,28/7/2022 12:27:17,2567,Barton Springs/Bouldin @ Palmer Auditorium,2497,11th/Congress @ The Texas Capitol,53
27615402,Explorer,21419,electric,27/8/2022 18:23:21,2567,Barton Springs/Bouldin @ Palmer Auditorium,2497,11th/Congress @ The Texas Capitol,37
27424510,Local365,21682,electric,9/8/2022 7:23:34,2567,Barton Springs/Bouldin @ Palmer Auditorium,2497,11th/Congress @ The Texas Capitol,14
27454488,3-Day Weekender,21803,electric,12/8/2022 16:35:57,2567,Barton Springs/Bouldin @ Palmer Auditorium,2497,11th/Congress @ The Texas Capitol,19
27403402,Pay-as-you-ride,1984,classic,6/8/2022 15:32:46,2567,Barton Springs/Bouldin @ Palmer Auditorium,2497,11th/Congress @ The Texas Capitol,16
27400802,Pay-as-you-ride,21508,electric,6/8/2022 11:51:18,2567,Barton Springs/Bouldin @ Palmer Auditorium,2497,11th/Congress @ The Texas Capitol,31
27454493,3-Day Weekender,19198,electric,12/8/2022 16:36:22,2567,Barton Springs/Bouldin @ Palmer Auditorium,2497,11th/Congress @ The Texas Capitol,18
27400813,Pay-as-you-ride,19303,electric,6/8/2022 11:52:18,2567,Barton Springs/Bouldin @ Palmer Auditorium,2497,11th/Congress @ The Texas Capitol,30
27615394,Explorer,19330,electric,27/8/2022 18:22:58,2567,Barton Springs/Bouldin @ Palmer Auditorium,2497,11th/Congress @ The Texas Capitol,38
27992805,Local365,21528,electric,27/9/2022 17:02:32,2567,Barton Springs/Bouldin @ Palmer Auditorium,2497,11th/Congress @ The Texas Capitol,23
27703128,Explorer,19869,electric,4/9/2022 12:05:03,2567,Barton Springs/Bouldin @ Palmer Auditorium,2497,11th/Congress @ The Texas Capitol,189
28244569,Explorer,21810,electric,19/10/2022 17:55:05,2567,Barton Springs/Bouldin @ Palmer Auditorium,2497,11th/Congress @ The Texas Capitol,76
28362382,Explorer,19251,electric,31/10/2022 12:47:44,2567,Barton Springs/Bouldin @ Palmer Auditorium,2497,11th/Congress @ The Texas Capitol,48
28347652,Explorer,22563,electric,29/10/2022 19:24:28,2567,Barton Springs/Bouldin @ Palmer Auditorium,2497,11th/Congress @ The Texas Capitol,24
28071988,Local365,21767,electric,4/10/2022 9:46:10,2567,Barton Springs/Bouldin @ Palmer Auditorium,2497,11th/Congress @ The Texas Capitol,10
28347639,Explorer,21543,electric,29/10/2022 19:23:24,2567,Barton Springs/Bouldin @ Palmer Auditorium,2497,11th/Congress @ The Texas Capitol,26
28347650,Pay-as-you-ride,21828,electric,29/10/2022 19:24:26,2567,Barton Springs/Bouldin @ Palmer Auditorium,2497,11th/Congress @ The Texas Capitol,24
28362383,Explorer,18929,electric,31/10/2022 12:47:55,2567,Barton Springs/Bouldin @ Palmer Auditorium,2497,11th/Congress @ The Texas Capitol,48
28347644,Explorer,15063E,electric,29/10/2022 19:23:39,2567,Barton Springs/Bouldin @ Palmer Auditorium,2497,11th/Congress @ The Texas Capitol,25
28347647,Explorer,21733,electric,29/10/2022 19:24:03,2567,Barton Springs/Bouldin @ Palmer Auditorium,2497,11th/Congress @ The Texas Capitol,25
28539554,Explorer,21568,electric,27/11/2022 15:48:51,2567,Barton Springs/Bouldin @ Palmer Auditorium,,11th/Congress @ The Texas Capitol,53
28539556,Explorer,19258,electric,27/11/2022 15:49:16,2567,Barton Springs/Bouldin @ Palmer Auditorium,,11th/Congress @ The Texas Capitol,52
28589703,Local31,21477,electric,5/12/2022 17:37:26,2567,Barton Springs/Bouldin @ Palmer Auditorium,2497,11th/Congress @ The Texas Capitol,23
28618491,Explorer,18929,electric,10/12/2022 14:18:39,2567,Barton Springs/Bouldin @ Palmer Auditorium,2497,11th/Congress @ The Texas Capitol,34
28658453,Student Membership,21666,electric,21/12/2022 12:58:20,2567,Barton Springs/Bouldin @ Palmer Auditorium,2497,11th/Congress @ The Texas Capitol,15
28618487,Explorer,21806,electric,10/12/2022 14:18:21,2567,Barton Springs/Bouldin @ Palmer Auditorium,2497,11th/Congress @ The Texas Capitol,34
28618490,Explorer,16831,electric,10/12/2022 14:18:31,2567,Barton Springs/Bouldin @ Palmer Auditorium,2497,11th/Congress @ The Texas Capitol,34
28618486,Explorer,21821,electric,10/12/2022 14:18:11,2567,Barton Springs/Bouldin @ Palmer Auditorium,2497,11th/Congress @ The Texas Capitol,35
23756385,Explorer,19085,electric,31/3/2021 15:42:54,2567,Barton Springs/Bouldin @ Palmer Auditorium,2497,11th/Congress @ The Texas Capitol,20
23756380,Explorer,18592,electric,31/3/2021 15:42:37,2567,Barton Springs/Bouldin @ Palmer Auditorium,2497,11th/Congress @ The Texas Capitol,21
23662957,24 Hour Walk Up Pass,21697,electric,18/3/2021 16:34:54,2567,Barton Springs/Bouldin @ Palmer Auditorium,2497,11th/Congress @ The Texas Capitol,114
23801982,Local365,19660,electric,5/4/2021 16:36:47,2567,Barton Springs/Bouldin @ Palmer Auditorium,2497,11th/Congress @ The Texas Capitol,18
23801983,Local365,21699,electric,5/4/2021 16:36:50,2567,Barton Springs/Bouldin @ Palmer Auditorium,2497,11th/Congress @ The Texas Capitol,18
23905743,24 Hour Walk Up Pass,160,classic,19/4/2021 12:54:57,2567,Barton Springs/Bouldin @ Palmer Auditorium,2497,11th/Congress @ The Texas Capitol,47
24028391,Explorer,19171,electric,6/5/2021 15:23:50,2567,Barton Springs/Bouldin @ Palmer Auditorium,2497,11th/Congress @ The Texas Capitol,26
24028385,Explorer,21725,electric,6/5/2021 15:22:24,2567,Barton Springs/Bouldin @ Palmer Auditorium,2497,11th/Congress @ The Texas Capitol,27
24603595,Pay-as-you-ride,18132,electric,17/7/2021 19:57:02,2567,Barton Springs/Bouldin @ Palmer Auditorium,2497,11th/Congress @ The Texas Capitol,20
24603599,Pay-as-you-ride,19427,electric,17/7/2021 19:57:20,2567,Barton Springs/Bouldin @ Palmer Auditorium,2497,11th/Congress @ The Texas Capitol,20
24933350,Local31,18532,electric,25/8/2021 17:39:41,2567,Barton Springs/Bouldin @ Palmer Auditorium,2497,11th/Congress @ The Texas Capitol,29
24950361,Explorer,21561,electric,27/8/2021 14:40:18,2567,Barton Springs/Bouldin @ Palmer Auditorium,2497,11th/Congress @ The Texas Capitol,40
24812983,Single Trip (Pay-as-you-ride),21895,electric,12/8/2021 13:00:58,2567,Barton Springs/Bouldin @ Palmer Auditorium,2497,11th/Congress @ The Texas Capitol,19
24812993,Single Trip (Pay-as-you-ride),19205,electric,12/8/2021 13:01:47,2567,Barton Springs/Bouldin @ Palmer Auditorium,2497,11th/Congress @ The Texas Capitol,18
25149123,Local31,21859,electric,16/9/2021 14:08:43,2567,Barton Springs/Bouldin @ Palmer Auditorium,2497,11th/Congress @ The Texas Capitol,45
25038675,Pay-as-you-ride,21806,electric,5/9/2021 13:39:14,2567,Barton Springs/Bouldin @ Palmer Auditorium,2497,11th/Congress @ The Texas Capitol,23
25038643,Pay-as-you-ride,21755,electric,5/9/2021 13:37:51,2567,Barton Springs/Bouldin @ Palmer Auditorium,2497,11th/Congress @ The Texas Capitol,25
25391122,Local31,19355,electric,11/10/2021 21:16:38,2567,Barton Springs/Bouldin @ Palmer Auditorium,2497,11th/Congress @ The Texas Capitol,49
25529925,24 Hour Walk Up Pass,034G,classic,27/10/2021 14:38:58,2567,Barton Springs/Bouldin @ Palmer Auditorium,2497,11th/Congress @ The Texas Capitol,35
25545483,24 Hour Walk Up Pass,17635,electric,29/10/2021 16:31:02,2567,Barton Springs/Bouldin @ Palmer Auditorium,2497,11th/Congress @ The Texas Capitol,49
25551273,Explorer,17635,electric,30/10/2021 16:57:06,2567,Barton Springs/Bouldin @ Palmer Auditorium,2497,11th/Congress @ The Texas Capitol,16
25529935,24 Hour Walk Up Pass,349,classic,27/10/2021 14:40:10,2567,Barton Springs/Bouldin @ Palmer Auditorium,2497,11th/Congress @ The Texas Capitol,32
25752029,Pay-as-you-ride,18726,electric,3/12/2021 11:50:37,2567,Barton Springs/Bouldin @ Palmer Auditorium,2497,11th/Congress @ The Texas Capitol,22
25753108,Explorer,19821,electric,3/12/2021 14:10:03,2567,Barton Springs/Bouldin @ Palmer Auditorium,2497,11th/Congress @ The Texas Capitol,14
25794218,3-Day Weekender,16935,electric,11/12/2021 11:34:13,2567,Barton Springs/Bouldin @ Palmer Auditorium,2497,11th/Congress @ The Texas Capitol,36
25857821,24 Hour Walk Up Pass,21803,electric,28/12/2021 15:31:32,2567,Barton Springs/Bouldin @ Palmer Auditorium,2497,11th/Congress @ The Texas Capitol,35
25762112,Local365,19247,electric,4/12/2021 18:08:31,2567,Barton Springs/Bouldin @ Palmer Auditorium,2497,11th/Congress @ The Texas Capitol,22
25798817,Local365,21496,electric,12/12/2021 12:41:56,2567,Barton Springs/Bouldin @ Palmer Auditorium,2497,11th/Congress @ The Texas Capitol,32
25794214,3-Day Weekender,19250,electric,11/12/2021 11:33:38,2567,Barton Springs/Bouldin @ Palmer Auditorium,2497,11th/Congress @ The Texas Capitol,37
25762120,Student Membership,19461,electric,4/12/2021 18:08:56,2567,Barton Springs/Bouldin @ Palmer Auditorium,2497,11th/Congress @ The Texas Capitol,22
25857829,24 Hour Walk Up Pass,19789,electric,28/12/2021 15:32:20,2567,Barton Springs/Bouldin @ Palmer Auditorium,2497,11th/Congress @ The Texas Capitol,34
25794216,3-Day Weekender,19677,electric,11/12/2021 11:33:52,2567,Barton Springs/Bouldin @ Palmer Auditorium,2497,11th/Congress @ The Texas Capitol,37
26073423,3-Day Weekender,19160,electric,26/2/2022 11:32:16,2567,Barton Springs/Bouldin @ Palmer Auditorium,2497,11th/Congress @ The Texas Capitol,30
26073426,3-Day Weekender,21752,electric,26/2/2022 11:32:52,2567,Barton Springs/Bouldin @ Palmer Auditorium,2497,11th/Congress @ The Texas Capitol,30
26073430,3-Day Weekender,19679,electric,26/2/2022 11:33:37,2567,Barton Springs/Bouldin @ Palmer Auditorium,2497,11th/Congress @ The Texas Capitol,29
26073431,3-Day Weekender,19583,electric,26/2/2022 11:33:52,2567,Barton Springs/Bouldin @ Palmer Auditorium,2497,11th/Congress @ The Texas Capitol,29
26827835,3-Day Weekender,21698,electric,3/6/2022 18:34:41,2567,Barton Springs/Bouldin @ Palmer Auditorium,2497,11th/Congress @ The Texas Capitol,20
26827834,3-Day Weekender,21561,electric,3/6/2022 18:34:38,2567,Barton Springs/Bouldin @ Palmer Auditorium,2497,11th/Congress @ The Texas Capitol,20
26718450,Explorer,21744,electric,20/5/2022 12:12:26,2567,Barton Springs/Bouldin @ Palmer Auditorium,2497,11th/Congress @ The Texas Capitol,84
26794993,Local365,21774,electric,30/5/2022 14:13:06,2711,Barton Springs/Kinney,2497,11th/Congress @ The Texas Capitol,19
27078387,24 Hour Walk Up Pass,400,classic,2/7/2022 14:28:33,2711,Barton Springs/Kinney,2497,11th/Congress @ The Texas Capitol,41
27385100,Single Trip (Pay-as-you-ride),21725,electric,4/8/2022 18:13:55,2711,Barton Springs/Kinney,2497,11th/Congress @ The Texas Capitol,105
27385077,Single Trip (Pay-as-you-ride),21704,electric,4/8/2022 18:11:32,2711,Barton Springs/Kinney,2497,11th/Congress @ The Texas Capitol,107
27385097,Single Trip (Pay-as-you-ride),19132,electric,4/8/2022 18:13:32,2711,Barton Springs/Kinney,2497,11th/Congress @ The Texas Capitol,105
27956349,Local31,21699,electric,24/9/2022 15:24:39,2711,Barton Springs/Kinney,2497,11th/Congress @ The Texas Capitol,29
27953226,Explorer,16276,electric,24/9/2022 11:47:48,2711,Barton Springs/Kinney,2497,11th/Congress @ The Texas Capitol,29
27956465,24 Hour Walk Up Pass,21772,electric,24/9/2022 15:33:18,2711,Barton Springs/Kinney,2497,11th/Congress @ The Texas Capitol,20
28375881,Local365,22174,electric,1/11/2022 17:38:44,2711,Barton Springs/Kinney,,11th/Congress @ The Texas Capitol,24
28612203,3-Day Weekender,21650,electric,9/12/2022 12:32:47,2711,Barton Springs/Kinney,2497,11th/Congress @ The Texas Capitol,26
23462121,Explorer,19100,electric,28/1/2021 18:44:28,2711,Barton Springs/Kinney,2497,11th/Congress @ The Texas Capitol,26
23472773,Explorer,873,classic,31/1/2021 13:39:30,2711,Barton Springs/Kinney,2497,11th/Congress @ The Texas Capitol,28
23472774,Explorer,670,classic,31/1/2021 13:39:34,2711,Barton Springs/Kinney,2497,11th/Congress @ The Texas Capitol,28
23761334,Explorer,19865,electric,1/4/2021 9:38:53,2711,Barton Springs/Kinney,2497,11th/Congress @ The Texas Capitol,96
24371068,Pay-as-you-ride,17374,electric,19/6/2021 16:02:03,2711,Barton Springs/Kinney,2497,11th/Congress @ The Texas Capitol,22
24655573,Explorer,19704,electric,23/7/2021 22:22:05,2711,Barton Springs/Kinney,2497,11th/Congress @ The Texas Capitol,20
24472885,Single Trip (Pay-as-you-ride),666,classic,2/7/2021 19:00:58,2711,Barton Springs/Kinney,2497,11th/Congress @ The Texas Capitol,33
25170759,Explorer,18556,electric,18/9/2021 14:14:52,2711,Barton Springs/Kinney,2497,11th/Congress @ The Texas Capitol,24
25170747,Explorer,21703,electric,18/9/2021 14:14:15,2711,Barton Springs/Kinney,2497,11th/Congress @ The Texas Capitol,24
25104838,3-Day Weekender,21688,electric,11/9/2021 21:26:52,2711,Barton Springs/Kinney,2497,11th/Congress @ The Texas Capitol,32
25481707,Explorer,21702,electric,21/10/2021 14:30:40,2711,Barton Springs/Kinney,2497,11th/Congress @ The Texas Capitol,21
25553652,Local365,19432,electric,30/10/2021 22:12:07,2711,Barton Springs/Kinney,2497,11th/Congress @ The Texas Capitol,16
25542571,24 Hour Walk Up Pass,21789,electric,29/10/2021 11:27:48,2711,Barton Springs/Kinney,2497,11th/Congress @ The Texas Capitol,457
25508814,Explorer,21568,electric,24/10/2021 14:48:18,2711,Barton Springs/Kinney,2497,11th/Congress @ The Texas Capitol,33
25481703,Explorer,22461,electric,21/10/2021 14:30:19,2711,Barton Springs/Kinney,2497,11th/Congress @ The Texas Capitol,21
25374129,Pay-as-you-ride,640,classic,10/10/2021 8:54:32,2711,Barton Springs/Kinney,2497,11th/Congress @ The Texas Capitol,45
25374132,Pay-as-you-ride,746,classic,10/10/2021 8:54:49,2711,Barton Springs/Kinney,2497,11th/Congress @ The Texas Capitol,45
25481705,Explorer,18971,electric,21/10/2021 14:30:22,2711,Barton Springs/Kinney,2497,11th/Congress @ The Texas Capitol,17
25553647,Local365,19734,electric,30/10/2021 22:11:18,2711,Barton Springs/Kinney,2497,11th/Congress @ The Texas Capitol,17
25647240,3-Day Weekender,255G,classic,13/11/2021 16:41:56,2711,Barton Springs/Kinney,2497,11th/Congress @ The Texas Capitol,26
25647239,3-Day Weekender,214,classic,13/11/2021 16:41:53,2711,Barton Springs/Kinney,2497,11th/Congress @ The Texas Capitol,25
25790190,3-Day Weekender,19583,electric,10/12/2021 13:02:12,2711,Barton Springs/Kinney,2497,11th/Congress @ The Texas Capitol,25
25790193,3-Day Weekender,21568,electric,10/12/2021 13:02:17,2711,Barton Springs/Kinney,2497,11th/Congress @ The Texas Capitol,25
21536728,Explorer,227G,classic,2/2/2020 13:43:50,2711,Barton Springs/Kinney,2497,11th/Congress @ The Texas Capitol,25
21536722,Explorer,95,classic,2/2/2020 13:43:18,2711,Barton Springs/Kinney,2497,11th/Congress @ The Texas Capitol,25
27040539,Explorer,21790,electric,28/6/2022 12:44:43,2711,Barton Springs/Kinney,2497,11th/Congress @ The Texas Capitol,27
27040544,Explorer,19163,electric,28/6/2022 12:45:19,2711,Barton Springs/Kinney,2497,11th/Congress @ The Texas Capitol,26
27040546,Explorer,21725,electric,28/6/2022 12:45:35,2711,Barton Springs/Kinney,2497,11th/Congress @ The Texas Capitol,26
27040542,Explorer,19645,electric,28/6/2022 12:45:03,2711,Barton Springs/Kinney,2497,11th/Congress @ The Texas Capitol,26
27613913,Explorer,21499,electric,27/8/2022 16:43:13,7253,Barton Springs/Riverside,2497,11th/Congress @ The Texas Capitol,15
28052591,Local31,21467,electric,2/10/2022 15:04:41,7253,Barton Springs/Riverside,2497,11th/Congress @ The Texas Capitol,55
28345448,Local365,19955,electric,29/10/2022 16:29:44,7253,Barton Springs/Riverside,2497,11th/Congress @ The Texas Capitol,8
26800710,Local31,226,classic,31/5/2022 8:20:48,3687,Boardwalk West,2497,11th/Congress @ The Texas Capitol,13
26436821,Explorer,23251,electric,18/4/2022 15:05:37,3687,Boardwalk West,2497,11th/Congress @ The Texas Capitol,23
26436855,Explorer,21752,electric,18/4/2022 15:08:21,3687,Boardwalk West,2497,11th/Congress @ The Texas Capitol,20
26460017,3-Day Weekender,287G,classic,21/4/2022 11:48:26,3687,Boardwalk West,2497,11th/Congress @ The Texas Capitol,35
26332234,Student Membership,21499,electric,5/4/2022 23:46:59,3687,Boardwalk West,2497,11th/Congress @ The Texas Capitol,50
26460011,3-Day Weekender,124,classic,21/4/2022 11:47:51,3687,Boardwalk West,2497,11th/Congress @ The Texas Capitol,35
26498302,Pay-as-you-ride,1612,classic,24/4/2022 13:17:40,3687,Boardwalk West,2497,11th/Congress @ The Texas Capitol,26
27283387,Explorer,23318,electric,24/7/2022 13:09:13,3687,Boardwalk West,2497,11th/Congress @ The Texas Capitol,54
27120933,Local31,18696,electric,7/7/2022 11:49:16,3687,Boardwalk West,2497,11th/Congress @ The Texas Capitol,14
28200661,Pay-as-you-ride,712,classic,15/10/2022 11:00:42,3687,Boardwalk West,2497,11th/Congress @ The Texas Capitol,67
28468520,3-Day Weekender,21447,electric,12/11/2022 12:35:27,3687,Boardwalk West,,11th/Congress @ The Texas Capitol,59
28534727,Student Membership,18181,electric,26/11/2022 16:09:33,3687,Boardwalk West,,11th/Congress @ The Texas Capitol,30
23441956,Explorer,19935,electric,22/1/2021 16:34:39,3687,Boardwalk West,2497,11th/Congress @ The Texas Capitol,29
23441959,Explorer,034G,classic,22/1/2021 16:35:26,3687,Boardwalk West,2497,11th/Congress @ The Texas Capitol,28
23575464,24 Hour Walk Up Pass,19692,electric,3/3/2021 17:14:23,3687,Boardwalk West,2497,11th/Congress @ The Texas Capitol,34
24511482,Local31,21472,electric,6/7/2021 18:58:11,3687,Boardwalk West,2497,11th/Congress @ The Texas Capitol,10
25424418,Explorer,21467,electric,15/10/2021 11:18:01,3687,Boardwalk West,2497,11th/Congress @ The Texas Capitol,44
25424414,Explorer,21516,electric,15/10/2021 11:17:33,3687,Boardwalk West,2497,11th/Congress @ The Texas Capitol,45
25295898,Local365,21481,electric,2/10/2021 8:43:31,3687,Boardwalk West,2497,11th/Congress @ The Texas Capitol,14
25424416,Explorer,21658,electric,15/10/2021 11:17:49,3687,Boardwalk West,2497,11th/Congress @ The Texas Capitol,45
25592540,Pay-as-you-ride,2077,classic,6/11/2021 12:07:18,3687,Boardwalk West,2497,11th/Congress @ The Texas Capitol,104
25620017,Local365,21868,electric,9/11/2021 16:34:11,3687,Boardwalk West,2497,11th/Congress @ The Texas Capitol,31
25592545,Pay-as-you-ride,122,classic,6/11/2021 12:07:39,3687,Boardwalk West,2497,11th/Congress @ The Texas Capitol,104
25785073,Local31,21652,electric,9/12/2021 13:05:33,3687,Boardwalk West,2497,11th/Congress @ The Texas Capitol,11
25753203,3-Day Weekender,16288,electric,3/12/2021 14:18:43,3687,Boardwalk West,2497,11th/Congress @ The Texas Capitol,19
25753180,3-Day Weekender,21697,electric,3/12/2021 14:17:13,3687,Boardwalk West,2497,11th/Congress @ The Texas Capitol,21
25868780,24 Hour Walk Up Pass,21541,electric,31/12/2021 12:14:08,3687,Boardwalk West,2497,11th/Congress @ The Texas Capitol,95
26887123,24 Hour Walk Up Pass,19688,electric,11/6/2022 11:05:35,3687,Boardwalk West,2497,11th/Congress @ The Texas Capitol,160
26735824,Local31,300G,classic,22/5/2022 16:50:57,3684,Cesar Chavez/Congress,2497,11th/Congress @ The Texas Capitol,13
26765435,3-Day Weekender,19355,electric,27/5/2022 12:07:37,3684,Cesar Chavez/Congress,2497,11th/Congress @ The Texas Capitol,10
27131560,3-Day Weekender,561,classic,8/7/2022 15:26:29,3684,Cesar Chavez/Congress,2497,11th/Congress @ The Texas Capitol,12
27124501,Local31,21714,electric,7/7/2022 18:02:22,3684,Cesar Chavez/Congress,2497,11th/Congress @ The Texas Capitol,39
27097407,Explorer,18592,electric,4/7/2022 14:32:01,3684,Cesar Chavez/Congress,2497,11th/Congress @ The Texas Capitol,58
27095963,Local31,19552,electric,4/7/2022 12:14:20,3684,Cesar Chavez/Congress,2497,11th/Congress @ The Texas Capitol,48
27097419,Explorer,19453,electric,4/7/2022 14:34:10,3684,Cesar Chavez/Congress,2497,11th/Congress @ The Texas Capitol,56
27392013,Explorer,095G,classic,5/8/2022 13:48:25,3684,Cesar Chavez/Congress,2497,11th/Congress @ The Texas Capitol,14
28025245,3-Day Weekender,19677,electric,30/9/2022 13:36:30,3684,Cesar Chavez/Congress,2497,11th/Congress @ The Texas Capitol,42
28025689,3-Day Weekender,1899,classic,30/9/2022 14:05:56,3684,Cesar Chavez/Congress,2497,11th/Congress @ The Texas Capitol,16
27984228,3-Day Weekender,19280,electric,26/9/2022 20:38:25,3684,Cesar Chavez/Congress,2497,11th/Congress @ The Texas Capitol,11
28025690,3-Day Weekender,951,classic,30/9/2022 14:05:59,3684,Cesar Chavez/Congress,2497,11th/Congress @ The Texas Capitol,15
27825501,3-Day Weekender,21427,electric,14/9/2022 12:36:32,3684,Cesar Chavez/Congress,2497,11th/Congress @ The Texas Capitol,13
28085777,Student Membership,21884,electric,5/10/2022 12:48:26,3684,Cesar Chavez/Congress,2497,11th/Congress @ The Texas Capitol,9
28076759,Pay-as-you-ride,18564,electric,4/10/2022 15:46:15,3684,Cesar Chavez/Congress,2497,11th/Congress @ The Texas Capitol,22
28049219,Explorer,17751,electric,2/10/2022 11:10:55,3684,Cesar Chavez/Congress,2497,11th/Congress @ The Texas Capitol,11
28049242,Explorer,21585,electric,2/10/2022 11:12:21,3684,Cesar Chavez/Congress,2497,11th/Congress @ The Texas Capitol,9
28491734,Explorer,21576,electric,16/11/2022 9:54:13,3684,Cesar Chavez/Congress,,11th/Congress @ The Texas Capitol,93
28567804,3-Day Weekender,21749,electric,2/12/2022 11:52:39,3684,Cesar Chavez/Congress,2497,11th/Congress @ The Texas Capitol,17
23386345,24 Hour Walk Up Pass,968,classic,5/1/2021 10:27:48,3684,Cesar Chavez/Congress,2497,11th/Congress @ The Texas Capitol,49
23645298,Local365,21586,electric,15/3/2021 20:21:54,3684,Cesar Chavez/Congress,2497,11th/Congress @ The Texas Capitol,38
23643966,Explorer,19552,electric,15/3/2021 16:57:46,3684,Cesar Chavez/Congress,2497,11th/Congress @ The Texas Capitol,45
23822609,Explorer,975,classic,8/4/2021 11:28:01,3684,Cesar Chavez/Congress,2497,11th/Congress @ The Texas Capitol,20
23822638,Pay-as-you-ride,920,classic,8/4/2021 11:32:20,3684,Cesar Chavez/Congress,2497,11th/Congress @ The Texas Capitol,16
23857828,Explorer,21876,electric,12/4/2021 13:24:14,3684,Cesar Chavez/Congress,2497,11th/Congress @ The Texas Capitol,38
24089551,3-Day Weekender,21428,electric,14/5/2021 22:33:51,3684,Cesar Chavez/Congress,2497,11th/Congress @ The Texas Capitol,22
24106353,Local365,21699,electric,16/5/2021 21:07:31,3684,Cesar Chavez/Congress,2497,11th/Congress @ The Texas Capitol,11
24007046,Pay-as-you-ride,17019,electric,3/5/2021 10:46:56,3684,Cesar Chavez/Congress,2497,11th/Congress @ The Texas Capitol,13
24089554,3-Day Weekender,19250,electric,14/5/2021 22:34:12,3684,Cesar Chavez/Congress,2497,11th/Congress @ The Texas Capitol,21
24007044,Pay-as-you-ride,21799,electric,3/5/2021 10:46:42,3684,Cesar Chavez/Congress,2497,11th/Congress @ The Texas Capitol,12
24383349,24 Hour Walk Up Pass,668,classic,20/6/2021 22:17:14,3684,Cesar Chavez/Congress,2497,11th/Congress @ The Texas Capitol,34
24328730,3-Day Weekender,21426,electric,14/6/2021 11:22:30,3684,Cesar Chavez/Congress,2497,11th/Congress @ The Texas Capitol,7
24383342,24 Hour Walk Up Pass,153,classic,20/6/2021 22:16:02,3684,Cesar Chavez/Congress,2497,11th/Congress @ The Texas Capitol,35
24478740,3-Day Weekender,19107,electric,3/7/2021 12:13:00,3684,Cesar Chavez/Congress,2497,11th/Congress @ The Texas Capitol,38
24478751,3-Day Weekender,21816,electric,3/7/2021 12:13:26,3684,Cesar Chavez/Congress,2497,11th/Congress @ The Texas Capitol,38
24921670,Single Trip (Pay-as-you-ride),21561,electric,24/8/2021 14:36:42,3684,Cesar Chavez/Congress,2497,11th/Congress @ The Texas Capitol,15
24845501,3-Day Weekender,21499,electric,16/8/2021 11:05:40,3684,Cesar Chavez/Congress,2497,11th/Congress @ The Texas Capitol,9
24785338,Explorer,21704,electric,8/8/2021 15:52:54,3684,Cesar Chavez/Congress,2497,11th/Congress @ The Texas Capitol,11
24785346,Explorer,21486,electric,8/8/2021 15:53:25,3684,Cesar Chavez/Congress,2497,11th/Congress @ The Texas Capitol,10
24785323,Explorer,15063E,electric,8/8/2021 15:52:06,3684,Cesar Chavez/Congress,2497,11th/Congress @ The Texas Capitol,11
24845503,3-Day Weekender,19437,electric,16/8/2021 11:05:49,3684,Cesar Chavez/Congress,2497,11th/Congress @ The Texas Capitol,9
24785345,24 Hour Walk Up Pass,19619,electric,8/8/2021 15:53:25,3684,Cesar Chavez/Congress,2497,11th/Congress @ The Texas Capitol,10
25086832,Explorer,19529,electric,10/9/2021 12:29:31,3684,Cesar Chavez/Congress,2497,11th/Congress @ The Texas Capitol,24
25130372,Single Trip (Pay-as-you-ride),19403,electric,14/9/2021 15:40:38,3684,Cesar Chavez/Congress,2497,11th/Congress @ The Texas Capitol,26
25086830,Explorer,21481,electric,10/9/2021 12:29:17,3684,Cesar Chavez/Congress,2497,11th/Congress @ The Texas Capitol,23
25518613,Explorer,19745,electric,25/10/2021 20:08:04,3684,Cesar Chavez/Congress,2497,11th/Congress @ The Texas Capitol,11
25386467,24 Hour Walk Up Pass,19148,electric,11/10/2021 13:11:57,3684,Cesar Chavez/Congress,2497,11th/Congress @ The Texas Capitol,29
25506896,Single Trip (Pay-as-you-ride),16330,electric,24/10/2021 13:22:15,3684,Cesar Chavez/Congress,2497,11th/Congress @ The Texas Capitol,20
25386452,24 Hour Walk Up Pass,22511,electric,11/10/2021 13:10:23,3684,Cesar Chavez/Congress,2497,11th/Congress @ The Texas Capitol,30
25693726,24 Hour Walk Up Pass,21524,electric,21/11/2021 12:33:54,3684,Cesar Chavez/Congress,2497,11th/Congress @ The Texas Capitol,13
25693715,24 Hour Walk Up Pass,21767,electric,21/11/2021 12:33:04,3684,Cesar Chavez/Congress,2497,11th/Congress @ The Texas Capitol,12
25780220,3-Day Weekender,057G,classic,8/12/2021 13:28:28,3684,Cesar Chavez/Congress,2497,11th/Congress @ The Texas Capitol,40
25853512,24 Hour Walk Up Pass,749,classic,27/12/2021 15:00:43,3684,Cesar Chavez/Congress,2497,11th/Congress @ The Texas Capitol,32
25780216,3-Day Weekender,435,classic,8/12/2021 13:28:06,3684,Cesar Chavez/Congress,2497,11th/Congress @ The Texas Capitol,40
25853440,Single Trip (Pay-as-you-ride),102,classic,27/12/2021 14:51:36,3684,Cesar Chavez/Congress,2497,11th/Congress @ The Texas Capitol,41
21449384,Single Trip (Pay-as-you-ride),1704,classic,7/1/2020 10:31:41,3684,Cesar Chavez/Congress,2497,11th/Congress @ The Texas Capitol,58
21449386,Single Trip (Pay-as-you-ride),106G,classic,7/1/2020 10:32:21,3684,Cesar Chavez/Congress,2497,11th/Congress @ The Texas Capitol,57
21718796,Local365,16831,electric,23/3/2020 12:29:36,3684,Cesar Chavez/Congress,2497,11th/Congress @ The Texas Capitol,5
25961492,Explorer,21440,electric,30/1/2022 10:33:13,3684,Cesar Chavez/Congress,2497,11th/Congress @ The Texas Capitol,9
26840817,Explorer,21714,electric,5/6/2022 10:54:59,3684,Cesar Chavez/Congress,2497,11th/Congress @ The Texas Capitol,17
26857379,3-Day Weekender,21481,electric,7/6/2022 14:19:27,3684,Cesar Chavez/Congress,2497,11th/Congress @ The Texas Capitol,8
26840827,Explorer,18684,electric,5/6/2022 10:55:53,3684,Cesar Chavez/Congress,2497,11th/Congress @ The Texas Capitol,16
26735770,Local31,19163,electric,22/5/2022 16:47:26,3684,Cesar Chavez/Congress,2497,11th/Congress @ The Texas Capitol,16
26765437,3-Day Weekender,21718,electric,27/5/2022 12:07:55,3684,Cesar Chavez/Congress,2497,11th/Congress @ The Texas Capitol,10
26797402,Explorer,263G,classic,30/5/2022 17:33:35,3684,Cesar Chavez/Congress,2497,11th/Congress @ The Texas Capitol,23
26655759,Student Membership,16855,electric,12/5/2022 21:48:34,3684,Cesar Chavez/Congress,2497,11th/Congress @ The Texas Capitol,10
26716201,Pay-as-you-ride,19078,electric,19/5/2022 22:39:58,2498,Dean Keeton/Speedway,2497,11th/Congress @ The Texas Capitol,62
26093380,3-Day Weekender,19935,electric,2/3/2022 11:57:30,2498,Dean Keeton/Speedway,2497,11th/Congress @ The Texas Capitol,29
26454300,Local365,21733,electric,20/4/2022 16:04:20,2498,Dean Keeton/Speedway,2497,11th/Congress @ The Texas Capitol,50
27344704,Pay-as-you-ride,21586,electric,31/7/2022 0:25:08,2498,Dean Keeton/Speedway,2497,11th/Congress @ The Texas Capitol,38
27304207,U.T. Student Membership,19367,electric,26/7/2022 18:25:35,2498,Dean Keeton/Speedway,2497,11th/Congress @ The Texas Capitol,10
27107862,U.T. Student Membership,21426,electric,5/7/2022 17:16:57,2498,Dean Keeton/Speedway,2497,11th/Congress @ The Texas Capitol,9
27452732,24 Hour Walk Up Pass,680,classic,12/8/2022 13:22:45,2498,Dean Keeton/Speedway,2497,11th/Congress @ The Texas Capitol,51
27452735,24 Hour Walk Up Pass,2097,classic,12/8/2022 13:23:05,2498,Dean Keeton/Speedway,2497,11th/Congress @ The Texas Capitol,50
27452736,24 Hour Walk Up Pass,385,classic,12/8/2022 13:23:21,2498,Dean Keeton/Speedway,2497,11th/Congress @ The Texas Capitol,50
27829891,Student Membership,21628,electric,14/9/2022 17:02:11,2498,Dean Keeton/Speedway,2497,11th/Congress @ The Texas Capitol,12
27966158,Local31,1439,classic,25/9/2022 12:27:20,2498,Dean Keeton/Speedway,2497,11th/Congress @ The Texas Capitol,14
27966173,Local31,774,classic,25/9/2022 12:28:22,2498,Dean Keeton/Speedway,2497,11th/Congress @ The Texas Capitol,14
28036883,Explorer,21679,electric,1/10/2022 13:24:27,2498,Dean Keeton/Speedway,2497,11th/Congress @ The Texas Capitol,46
28119513,3-Day Weekender,3201,classic,8/10/2022 11:31:22,2498,Dean Keeton/Speedway,2497,11th/Congress @ The Texas Capitol,13
28044348,Pay-as-you-ride,64,classic,1/10/2022 19:24:43,2498,Dean Keeton/Speedway,2497,11th/Congress @ The Texas Capitol,22
28119512,3-Day Weekender,113,classic,8/10/2022 11:31:19,2498,Dean Keeton/Speedway,2497,11th/Congress @ The Texas Capitol,13
28407301,Student Membership,21528,electric,5/11/2022 12:03:57,2498,Dean Keeton/Speedway,,11th/Congress @ The Texas Capitol,12
28515162,Student Membership,23251,electric,21/11/2022 15:18:38,2498,Dean Keeton/Speedway,,11th/Congress @ The Texas Capitol,43
28564414,24 Hour Walk Up Pass,21666,electric,1/12/2022 17:36:05,2498,Dean Keeton/Speedway,2497,11th/Congress @ The Texas Capitol,33
28640235,Student Membership,349,classic,14/12/2022 19:11:05,2498,Dean Keeton/Speedway,2497,11th/Congress @ The Texas Capitol,12
23953739,24 Hour Walk Up Pass,19720,electric,26/4/2021 12:49:07,2498,Dean Keeton/Speedway,2497,11th/Congress @ The Texas Capitol,31
23914362,Local365,21682,electric,20/4/2021 20:44:45,2498,Dean Keeton/Speedway,2497,11th/Congress @ The Texas Capitol,60
23953748,24 Hour Walk Up Pass,19476,electric,26/4/2021 12:50:04,2498,Dean Keeton/Speedway,2497,11th/Congress @ The Texas Capitol,29
24279765,3-Day Weekender,21823,electric,8/6/2021 17:49:09,2498,Dean Keeton/Speedway,2497,11th/Congress @ The Texas Capitol,31
24279767,3-Day Weekender,19163,electric,8/6/2021 17:49:18,2498,Dean Keeton/Speedway,2497,11th/Congress @ The Texas Capitol,31
24565783,U.T. Student Membership,21558,electric,13/7/2021 12:14:52,2498,Dean Keeton/Speedway,2497,11th/Congress @ The Texas Capitol,11
25136243,Local31,21650,electric,15/9/2021 10:53:27,2498,Dean Keeton/Speedway,2497,11th/Congress @ The Texas Capitol,10
25189937,Local365,21650,electric,20/9/2021 12:01:00,2498,Dean Keeton/Speedway,2497,11th/Congress @ The Texas Capitol,10
25904043,24 Hour Walk Up Pass,21828,electric,13/1/2022 11:43:43,2498,Dean Keeton/Speedway,2497,11th/Congress @ The Texas Capitol,16
26044737,Student Membership,21680,electric,19/2/2022 11:20:59,2498,Dean Keeton/Speedway,2497,11th/Congress @ The Texas Capitol,11
25984631,Student Membership,133,classic,6/2/2022 14:26:39,2498,Dean Keeton/Speedway,2497,11th/Congress @ The Texas Capitol,21
26869759,U.T. Student Membership,18132,electric,9/6/2022 9:43:21,2498,Dean Keeton/Speedway,2497,11th/Congress @ The Texas Capitol,11
26815290,U.T. Student Membership,21447,electric,2/6/2022 9:49:29,2498,Dean Keeton/Speedway,2497,11th/Congress @ The Texas Capitol,96
26676151,Explorer,3201,classic,14/5/2022 22:52:29,2498,Dean Keeton/Speedway,2497,11th/Congress @ The Texas Capitol,21
26596575,Local31,18929,electric,6/5/2022 7:17:28,3795,Dean Keeton/Whitis,2497,11th/Congress @ The Texas Capitol,55
26778426,Student Membership,19367,electric,28/5/2022 19:06:58,3795,Dean Keeton/Whitis,2497,11th/Congress @ The Texas Capitol,11
26778428,Student Membership,17460,electric,28/5/2022 19:07:05,3795,Dean Keeton/Whitis,2497,11th/Congress @ The Texas Capitol,10
26778431,Student Membership,19734,electric,28/5/2022 19:07:23,3795,Dean Keeton/Whitis,2497,11th/Congress @ The Texas Capitol,10
26143671,Student Membership,21568,electric,11/3/2022 14:19:13,3795,Dean Keeton/Whitis,2497,11th/Congress @ The Texas Capitol,8
26259248,Student Membership,19040,electric,27/3/2022 16:32:56,3795,Dean Keeton/Whitis,2497,11th/Congress @ The Texas Capitol,17
26348102,Student Membership,21903,electric,8/4/2022 9:07:13,3795,Dean Keeton/Whitis,2497,11th/Congress @ The Texas Capitol,8
27154758,Student Membership,16935,electric,10/7/2022 16:33:23,3795,Dean Keeton/Whitis,2497,11th/Congress @ The Texas Capitol,25
27532892,Student Membership,23277,electric,20/8/2022 19:48:02,3795,Dean Keeton/Whitis,2497,11th/Congress @ The Texas Capitol,13
27635247,3-Day Weekender,19688,electric,29/8/2022 13:41:11,3795,Dean Keeton/Whitis,2497,11th/Congress @ The Texas Capitol,30
27532917,Student Membership,21859,electric,20/8/2022 19:51:15,3795,Dean Keeton/Whitis,2497,11th/Congress @ The Texas Capitol,11
27516563,Student Membership,21740,electric,19/8/2022 13:10:17,3795,Dean Keeton/Whitis,2497,11th/Congress @ The Texas Capitol,47
27532896,Student Membership,21647,electric,20/8/2022 19:48:57,3795,Dean Keeton/Whitis,2497,11th/Congress @ The Texas Capitol,14
27532913,Student Membership,21682,electric,20/8/2022 19:50:46,3795,Dean Keeton/Whitis,2497,11th/Congress @ The Texas Capitol,11
27635254,3-Day Weekender,19171,electric,29/8/2022 13:41:39,3795,Dean Keeton/Whitis,2497,11th/Congress @ The Texas Capitol,30
28195409,Student Membership,21553,electric,14/10/2022 18:34:22,3795,Dean Keeton/Whitis,2497,11th/Congress @ The Texas Capitol,15
28120616,Local31,21630,electric,8/10/2022 12:56:19,3795,Dean Keeton/Whitis,2497,11th/Congress @ The Texas Capitol,17
28103265,Student Membership,19148,electric,6/10/2022 19:03:41,3795,Dean Keeton/Whitis,2497,11th/Congress @ The Texas Capitol,17
28114629,Student Membership,513,classic,7/10/2022 19:08:00,3795,Dean Keeton/Whitis,2497,11th/Congress @ The Texas Capitol,33
28131795,Explorer,19328,electric,9/10/2022 12:31:23,3795,Dean Keeton/Whitis,2497,11th/Congress @ The Texas Capitol,39
28131789,Explorer,21773,electric,9/10/2022 12:30:38,3795,Dean Keeton/Whitis,2497,11th/Congress @ The Texas Capitol,40
28401086,Local31,2077,classic,4/11/2022 13:08:14,3795,Dean Keeton/Whitis,,11th/Congress @ The Texas Capitol,15
28651255,Student Membership,21773,electric,18/12/2022 13:59:31,3795,Dean Keeton/Whitis,2497,11th/Congress @ The Texas Capitol,26
28590376,Local31,21472,electric,5/12/2022 19:06:18,3795,Dean Keeton/Whitis,2497,11th/Congress @ The Texas Capitol,40
24095390,Student Membership,19198,electric,15/5/2021 16:02:35,3795,Dean Keeton/Whitis,2497,11th/Congress @ The Texas Capitol,23
24323519,3-Day Weekender,19163,electric,13/6/2021 16:30:25,3795,Dean Keeton/Whitis,2497,11th/Congress @ The Texas Capitol,23
24313672,Explorer,2143,classic,12/6/2021 16:04:43,3795,Dean Keeton/Whitis,2497,11th/Congress @ The Texas Capitol,96
24424220,Explorer,17374,electric,26/6/2021 12:44:48,3795,Dean Keeton/Whitis,2497,11th/Congress @ The Texas Capitol,17
24313666,Explorer,21647,electric,12/6/2021 16:04:09,3795,Dean Keeton/Whitis,2497,11th/Congress @ The Texas Capitol,96
24424218,Explorer,21558,electric,26/6/2021 12:44:36,3795,Dean Keeton/Whitis,2497,11th/Congress @ The Texas Capitol,17
24462851,Local365,19739,electric,1/7/2021 15:56:30,3795,Dean Keeton/Whitis,2497,11th/Congress @ The Texas Capitol,58
24787071,Local31,17370,electric,8/8/2021 18:42:41,3795,Dean Keeton/Whitis,2497,11th/Congress @ The Texas Capitol,31
25122870,Local31,21473,electric,13/9/2021 19:55:23,3795,Dean Keeton/Whitis,2497,11th/Congress @ The Texas Capitol,23
25263928,Student Membership,22563,electric,28/9/2021 13:21:12,3795,Dean Keeton/Whitis,2497,11th/Congress @ The Texas Capitol,11
25077046,Student Membership,21751,electric,9/9/2021 12:01:12,3795,Dean Keeton/Whitis,2497,11th/Congress @ The Texas Capitol,7
25214770,Student Membership,21639,electric,23/9/2021 12:40:14,3795,Dean Keeton/Whitis,2497,11th/Congress @ The Texas Capitol,10
25148410,Student Membership,19453,electric,16/9/2021 12:57:51,3795,Dean Keeton/Whitis,2497,11th/Congress @ The Texas Capitol,10
25198199,Student Membership,19287,electric,21/9/2021 12:49:49,3795,Dean Keeton/Whitis,2497,11th/Congress @ The Texas Capitol,9
25336014,Student Membership,16456,electric,6/10/2021 14:46:18,3795,Dean Keeton/Whitis,2497,11th/Congress @ The Texas Capitol,10
25394325,3-Day Weekender,16322,electric,12/10/2021 12:48:54,3795,Dean Keeton/Whitis,2497,11th/Congress @ The Texas Capitol,21
25424796,Student Membership,21495,electric,15/10/2021 11:57:51,3795,Dean Keeton/Whitis,2497,11th/Congress @ The Texas Capitol,14
25325990,Student Membership,21423,electric,5/10/2021 12:36:36,3795,Dean Keeton/Whitis,2497,11th/Congress @ The Texas Capitol,8
25648763,Student Membership,16333,electric,13/11/2021 20:20:01,3795,Dean Keeton/Whitis,2497,11th/Congress @ The Texas Capitol,19
25632424,Student Membership,19247,electric,11/11/2021 14:38:42,3795,Dean Keeton/Whitis,2497,11th/Congress @ The Texas Capitol,12
25604959,Explorer,21903,electric,7/11/2021 15:45:50,3795,Dean Keeton/Whitis,2497,11th/Congress @ The Texas Capitol,38
25648768,Student Membership,19789,electric,13/11/2021 20:20:19,3795,Dean Keeton/Whitis,2497,11th/Congress @ The Texas Capitol,19
25604978,Explorer,21735,electric,7/11/2021 15:47:03,3795,Dean Keeton/Whitis,2497,11th/Congress @ The Texas Capitol,37
25648759,Student Membership,19198,electric,13/11/2021 20:19:47,3795,Dean Keeton/Whitis,2497,11th/Congress @ The Texas Capitol,20
25648767,Student Membership,22581,electric,13/11/2021 20:20:16,3795,Dean Keeton/Whitis,2497,11th/Congress @ The Texas Capitol,20
25648769,Student Membership,16936,electric,13/11/2021 20:20:21,3795,Dean Keeton/Whitis,2497,11th/Congress @ The Texas Capitol,19
25742894,Student Membership,19271,electric,1/12/2021 18:12:37,3795,Dean Keeton/Whitis,2497,11th/Congress @ The Texas Capitol,14
25843741,Student Membership,19602,electric,25/12/2021 13:10:02,3795,Dean Keeton/Whitis,2497,11th/Congress @ The Texas Capitol,32
25817051,Explorer,19314,electric,16/12/2021 9:57:16,3795,Dean Keeton/Whitis,2497,11th/Congress @ The Texas Capitol,386
25845313,U.T. Student Membership,19432,electric,25/12/2021 16:26:53,3795,Dean Keeton/Whitis,2497,11th/Congress @ The Texas Capitol,21
25809703,Student Membership,22458,electric,14/12/2021 15:50:19,3795,Dean Keeton/Whitis,2497,11th/Congress @ The Texas Capitol,11
21726427,Local365,19461,electric,25/3/2020 20:53:07,3795,Dean Keeton/Whitis,2497,11th/Congress @ The Texas Capitol,14
21749161,3-Day Weekender,19537,electric,1/4/2020 9:43:32,3795,Dean Keeton/Whitis,2497,11th/Congress @ The Texas Capitol,10
21749163,3-Day Weekender,19071,electric,1/4/2020 9:44:04,3795,Dean Keeton/Whitis,2497,11th/Congress @ The Texas Capitol,9
26046300,Explorer,21695,electric,19/2/2022 14:08:16,3795,Dean Keeton/Whitis,2497,11th/Congress @ The Texas Capitol,21
25979098,Student Membership,21707,electric,4/2/2022 22:27:38,3795,Dean Keeton/Whitis,2497,11th/Congress @ The Texas Capitol,625
26031323,U.T. Student Membership,17370,electric,16/2/2022 9:34:51,3795,Dean Keeton/Whitis,2497,11th/Congress @ The Texas Capitol,11
26912272,Local31,21704,electric,14/6/2022 13:36:35,3795,Dean Keeton/Whitis,2497,11th/Congress @ The Texas Capitol,51
26778424,Student Membership,21496,electric,28/5/2022 19:06:50,3795,Dean Keeton/Whitis,2497,11th/Congress @ The Texas Capitol,11
26576100,Local31,18684,electric,3/5/2022 11:13:59,2569,East 11th/San Marcos,2497,11th/Congress @ The Texas Capitol,9
26607249,Local365,21528,electric,7/5/2022 12:30:17,2569,East 11th/San Marcos,2497,11th/Congress @ The Texas Capitol,7
26702159,Local365,19235,electric,18/5/2022 7:03:00,2569,East 11th/San Marcos,2497,11th/Congress @ The Texas Capitol,5
26745596,Local365,22521,electric,24/5/2022 7:01:59,2569,East 11th/San Marcos,2497,11th/Congress @ The Texas Capitol,28
26589535,Local365,17019,electric,5/5/2022 7:08:20,2569,East 11th/San Marcos,2497,11th/Congress @ The Texas Capitol,5
26574876,Local365,21508,electric,3/5/2022 7:03:48,2569,East 11th/San Marcos,2497,11th/Congress @ The Texas Capitol,6
26629469,Local365,16395,electric,10/5/2022 7:10:24,2569,East 11th/San Marcos,2497,11th/Congress @ The Texas Capitol,45
26723248,Local365,19479,electric,21/5/2022 7:03:34,2569,East 11th/San Marcos,2497,11th/Congress @ The Texas Capitol,4
26709279,Local365,18913,electric,19/5/2022 7:22:49,2569,East 11th/San Marcos,2497,11th/Congress @ The Texas Capitol,4
26716773,Local365,21707,electric,20/5/2022 7:08:48,2569,East 11th/San Marcos,2497,11th/Congress @ The Texas Capitol,4
26177950,Local365,18909,electric,16/3/2022 17:58:37,2569,East 11th/San Marcos,2497,11th/Congress @ The Texas Capitol,15
26132194,Local365,21485,electric,9/3/2022 7:36:21,2569,East 11th/San Marcos,2497,11th/Congress @ The Texas Capitol,4
26157219,Local365,21440,electric,14/3/2022 7:57:32,2569,East 11th/San Marcos,2497,11th/Congress @ The Texas Capitol,3
26276225,Local365,19488,electric,30/3/2022 8:00:18,2569,East 11th/San Marcos,2497,11th/Congress @ The Texas Capitol,21
26247408,Explorer,1984,classic,26/3/2022 10:19:56,2569,East 11th/San Marcos,2497,11th/Congress @ The Texas Capitol,43
26093886,Local31,5089,classic,2/3/2022 12:57:44,2569,East 11th/San Marcos,2497,11th/Congress @ The Texas Capitol,12
26467768,Local365,19679,electric,22/4/2022 7:09:30,2569,East 11th/San Marcos,2497,11th/Congress @ The Texas Capitol,24
26539850,Local365,21477,electric,29/4/2022 7:03:22,2569,East 11th/San Marcos,2497,11th/Congress @ The Texas Capitol,4
26547338,Local31,21702,electric,29/4/2022 20:33:03,2569,East 11th/San Marcos,2497,11th/Congress @ The Texas Capitol,50
26513120,Local365,19326,electric,26/4/2022 7:08:02,2569,East 11th/San Marcos,2497,11th/Congress @ The Texas Capitol,31
26318435,Explorer,21455,electric,4/4/2022 10:01:04,2569,East 11th/San Marcos,2497,11th/Congress @ The Texas Capitol,21
26332587,Local365,19679,electric,6/4/2022 7:52:42,2569,East 11th/San Marcos,2497,11th/Congress @ The Texas Capitol,5
26458203,Local365,16845,electric,21/4/2022 7:06:11,2569,East 11th/San Marcos,2497,11th/Congress @ The Texas Capitol,4
26449687,Local365,19265,electric,20/4/2022 7:06:31,2569,East 11th/San Marcos,2497,11th/Congress @ The Texas Capitol,4
26325588,Local365,18923,electric,5/4/2022 7:57:28,2569,East 11th/San Marcos,2497,11th/Congress @ The Texas Capitol,5
26391785,Local365,19706,electric,13/4/2022 8:05:34,2569,East 11th/San Marcos,2497,11th/Congress @ The Texas Capitol,6
26521483,Local365,19602,electric,27/4/2022 7:12:46,2569,East 11th/San Marcos,2497,11th/Congress @ The Texas Capitol,6
26530262,Local365,21799,electric,28/4/2022 7:03:43,2569,East 11th/San Marcos,2497,11th/Congress @ The Texas Capitol,5
26398803,Local365,21806,electric,14/4/2022 8:05:55,2569,East 11th/San Marcos,2497,11th/Congress @ The Texas Capitol,16
26441176,Local365,21477,electric,19/4/2022 7:04:20,2569,East 11th/San Marcos,2497,11th/Congress @ The Texas Capitol,6
27244919,3-Day Weekender,21790,electric,20/7/2022 12:14:19,2569,East 11th/San Marcos,2497,11th/Congress @ The Texas Capitol,5
27103625,Local365,22155,electric,5/7/2022 9:03:53,2569,East 11th/San Marcos,2497,11th/Congress @ The Texas Capitol,8
27064443,Local365,19608,electric,1/7/2022 7:07:16,2569,East 11th/San Marcos,2497,11th/Congress @ The Texas Capitol,3
27516203,3-Day Weekender,877,classic,19/8/2022 12:39:42,2569,East 11th/San Marcos,2497,11th/Congress @ The Texas Capitol,9
27483794,Local365,21423,electric,16/8/2022 6:57:57,2569,East 11th/San Marcos,2497,11th/Congress @ The Texas Capitol,5
27641967,Local365,18556,electric,30/8/2022 7:10:39,2569,East 11th/San Marcos,2497,11th/Congress @ The Texas Capitol,60
27965213,3-Day Weekender,2459,classic,25/9/2022 11:12:57,2569,East 11th/San Marcos,2497,11th/Congress @ The Texas Capitol,17
27965201,3-Day Weekender,12727,classic,25/9/2022 11:12:07,2569,East 11th/San Marcos,2497,11th/Congress @ The Texas Capitol,17
27965220,3-Day Weekender,21751,electric,25/9/2022 11:13:21,2569,East 11th/San Marcos,2497,11th/Congress @ The Texas Capitol,15
28121157,Pay-as-you-ride,18556,electric,8/10/2022 13:35:48,2569,East 11th/San Marcos,2497,11th/Congress @ The Texas Capitol,24
28087850,Explorer,3405,classic,5/10/2022 15:02:50,2569,East 11th/San Marcos,2497,11th/Congress @ The Texas Capitol,27
28112286,Explorer,19185,electric,7/10/2022 15:53:24,2569,East 11th/San Marcos,2497,11th/Congress @ The Texas Capitol,9
28285836,3-Day Weekender,21725,electric,23/10/2022 13:45:31,2569,East 11th/San Marcos,2497,11th/Congress @ The Texas Capitol,7
28117621,Local365,21561,electric,8/10/2022 7:12:15,2569,East 11th/San Marcos,2497,11th/Congress @ The Texas Capitol,40
28121153,Pay-as-you-ride,19367,electric,8/10/2022 13:35:37,2569,East 11th/San Marcos,2497,11th/Congress @ The Texas Capitol,24
28087868,Explorer,349,classic,5/10/2022 15:03:47,2569,East 11th/San Marcos,2497,11th/Congress @ The Texas Capitol,26
28094234,Local365,19688,electric,6/10/2022 7:16:15,2569,East 11th/San Marcos,2497,11th/Congress @ The Texas Capitol,4
28356134,Pay-as-you-ride,21480,electric,30/10/2022 17:24:50,2569,East 11th/San Marcos,2497,11th/Congress @ The Texas Capitol,50
28173386,Local365,18673,electric,12/10/2022 18:02:18,2569,East 11th/San Marcos,2497,11th/Congress @ The Texas Capitol,5
28523114,Explorer,16946,electric,23/11/2022 13:45:19,2569,East 11th/San Marcos,,11th/Congress @ The Texas Capitol,8
28523119,Explorer,21725,electric,23/11/2022 13:45:49,2569,East 11th/San Marcos,,11th/Congress @ The Texas Capitol,8
28641076,Local365,19085,electric,15/12/2022 7:14:28,2569,East 11th/San Marcos,2497,11th/Congress @ The Texas Capitol,79
28644780,Local365,19326,electric,16/12/2022 7:16:15,2569,East 11th/San Marcos,2497,11th/Congress @ The Texas Capitol,4
28657647,Local365,18923,electric,21/12/2022 7:07:44,2569,East 11th/San Marcos,2497,11th/Congress @ The Texas Capitol,12
28657623,Local31,21810,electric,21/12/2022 6:25:58,2569,East 11th/San Marcos,2497,11th/Congress @ The Texas Capitol,31
28660134,Local365,19688,electric,22/12/2022 7:31:41,2569,East 11th/San Marcos,2497,11th/Congress @ The Texas Capitol,5
28667121,Local365,21476,electric,27/12/2022 7:10:48,2569,East 11th/San Marcos,2497,11th/Congress @ The Texas Capitol,4
28593106,Explorer,440,classic,6/12/2022 11:27:40,2569,East 11th/San Marcos,2497,11th/Congress @ The Texas Capitol,12
28636875,Local365,19745,electric,14/12/2022 7:15:09,2569,East 11th/San Marcos,2497,11th/Congress @ The Texas Capitol,45
23492162,Pay-as-you-ride,21508,electric,6/2/2021 11:41:31,2569,East 11th/San Marcos,2497,11th/Congress @ The Texas Capitol,84
23409695,Local31,18929,electric,13/1/2021 15:42:36,2569,East 11th/San Marcos,2497,11th/Congress @ The Texas Capitol,4
23393314,Local31,16279,electric,7/1/2021 16:23:21,2569,East 11th/San Marcos,2497,11th/Congress @ The Texas Capitol,6
23724313,Pay-as-you-ride,19704,electric,27/3/2021 11:50:38,2569,East 11th/San Marcos,2497,11th/Congress @ The Texas Capitol,8
23724303,Pay-as-you-ride,18939,electric,27/3/2021 11:49:58,2569,East 11th/San Marcos,2497,11th/Congress @ The Texas Capitol,9
23807783,3-Day Weekender,19221,electric,6/4/2021 12:36:52,2569,East 11th/San Marcos,2497,11th/Congress @ The Texas Capitol,24
24041424,24 Hour Walk Up Pass,16279,electric,8/5/2021 11:24:42,2569,East 11th/San Marcos,2497,11th/Congress @ The Texas Capitol,14
24075753,Explorer,19682,electric,13/5/2021 11:44:47,2569,East 11th/San Marcos,2497,11th/Congress @ The Texas Capitol,76
24075752,Local31,386,classic,13/5/2021 11:44:43,2569,East 11th/San Marcos,2497,11th/Congress @ The Texas Capitol,71
24569224,Single Trip (Pay-as-you-ride),218G,classic,13/7/2021 19:27:02,2569,East 11th/San Marcos,2497,11th/Congress @ The Texas Capitol,8
24569241,Single Trip (Pay-as-you-ride),3201,classic,13/7/2021 19:28:25,2569,East 11th/San Marcos,2497,11th/Congress @ The Texas Capitol,7
25044310,Local365,18995,electric,5/9/2021 19:26:50,2569,East 11th/San Marcos,2497,11th/Congress @ The Texas Capitol,804
24996710,Student Membership,878,classic,1/9/2021 10:20:21,2569,East 11th/San Marcos,2497,11th/Congress @ The Texas Capitol,8
25037825,Local365,21816,electric,5/9/2021 12:46:29,2569,East 11th/San Marcos,2497,11th/Congress @ The Texas Capitol,22
25291248,Single Trip (Pay-as-you-ride),309G,classic,1/10/2021 17:07:53,2569,East 11th/San Marcos,2497,11th/Congress @ The Texas Capitol,10
25291260,Single Trip (Pay-as-you-ride),240,classic,1/10/2021 17:09:00,2569,East 11th/San Marcos,2497,11th/Congress @ The Texas Capitol,8
25676287,Pay-as-you-ride,1524,classic,18/11/2021 12:22:41,2569,East 11th/San Marcos,2497,11th/Congress @ The Texas Capitol,10
25676303,Pay-as-you-ride,21575,electric,18/11/2021 12:24:19,2569,East 11th/San Marcos,2497,11th/Congress @ The Texas Capitol,8
25615582,Local365,18329,electric,9/11/2021 7:22:26,2569,East 11th/San Marcos,2497,11th/Congress @ The Texas Capitol,4
25856608,Explorer,21546,electric,28/12/2021 12:48:00,2569,East 11th/San Marcos,2497,11th/Congress @ The Texas Capitol,11
25856607,Explorer,19211,electric,28/12/2021 12:47:50,2569,East 11th/San Marcos,2497,11th/Congress @ The Texas Capitol,11
25828520,3-Day Weekender,21749,electric,20/12/2021 12:58:09,2569,East 11th/San Marcos,2497,11th/Congress @ The Texas Capitol,10
25828514,3-Day Weekender,21886,electric,20/12/2021 12:57:08,2569,East 11th/San Marcos,2497,11th/Congress @ The Texas Capitol,11
21567759,24 Hour Walk Up Pass,46,classic,13/2/2020 8:22:59,2569,East 11th/San Marcos,2497,11th/Congress @ The Texas Capitol,17
21567753,24 Hour Walk Up Pass,2195,classic,13/2/2020 8:20:52,2569,East 11th/San Marcos,2497,11th/Congress @ The Texas Capitol,29
21567755,24 Hour Walk Up Pass,5089,classic,13/2/2020 8:21:42,2569,East 11th/San Marcos,2497,11th/Congress @ The Texas Capitol,30
21567763,24 Hour Walk Up Pass,866,classic,13/2/2020 8:24:26,2569,East 11th/San Marcos,2497,11th/Congress @ The Texas Capitol,26
21679987,Explorer,19104,electric,11/3/2020 14:10:25,2569,East 11th/San Marcos,2497,11th/Congress @ The Texas Capitol,8
21679993,Explorer,19243,electric,11/3/2020 14:10:46,2569,East 11th/San Marcos,2497,11th/Congress @ The Texas Capitol,8
21680001,Explorer,19326,electric,11/3/2020 14:11:27,2569,East 11th/San Marcos,2497,11th/Congress @ The Texas Capitol,7
26002752,Local365,19602,electric,10/2/2022 7:27:08,2569,East 11th/San Marcos,2497,11th/Congress @ The Texas Capitol,3
26888067,Explorer,202G,classic,11/6/2022 12:30:07,2569,East 11th/San Marcos,2497,11th/Congress @ The Texas Capitol,11
26862110,Local365,18939,electric,8/6/2022 7:10:29,2569,East 11th/San Marcos,2497,11th/Congress @ The Texas Capitol,4
26822170,Local365,22155,electric,3/6/2022 7:09:11,2569,East 11th/San Marcos,2497,11th/Congress @ The Texas Capitol,3
26888055,Explorer,009G,classic,11/6/2022 12:29:34,2569,East 11th/San Marcos,2497,11th/Congress @ The Texas Capitol,12
26927172,Local365,19376,electric,16/6/2022 7:41:32,2569,East 11th/San Marcos,2497,11th/Congress @ The Texas Capitol,4
27038012,Local365,21457,electric,28/6/2022 7:21:43,2569,East 11th/San Marcos,2497,11th/Congress @ The Texas Capitol,5
26751577,Local365,19619,electric,25/5/2022 6:56:06,2569,East 11th/San Marcos,2497,11th/Congress @ The Texas Capitol,4
26763751,Local365,19160,electric,27/5/2022 7:07:12,2569,East 11th/San Marcos,2497,11th/Congress @ The Texas Capitol,3
26648433,Local31,21426,electric,12/5/2022 9:35:37,2569,East 11th/San Marcos,2497,11th/Congress @ The Texas Capitol,19
26682702,Student Membership,376,classic,15/5/2022 16:50:08,2568,East 11th/Victory Grill,2497,11th/Congress @ The Texas Capitol,9
26227602,Local365,21472,electric,23/3/2022 7:29:00,2568,East 11th/Victory Grill,2497,11th/Congress @ The Texas Capitol,5
26144857,3-Day Weekender,1423,classic,11/3/2022 18:11:00,2568,East 11th/Victory Grill,2497,11th/Congress @ The Texas Capitol,7
26230373,Explorer,22521,electric,23/3/2022 15:23:15,2568,East 11th/Victory Grill,2497,11th/Congress @ The Texas Capitol,8
26271111,3-Day Weekender,22581,electric,29/3/2022 11:49:30,2568,East 11th/Victory Grill,2497,11th/Congress @ The Texas Capitol,8
26230375,Explorer,19476,electric,23/3/2022 15:23:30,2568,East 11th/Victory Grill,2497,11th/Congress @ The Texas Capitol,8
26349520,Explorer,21729,electric,8/4/2022 12:11:34,2568,East 11th/Victory Grill,2497,11th/Congress @ The Texas Capitol,17
26349560,Pay-as-you-ride,21457,electric,8/4/2022 12:14:31,2568,East 11th/Victory Grill,2497,11th/Congress @ The Texas Capitol,14
26433234,Local365,21733,electric,18/4/2022 7:32:36,2568,East 11th/Victory Grill,2497,11th/Congress @ The Texas Capitol,4
26531711,Local31,21551,electric,28/4/2022 11:02:07,2568,East 11th/Victory Grill,2497,11th/Congress @ The Texas Capitol,5
26318398,Explorer,19619,electric,4/4/2022 9:57:43,2568,East 11th/Victory Grill,2497,11th/Congress @ The Texas Capitol,30
26458993,Pay-as-you-ride,19314,electric,21/4/2022 9:57:59,2568,East 11th/Victory Grill,2497,11th/Congress @ The Texas Capitol,8
26318397,Explorer,21541,electric,4/4/2022 9:57:40,2568,East 11th/Victory Grill,2497,11th/Congress @ The Texas Capitol,28
27705537,Student Membership,21752,electric,4/9/2022 14:42:06,2568,East 11th/Victory Grill,2497,11th/Congress @ The Texas Capitol,7
27851378,3-Day Weekender,21413,electric,16/9/2022 11:24:02,2568,East 11th/Victory Grill,2497,11th/Congress @ The Texas Capitol,7
27692234,3-Day Weekender,21712,electric,3/9/2022 12:13:37,2568,East 11th/Victory Grill,2497,11th/Congress @ The Texas Capitol,7
27692237,3-Day Weekender,22573,electric,3/9/2022 12:13:50,2568,East 11th/Victory Grill,2497,11th/Congress @ The Texas Capitol,7
27851363,3-Day Weekender,19679,electric,16/9/2022 11:23:22,2568,East 11th/Victory Grill,2497,11th/Congress @ The Texas Capitol,8
28356164,Pay-as-you-ride,18331,electric,30/10/2022 17:27:01,2568,East 11th/Victory Grill,2497,11th/Congress @ The Texas Capitol,47
28121151,Explorer,19403,electric,8/10/2022 13:35:33,2568,East 11th/Victory Grill,2497,11th/Congress @ The Texas Capitol,15
28087915,3-Day Weekender,1527,classic,5/10/2022 15:06:35,2568,East 11th/Victory Grill,2497,11th/Congress @ The Texas Capitol,11
28121147,Explorer,540,classic,8/10/2022 13:35:21,2568,East 11th/Victory Grill,2497,11th/Congress @ The Texas Capitol,15
28087919,3-Day Weekender,2355,classic,5/10/2022 15:06:44,2568,East 11th/Victory Grill,2497,11th/Congress @ The Texas Capitol,11
24252804,Explorer,19755,electric,5/6/2021 15:08:22,2568,East 11th/Victory Grill,2497,11th/Congress @ The Texas Capitol,5
24252792,Explorer,19775,electric,5/6/2021 15:07:35,2568,East 11th/Victory Grill,2497,11th/Congress @ The Texas Capitol,7
24441616,3-Day Weekender,21828,electric,28/6/2021 13:58:46,2568,East 11th/Victory Grill,2497,11th/Congress @ The Texas Capitol,16
24700338,Single Trip (Pay-as-you-ride),800,classic,29/7/2021 13:46:16,2568,East 11th/Victory Grill,2497,11th/Congress @ The Texas Capitol,8
25073645,Local365,19403,electric,8/9/2021 21:19:44,2568,East 11th/Victory Grill,2497,11th/Congress @ The Texas Capitol,12
25352961,24 Hour Walk Up Pass,18929,electric,8/10/2021 15:27:19,2568,East 11th/Victory Grill,2497,11th/Congress @ The Texas Capitol,7
25535050,Local365,21415,electric,28/10/2021 8:10:01,2568,East 11th/Victory Grill,2497,11th/Congress @ The Texas Capitol,9
25600802,Pay-as-you-ride,19821,electric,7/11/2021 10:11:49,2568,East 11th/Victory Grill,2497,11th/Congress @ The Texas Capitol,42
25600792,Pay-as-you-ride,262,classic,7/11/2021 10:10:19,2568,East 11th/Victory Grill,2497,11th/Congress @ The Texas Capitol,43
25770331,Local365,18132,electric,6/12/2021 7:19:34,2568,East 11th/Victory Grill,2497,11th/Congress @ The Texas Capitol,5
25825524,Pay-as-you-ride,19583,electric,19/12/2021 10:55:12,2568,East 11th/Victory Grill,2497,11th/Congress @ The Texas Capitol,17
25825532,Pay-as-you-ride,19163,electric,19/12/2021 10:55:50,2568,East 11th/Victory Grill,2497,11th/Congress @ The Texas Capitol,17
25825526,Pay-as-you-ride,19199,electric,19/12/2021 10:55:13,2568,East 11th/Victory Grill,2497,11th/Congress @ The Texas Capitol,17
25825534,Pay-as-you-ride,19849,electric,19/12/2021 10:55:56,2568,East 11th/Victory Grill,2497,11th/Congress @ The Texas Capitol,17
26010302,Student Membership,21798,electric,11/2/2022 15:04:57,2568,East 11th/Victory Grill,2497,11th/Congress @ The Texas Capitol,16
26888092,Explorer,1378,classic,11/6/2022 12:32:21,2568,East 11th/Victory Grill,2497,11th/Congress @ The Texas Capitol,9
26100847,Local31,17347,electric,3/3/2022 14:37:59,3293,East 2nd/Pedernales,2497,11th/Congress @ The Texas Capitol,33
26100848,Local31,21423,electric,3/3/2022 14:38:00,3293,East 2nd/Pedernales,2497,11th/Congress @ The Texas Capitol,32
26348355,3-Day Weekender,19720,electric,8/4/2022 9:49:12,3293,East 2nd/Pedernales,2497,11th/Congress @ The Texas Capitol,35
26484396,3-Day Weekender,21666,electric,23/4/2022 15:12:26,3293,East 2nd/Pedernales,2497,11th/Congress @ The Texas Capitol,20
26337660,Local31,21508,electric,6/4/2022 18:02:50,3293,East 2nd/Pedernales,2497,11th/Congress @ The Texas Capitol,31
26395914,Explorer,22599,electric,13/4/2022 16:31:27,3293,East 2nd/Pedernales,2497,11th/Congress @ The Texas Capitol,17
26484409,3-Day Weekender,19869,electric,23/4/2022 15:12:52,3293,East 2nd/Pedernales,2497,11th/Congress @ The Texas Capitol,20
26395910,Explorer,21749,electric,13/4/2022 16:31:05,3293,East 2nd/Pedernales,2497,11th/Congress @ The Texas Capitol,17
26348350,3-Day Weekender,21707,electric,8/4/2022 9:48:13,3293,East 2nd/Pedernales,2497,11th/Congress @ The Texas Capitol,37
27946771,3-Day Weekender,2034,classic,23/9/2022 18:12:28,3293,East 2nd/Pedernales,2497,11th/Congress @ The Texas Capitol,28
27946773,3-Day Weekender,1386,classic,23/9/2022 18:12:40,3293,East 2nd/Pedernales,2497,11th/Congress @ The Texas Capitol,28
28182887,Pay-as-you-ride,19330,electric,13/10/2022 16:51:16,3293,East 2nd/Pedernales,2497,11th/Congress @ The Texas Capitol,13
28182890,Pay-as-you-ride,19110,electric,13/10/2022 16:51:23,3293,East 2nd/Pedernales,2497,11th/Congress @ The Texas Capitol,14
28460383,3-Day Weekender,21739,electric,11/11/2022 9:00:28,3293,East 2nd/Pedernales,,11th/Congress @ The Texas Capitol,24
28454354,Explorer,21516,electric,10/11/2022 13:30:39,3293,East 2nd/Pedernales,,11th/Congress @ The Texas Capitol,31
28454393,Explorer,21464,electric,10/11/2022 13:34:01,3293,East 2nd/Pedernales,,11th/Congress @ The Texas Capitol,27
28607255,3-Day Weekender,21728,electric,8/12/2022 14:24:30,3293,East 2nd/Pedernales,2497,11th/Congress @ The Texas Capitol,45
28607231,3-Day Weekender,19645,electric,8/12/2022 14:21:49,3293,East 2nd/Pedernales,2497,11th/Congress @ The Texas Capitol,48
23569803,Local31,348,classic,2/3/2021 14:54:11,3293,East 2nd/Pedernales,2497,11th/Congress @ The Texas Capitol,29
23934795,Explorer,21790,electric,24/4/2021 12:42:36,3293,East 2nd/Pedernales,2497,11th/Congress @ The Texas Capitol,54
23934809,Explorer,21473,electric,24/4/2021 12:43:38,3293,East 2nd/Pedernales,2497,11th/Congress @ The Texas Capitol,53
24670851,24 Hour Walk Up Pass,21661,electric,25/7/2021 14:48:09,3293,East 2nd/Pedernales,2497,11th/Congress @ The Texas Capitol,49
24670847,24 Hour Walk Up Pass,21473,electric,25/7/2021 14:47:31,3293,East 2nd/Pedernales,2497,11th/Congress @ The Texas Capitol,50
24670838,24 Hour Walk Up Pass,19678,electric,25/7/2021 14:46:44,3293,East 2nd/Pedernales,2497,11th/Congress @ The Texas Capitol,51
21633356,Explorer,867,classic,1/3/2020 15:32:59,3293,East 2nd/Pedernales,2497,11th/Congress @ The Texas Capitol,21
21633341,Explorer,19235,electric,1/3/2020 15:32:10,3293,East 2nd/Pedernales,2497,11th/Congress @ The Texas Capitol,21
26575904,Explorer,21568,electric,3/5/2022 10:52:18,3292,East 4th/Chicon,2497,11th/Congress @ The Texas Capitol,27
26575855,Local31,21691,electric,3/5/2022 10:46:15,3292,East 4th/Chicon,2497,11th/Congress @ The Texas Capitol,33
26575906,Explorer,21491,electric,3/5/2022 10:52:27,3292,East 4th/Chicon,2497,11th/Congress @ The Texas Capitol,27
26295056,Local365,18592,electric,1/4/2022 16:08:07,3292,East 4th/Chicon,2497,11th/Congress @ The Texas Capitol,96
26335095,3-Day Weekender,21695,electric,6/4/2022 13:36:45,3292,East 4th/Chicon,2497,11th/Congress @ The Texas Capitol,20
27104594,Pay-as-you-ride,110G,classic,5/7/2022 10:57:20,3292,East 4th/Chicon,2497,11th/Congress @ The Texas Capitol,19
27104556,Pay-as-you-ride,300G,classic,5/7/2022 10:53:58,3292,East 4th/Chicon,2497,11th/Congress @ The Texas Capitol,23
27090953,Local365,21659,electric,3/7/2022 19:36:14,3292,East 4th/Chicon,2497,11th/Congress @ The Texas Capitol,32
27865545,Pay-as-you-ride,19442,electric,17/9/2022 11:37:52,3292,East 4th/Chicon,2497,11th/Congress @ The Texas Capitol,40
27865542,Pay-as-you-ride,19207,electric,17/9/2022 11:37:41,3292,East 4th/Chicon,2497,11th/Congress @ The Texas Capitol,40
28060289,Local365,21535,electric,3/10/2022 10:02:07,3292,East 4th/Chicon,2497,11th/Congress @ The Texas Capitol,36
23497827,Explorer,226,classic,7/2/2021 13:31:36,3292,East 4th/Chicon,2497,11th/Congress @ The Texas Capitol,43
23482618,Local31,19606,electric,3/2/2021 10:16:45,3292,East 4th/Chicon,2497,11th/Congress @ The Texas Capitol,17
24875786,Local365,21718,electric,20/8/2021 10:01:51,3292,East 4th/Chicon,2497,11th/Congress @ The Texas Capitol,27
24844948,Local365,19720,electric,16/8/2021 9:44:28,3292,East 4th/Chicon,2497,11th/Congress @ The Texas Capitol,44
24987163,Pay-as-you-ride,21821,electric,31/8/2021 8:28:53,3292,East 4th/Chicon,2497,11th/Congress @ The Texas Capitol,12
25015094,Explorer,19583,electric,3/9/2021 10:58:29,3292,East 4th/Chicon,2497,11th/Congress @ The Texas Capitol,64
25307063,3-Day Weekender,21790,electric,3/10/2021 9:38:01,3292,East 4th/Chicon,2497,11th/Congress @ The Texas Capitol,26
25537518,Local31,21541,electric,28/10/2021 14:32:57,3292,East 4th/Chicon,2497,11th/Congress @ The Texas Capitol,16
25307059,3-Day Weekender,21876,electric,3/10/2021 9:37:43,3292,East 4th/Chicon,2497,11th/Congress @ The Texas Capitol,27
21550363,Single Trip (Pay-as-you-ride),342,classic,7/2/2020 15:09:12,3292,East 4th/Chicon,2497,11th/Congress @ The Texas Capitol,28
21716927,Single Trip (Pay-as-you-ride),282,classic,22/3/2020 15:39:37,3292,East 4th/Chicon,2497,11th/Congress @ The Texas Capitol,505
21716922,Single Trip (Pay-as-you-ride),815,classic,22/3/2020 15:38:56,3292,East 4th/Chicon,2497,11th/Congress @ The Texas Capitol,32
26956781,Explorer,21477,electric,19/6/2022 9:29:47,3292,East 4th/Chicon,2497,11th/Congress @ The Texas Capitol,121
26303716,Explorer,21689,electric,2/4/2022 16:18:03,2823,East 5th/Broadway @ Capital Metro HQ,2497,11th/Congress @ The Texas Capitol,18
27089139,Local365,23251,electric,3/7/2022 16:42:32,2823,East 5th/Broadway @ Capital Metro HQ,2497,11th/Congress @ The Texas Capitol,17
23682414,Local31,21662,electric,20/3/2021 23:36:19,2823,East 5th/Broadway @ Capital Metro HQ,2497,11th/Congress @ The Texas Capitol,13
23935533,Local31,18909,electric,24/4/2021 13:38:56,2823,East 5th/Broadway @ Capital Metro HQ,2497,11th/Congress @ The Texas Capitol,25
25791286,3-Day Weekender,422,classic,10/12/2021 15:39:45,2823,East 5th/Broadway @ Capital Metro HQ,2497,11th/Congress @ The Texas Capitol,33
21763563,Local365,16946,electric,5/4/2020 17:44:41,2823,East 5th/Broadway @ Capital Metro HQ,2497,11th/Congress @ The Texas Capitol,28
27182003,Local365,21747,electric,13/7/2022 16:51:41,4699,East 5th/Shady @ Eastside Bus Plaza,2497,11th/Congress @ The Texas Capitol,25
27704188,Student Membership,19194,electric,4/9/2022 13:19:04,4699,East 5th/Shady @ Eastside Bus Plaza,2497,11th/Congress @ The Texas Capitol,25
25822505,Local365,21490,electric,17/12/2021 18:34:39,4699,East 5th/Shady @ Eastside Bus Plaza,2497,11th/Congress @ The Texas Capitol,23
26044413,Local365,19235,electric,19/2/2022 10:32:14,4699,East 5th/Shady @ Eastside Bus Plaza,2497,11th/Congress @ The Texas Capitol,20
26593163,Pay-as-you-ride,225G,classic,5/5/2022 15:28:49,3660,East 6th/Medina,2497,11th/Congress @ The Texas Capitol,25
26791416,Explorer,19739,electric,30/5/2022 9:23:31,3660,East 6th/Medina,2497,11th/Congress @ The Texas Capitol,32
26745797,Local365,19748,electric,24/5/2022 8:16:26,3660,East 6th/Medina,2497,11th/Congress @ The Texas Capitol,7
26751771,Local365,21704,electric,25/5/2022 8:14:44,3660,East 6th/Medina,2497,11th/Congress @ The Texas Capitol,7
26637891,Local365,21903,electric,11/5/2022 8:53:18,3660,East 6th/Medina,2497,11th/Congress @ The Texas Capitol,7
26702445,Local365,21650,electric,18/5/2022 8:28:52,3660,East 6th/Medina,2497,11th/Congress @ The Texas Capitol,7
26717106,Local365,19185,electric,20/5/2022 8:37:19,3660,East 6th/Medina,2497,11th/Congress @ The Texas Capitol,6
26589973,Local365,21477,electric,5/5/2022 8:58:58,3660,East 6th/Medina,2497,11th/Congress @ The Texas Capitol,7
26647989,Local365,23277,electric,12/5/2022 8:24:50,3660,East 6th/Medina,2497,11th/Congress @ The Texas Capitol,5
26791418,Explorer,21666,electric,30/5/2022 9:23:40,3660,East 6th/Medina,2497,11th/Congress @ The Texas Capitol,32
26581826,Local365,19355,electric,4/5/2022 7:39:22,3660,East 6th/Medina,2497,11th/Congress @ The Texas Capitol,7
26694827,Local365,21576,electric,17/5/2022 8:25:34,3660,East 6th/Medina,2497,11th/Congress @ The Texas Capitol,7
26630061,Local365,21803,electric,10/5/2022 9:16:32,3660,East 6th/Medina,2497,11th/Congress @ The Texas Capitol,5
26575093,Local365,513,classic,3/5/2022 8:22:14,3660,East 6th/Medina,2497,11th/Congress @ The Texas Capitol,7
26593158,Pay-as-you-ride,871,classic,5/5/2022 15:28:26,3660,East 6th/Medina,2497,11th/Congress @ The Texas Capitol,25
26217798,Pay-as-you-ride,21647,electric,21/3/2022 11:12:36,3660,East 6th/Medina,2497,11th/Congress @ The Texas Capitol,14
26104625,Local365,19148,electric,4/3/2022 8:46:32,3660,East 6th/Medina,2497,11th/Congress @ The Texas Capitol,7
26137423,Local365,16845,electric,10/3/2022 8:42:52,3660,East 6th/Medina,2497,11th/Congress @ The Texas Capitol,9
26124407,Local365,19314,electric,7/3/2022 8:42:15,3660,East 6th/Medina,2497,11th/Congress @ The Texas Capitol,7
26217803,Pay-as-you-ride,19619,electric,21/3/2022 11:12:56,3660,East 6th/Medina,2497,11th/Congress @ The Texas Capitol,14
26098115,Local365,21688,electric,3/3/2022 7:31:51,3660,East 6th/Medina,2497,11th/Congress @ The Texas Capitol,9
26239861,Local365,21798,electric,25/3/2022 8:33:42,3660,East 6th/Medina,2497,11th/Congress @ The Texas Capitol,8
26222743,Local365,21487,electric,22/3/2022 8:27:18,3660,East 6th/Medina,2497,11th/Congress @ The Texas Capitol,8
26085949,Local365,21546,electric,1/3/2022 7:34:29,3660,East 6th/Medina,2497,11th/Congress @ The Texas Capitol,7
26091980,Local365,19110,electric,2/3/2022 7:38:49,3660,East 6th/Medina,2497,11th/Congress @ The Texas Capitol,8
26140115,Local365,19720,electric,10/3/2022 16:29:33,3660,East 6th/Medina,2497,11th/Congress @ The Texas Capitol,8
26164088,Local365,19682,electric,15/3/2022 8:22:48,3660,East 6th/Medina,2497,11th/Congress @ The Texas Capitol,9
26233311,Local365,22521,electric,24/3/2022 8:33:43,3660,East 6th/Medina,2497,11th/Congress @ The Texas Capitol,7
26217802,Pay-as-you-ride,21535,electric,21/3/2022 11:12:50,3660,East 6th/Medina,2497,11th/Congress @ The Texas Capitol,14
26172051,Local365,21829,electric,16/3/2022 7:58:14,3660,East 6th/Medina,2497,11th/Congress @ The Texas Capitol,7
26217799,Pay-as-you-ride,21788,electric,21/3/2022 11:12:41,3660,East 6th/Medina,2497,11th/Congress @ The Texas Capitol,14
26441439,Local365,21430,electric,19/4/2022 8:25:05,3660,East 6th/Medina,2497,11th/Congress @ The Texas Capitol,5
26332505,Local365,21821,electric,6/4/2022 7:25:44,3660,East 6th/Medina,2497,11th/Congress @ The Texas Capitol,5
26521750,Local365,21806,electric,27/4/2022 8:31:44,3660,East 6th/Medina,2497,11th/Congress @ The Texas Capitol,7
26340219,Local365,18266,electric,7/4/2022 8:32:11,3660,East 6th/Medina,2497,11th/Congress @ The Texas Capitol,5
26506668,Local365,21679,electric,25/4/2022 8:26:20,3660,East 6th/Medina,2497,11th/Congress @ The Texas Capitol,6
26458438,Local365,21868,electric,21/4/2022 8:26:03,3660,East 6th/Medina,2497,11th/Congress @ The Texas Capitol,7
26540862,Local365,21652,electric,29/4/2022 10:24:32,3660,East 6th/Medina,2497,11th/Congress @ The Texas Capitol,7
26513308,Local365,21810,electric,26/4/2022 8:19:04,3660,East 6th/Medina,2497,11th/Congress @ The Texas Capitol,7
26384254,Local365,19529,electric,12/4/2022 8:21:41,3660,East 6th/Medina,2497,11th/Congress @ The Texas Capitol,6
26406793,Local365,23271,electric,15/4/2022 7:34:11,3660,East 6th/Medina,2497,11th/Congress @ The Texas Capitol,7
26468327,Local365,19935,electric,22/4/2022 9:33:43,3660,East 6th/Medina,2497,11th/Congress @ The Texas Capitol,7
26325665,Local365,18704,electric,5/4/2022 8:19:54,3660,East 6th/Medina,2497,11th/Congress @ The Texas Capitol,8
26398869,Local365,72,classic,14/4/2022 8:23:01,3660,East 6th/Medina,2497,11th/Congress @ The Texas Capitol,8
26530791,Local365,21543,electric,28/4/2022 9:07:18,3660,East 6th/Medina,2497,11th/Congress @ The Texas Capitol,7
27316301,Local365,19254,electric,28/7/2022 8:31:45,3660,East 6th/Medina,2497,11th/Congress @ The Texas Capitol,6
27307280,Local365,21723,electric,27/7/2022 7:55:32,3660,East 6th/Medina,2497,11th/Congress @ The Texas Capitol,7
27298659,Local365,21725,electric,26/7/2022 8:10:31,3660,East 6th/Medina,2497,11th/Congress @ The Texas Capitol,7
27289915,Local365,19480,electric,25/7/2022 8:10:55,3660,East 6th/Medina,2497,11th/Congress @ The Texas Capitol,7
27263581,Local365,19265,electric,22/7/2022 12:37:00,3660,East 6th/Medina,2497,11th/Congress @ The Texas Capitol,6
27252117,Local365,21703,electric,21/7/2022 8:28:37,3660,East 6th/Medina,2497,11th/Congress @ The Texas Capitol,7
27243072,Local365,21792,electric,20/7/2022 8:34:54,3660,East 6th/Medina,2497,11th/Congress @ The Texas Capitol,7
27176551,Local365,19734,electric,13/7/2022 9:10:40,3660,East 6th/Medina,2497,11th/Congress @ The Texas Capitol,7
27167260,Local365,21767,electric,12/7/2022 8:14:57,3660,East 6th/Medina,2497,11th/Congress @ The Texas Capitol,7
27158748,Local365,16946,electric,11/7/2022 8:26:16,3660,East 6th/Medina,2497,11th/Congress @ The Texas Capitol,7
27137661,Local365,21895,electric,9/7/2022 9:02:29,3660,East 6th/Medina,2497,11th/Congress @ The Texas Capitol,8
27128049,Local365,21810,electric,8/7/2022 8:28:26,3660,East 6th/Medina,2497,11th/Congress @ The Texas Capitol,7
27111087,Local365,19198,electric,6/7/2022 8:16:25,3660,East 6th/Medina,2497,11th/Congress @ The Texas Capitol,7
27100295,Pay-as-you-ride,22511,electric,4/7/2022 19:27:13,3660,East 6th/Medina,2497,11th/Congress @ The Texas Capitol,19
27492620,Local365,19418,electric,17/8/2022 8:27:04,3660,East 6th/Medina,2497,11th/Congress @ The Texas Capitol,8
27654223,Local365,22458,electric,31/8/2022 9:13:32,3660,East 6th/Medina,2497,11th/Congress @ The Texas Capitol,5
27370714,Local365,21712,electric,3/8/2022 7:22:01,3660,East 6th/Medina,2497,11th/Congress @ The Texas Capitol,6
27513834,Local365,17460,electric,19/8/2022 8:21:03,3660,East 6th/Medina,2497,11th/Congress @ The Texas Capitol,6
27547404,Local365,18947,electric,22/8/2022 7:31:29,3660,East 6th/Medina,2497,11th/Congress @ The Texas Capitol,8
27631620,Local365,16936,electric,29/8/2022 8:30:41,3660,East 6th/Medina,2497,11th/Congress @ The Texas Capitol,8
27424790,Local365,21535,electric,9/8/2022 8:20:27,3660,East 6th/Medina,2497,11th/Congress @ The Texas Capitol,7
27379506,Local365,21723,electric,4/8/2022 8:38:14,3660,East 6th/Medina,2497,11th/Congress @ The Texas Capitol,7
27476580,Local365,21735,electric,15/8/2022 8:32:07,3660,East 6th/Medina,2497,11th/Congress @ The Texas Capitol,7
27484120,Local365,19739,electric,16/8/2022 8:21:14,3660,East 6th/Medina,2497,11th/Congress @ The Texas Capitol,7
27642379,Local365,21821,electric,30/8/2022 8:24:31,3660,East 6th/Medina,2497,11th/Congress @ The Texas Capitol,7
27582359,Local365,18726,electric,25/8/2022 9:17:40,3660,East 6th/Medina,2497,11th/Congress @ The Texas Capitol,6
27502960,Local365,16277,electric,18/8/2022 8:19:25,3660,East 6th/Medina,2497,11th/Congress @ The Texas Capitol,8
27442273,Local365,19529,electric,11/8/2022 9:04:08,3660,East 6th/Medina,2497,11th/Congress @ The Texas Capitol,5
27450099,Local365,21749,electric,12/8/2022 8:16:35,3660,East 6th/Medina,2497,11th/Congress @ The Texas Capitol,7
27913406,Local365,16279,electric,21/9/2022 8:18:23,3660,East 6th/Medina,2497,11th/Congress @ The Texas Capitol,7
28026088,Local365,16277,electric,30/9/2022 14:26:40,3660,East 6th/Medina,2497,11th/Congress @ The Texas Capitol,7
27986101,Local365,21427,electric,27/9/2022 8:19:51,3660,East 6th/Medina,2497,11th/Congress @ The Texas Capitol,8
27851411,Local365,21568,electric,16/9/2022 11:26:38,3660,East 6th/Medina,2497,11th/Congress @ The Texas Capitol,12
27726849,Local365,21472,electric,6/9/2022 8:48:20,3660,East 6th/Medina,2497,11th/Congress @ The Texas Capitol,7
27901289,Local365,21413,electric,20/9/2022 8:10:35,3660,East 6th/Medina,2497,11th/Congress @ The Texas Capitol,9
27997453,Local365,16337,electric,28/9/2022 8:20:46,3660,East 6th/Medina,2497,11th/Congress @ The Texas Capitol,7
27738993,Local365,18101,electric,7/9/2022 8:06:02,3660,East 6th/Medina,2497,11th/Congress @ The Texas Capitol,6
27679099,Local365,409,classic,2/9/2022 11:03:08,3660,East 6th/Medina,2497,11th/Congress @ The Texas Capitol,6
27719637,Explorer,21810,electric,5/9/2022 15:13:16,3660,East 6th/Medina,2497,11th/Congress @ The Texas Capitol,9
27926618,Local365,19608,electric,22/9/2022 8:27:14,3660,East 6th/Medina,2497,11th/Congress @ The Texas Capitol,7
27931212,Student Membership,22431,electric,22/9/2022 14:17:44,3660,East 6th/Medina,2497,11th/Congress @ The Texas Capitol,14
27719639,Explorer,19432,electric,5/9/2022 15:13:20,3660,East 6th/Medina,2497,11th/Congress @ The Texas Capitol,9
27797804,Local365,19479,electric,12/9/2022 8:19:48,3660,East 6th/Medina,2497,11th/Congress @ The Texas Capitol,7
27889417,Local365,18101,electric,19/9/2022 8:32:38,3660,East 6th/Medina,2497,11th/Congress @ The Texas Capitol,7
27974655,Local365,19704,electric,26/9/2022 8:27:56,3660,East 6th/Medina,2497,11th/Congress @ The Texas Capitol,8
28094619,Local365,23271,electric,6/10/2022 8:24:25,3660,East 6th/Medina,2497,11th/Congress @ The Texas Capitol,6
28229382,Local365,19720,electric,18/10/2022 8:23:29,3660,East 6th/Medina,2497,11th/Congress @ The Texas Capitol,7